ply
format ascii 1.0
element vertex 8507
property float x
property float y
property float z
property uchar red
property uchar green
property uchar blue
end_header
-0.146131 0.0641237 0.994575 51 16 212
-0.00354922 0.0713002 0.971881 12 18 218
-0.186075 -0.0195135 1.01416 57 4 211
-0.0701494 0.103876 0.976907 33 29 214
-0.224934 0.0102346 1.03189 57 0 212
0.0493398 0.0949614 0.534408 2 43 215
-0.0955123 0.0292231 0.431108 71 12 207
-0.00866436 0.122787 0.974618 13 29 217
-0.224716 -0.0214435 0.96968 84 3 203
-0.205353 -0.0401833 1.06154 70 8 208
-0.183086 0.0561895 1.03684 58 13 211
-0.105939 0.126204 0.961861 41 32 213
-0.186542 0.115365 0.99334 58 28 209
-0.133807 -0.100429 1.00414 49 24 212
-0.000960323 0.0066778 0.99111 12 0 219
-0.0645306 0.161703 0.949446 30 40 214
-0.159611 0.166858 0.967517 49 38 210
-0.0463502 0.0203806 0.977918 27 5 218
-0.0846085 0.0284445 0.972875 37 7 216
-0.208224 0.0763127 0.650373 100 28 193
-0.21822 0.175568 0.676155 90 56 192
0.0573235 0.17597 1.02721 4 38 216
-0.148367 0.0441271 1.00573 50 10 213
-0.235133 0.177562 0.772538 84 49 197
-0.210607 0.0535815 1.0136 70 15 207
-0.150116 0.0458472 1.02064 43 9 215
-0.243311 0.128084 0.885938 80 33 201
-0.154995 -0.114017 1.00212 55 28 210
-0.210465 0.0593962 1.01306 64 14 209
-0.0199142 0.116394 0.965062 21 36 215
-0.0927471 -0.0109898 0.96646 36 2 216
-0.0851065 -0.0709515 0.990206 36 16 215
-0.187124 -0.115594 0.997178 62 28 208
-0.225163 0.0118808 1.06064 60 1 211
-0.0892409 0.0563616 0.954911 35 15 216
-0.182892 0.166857 0.970796 57 39 208
-0.00438405 0.0720891 0.981541 15 21 218
-0.150193 -0.0254499 1.02409 51 6 213
-0.250354 0.108985 0.906207 81 28 202
-0.24507 0.0933044 0.875822 95 30 195
-0.275071 0.191811 0.929436 79 44 200
-0.296068 -0.0326335 1.05843 75 9 206
-0.0980958 0.111698 0.962151 41 30 213
-0.239883 0.0666457 0.857851 100 26 193
-0.216582 -0.0433402 0.997815 69 11 208
-0.221213 0.0811229 0.749874 94 26 196
-0.239223 0.155718 0.817689 83 42 199
-0.253788 0.0660674 0.939157 80 16 203
-0.20754 0.118769 0.651846 95 40 194
-0.138206 -0.000882986 0.764722 73 2 205
-0.200075 0.0485999 0.977027 69 15 207
-0.164466 -0.0757384 1.00149 62 18 210
-0.445908 0.254194 1.8616 62 32 208
-0.224149 0.0371858 1.0105 70 9 207
-0.0450017 0.00186367 0.970007 35 2 217
-0.217278 0.0201802 1.04751 62 3 210
-0.128233 -0.0859405 1.00001 46 21 213
-0.21473 -0.0692994 1.02773 61 17 210
-0.264062 -0.0615759 1.05706 62 14 210
-0.149976 0.0283808 1.00272 45 5 215
-0.152854 0.0153787 1.0245 41 2 215
-0.202798 0.0305853 0.656117 112 15 188
-0.167195 -0.0353239 1.00891 56 9 212
-0.214072 0.172711 0.661322 90 56 192
-0.20332 0.0686813 0.651556 98 24 194
-0.18493 -0.0373946 1.03111 61 9 210
-0.175 0.0531913 1.02768 56 12 212
-0.0717534 0.0597223 0.986843 39 18 215
-0.179229 0.0449686 1.03062 56 10 212
-0.195702 0.0976223 1.03327 63 25 208
-0.140398 -0.100374 0.996382 54 25 211
-0.164011 0.0897214 1.0315 53 22 211
-0.0834385 0.155147 0.95885 32 37 214
-0.176724 0.12012 1.00714 54 26 211
-0.212432 -0.0472911 0.986031 74 11 206
-0.0312648 0.127572 0.973716 22 32 216
-0.426243 -0.172296 1.03721 118 38 181
0.00527246 -0.0973893 1.01322 11 24 218
-0.213688 0.0970727 1.00825 60 21 210
-0.21938 0.0582837 1.00521 69 14 207
-0.265574 -0.0408944 1.05112 72 10 207
-0.0509568 -0.00529006 0.978689 28 1 217
-0.144358 -0.17565 1.09375 51 40 209
-0.197459 -0.00429663 1.06619 54 2 212
-0.0929276 0.00266359 1.87524 15 0 219
-0.19974 0.125252 1.04545 51 26 212
-0.221567 0.0376013 1.01541 66 7 209
-0.215972 0.115084 1.02071 60 25 209
-0.213857 -0.0800294 0.984732 61 20 209
-0.195899 0.0556243 1.01555 64 13 209
-0.233784 0.0884965 0.819499 86 25 200
-0.142137 -0.00164512 0.998522 50 1 213
-0.181131 -0.12208 0.996519 63 30 207
-0.184867 0.166366 0.973725 62 40 207
-0.0494414 -0.0827468 0.985246 28 21 216
-0.208964 0.0210255 1.04854 58 3 211
-0.0575059 -0.030335 0.990803 30 7 217
-0.0242759 0.00957151 1.00517 23 2 218
-0.147652 0.125594 0.984537 49 30 211
-0.187501 0.15368 0.965485 57 35 209
-0.227187 0.0587985 1.01141 77 17 205
-0.0450773 -0.112319 0.96787 34 31 214
-0.23412 0.107105 1.01609 68 24 207
-0.326549 -0.123924 1.0205 98 29 194
-0.00760996 0.141985 0.961899 11 33 217
-0.232604 0.139975 0.974826 67 32 206
-0.237946 0.0379627 0.852961 88 11 200
-0.241617 0.12991 0.837755 82 34 200
-0.0134315 0.123506 0.961622 13 28 217
-0.0764055 -0.0341187 0.985472 34 9 216
-0.137038 -0.0999202 0.999101 47 24 213
-0.0667125 -0.00615625 0.978577 29 1 217
-0.221269 0.144501 0.721049 88 43 196
-0.205868 0.0124161 1.04324 59 1 211
-0.227921 0.122072 1.00476 67 27 207
-0.21182 0.0788741 0.690323 97 28 194
-0.0822773 0.16186 0.965048 32 38 214
-0.0701697 0.0203355 0.98377 32 5 217
-0.203002 0.00511515 0.659735 94 1 198
-0.0820687 0.0578764 0.977287 33 15 216
-0.218767 0.0827027 0.725834 95 27 195
-0.170184 0.0490774 1.02444 50 10 213
0.0546128 0.139165 1.0571 4 29 217
0.0169434 -0.00275674 0.997728 7 2 219
-0.203232 0.0689646 0.651115 106 26 190
-0.228832 -0.0160656 0.983654 67 5 209
-0.210781 0.0326158 1.01821 65 7 209
-0.386442 -0.0659002 1.00263 109 15 189
-0.178812 -0.00164757 1.03935 51 2 213
-0.212497 0.0900981 1.02117 60 20 210
-0.0251698 -0.0652898 1.0056 19 16 218
-0.320205 -0.02924 1.02606 97 5 197
-0.140408 -0.0362623 0.995096 48 10 214
0.00542118 -0.051929 0.995078 10 13 219
-0.0797059 -0.0785097 0.99596 33 20 216
-0.156634 0.0611688 1.00484 52 14 212
-0.0884718 0.0102009 0.973531 38 1 216
-0.270143 -0.00164423 1.04404 71 2 208
-0.226818 -0.0218193 0.977534 80 4 204
0.0240195 -0.0667217 1.00177 11 17 218
0.0229607 0.0926688 0.987965 2 20 218
-0.218267 0.143007 0.714725 90 44 195
-0.401075 -0.0540928 1.0484 104 11 192
-0.160481 -0.0406229 1.04595 50 9 213
-0.073713 -0.0340389 0.964943 38 7 216
-0.18329 -0.0101861 0.672336 80 7 204
-0.218937 0.0695106 0.993564 72 18 206
-0.225475 -0.0627562 0.978404 74 15 206
-0.22695 0.0238061 1.02366 76 7 205
-0.481956 -0.154756 1.07109 120 32 180
-0.230558 0.0379051 1.02124 81 12 203
-0.208577 0.0485614 1.01056 60 9 211
-0.0532954 0.120517 0.9731 27 31 215
-0.0959671 0.114883 0.964598 41 31 213
-0.19157 0.0494183 1.02369 61 12 210
-0.0464593 0.00751276 0.978227 27 1 218
-0.218869 0.0206567 1.02424 75 7 206
-0.145826 0.138386 0.976272 47 32 212
0.114142 0.081067 1.02938 18 16 218
-0.157503 0.0456845 1.02063 53 10 212
-0.148781 0.0442133 1.00716 51 10 213
-0.21099 -0.159222 1.07285 67 37 205
-0.0472524 0.00185206 0.981267 29 0 217
-0.0980722 0.0133573 0.970664 39 2 216
-0.0460161 -0.0243936 0.803416 31 8 217
-0.156387 0.168456 0.978381 45 38 211
-0.196059 -0.0880985 0.974137 73 22 206
-0.393651 -0.173014 1.07074 106 37 188
-0.0199736 0.0227375 0.999571 27 10 218
-0.247319 0.15099 0.87194 82 39 199
-0.0446577 0.0176001 0.99481 25 4 218
-0.208054 0.0658752 0.651375 101 23 193
-0.252644 0.157722 0.909024 77 38 202
-0.237175 0.0661119 0.853172 97 24 195
-0.0182432 0.124574 0.992398 16 29 217
-0.216161 0.166549 0.974334 62 38 207
-0.248817 0.0874114 0.910946 88 25 199
-0.248955 0.174978 0.885184 79 44 200
-0.167009 -0.16017 1.09886 56 37 209
-0.36364 -0.0855813 1.06333 100 18 194
-0.208989 0.0487368 1.01062 66 11 209
-0.228365 0.119681 0.773607 86 34 198
-0.177664 0.0178152 1.01739 60 4 211
-0.198692 0.0504688 1.02219 60 11 210
-0.194711 0.0534928 1.03415 60 12 210
0.0855101 0.0890883 1.00584 11 19 218
-0.143708 0.0258318 0.996344 52 6 213
-0.0838512 0.0433404 0.960109 39 12 215
-0.0880962 0.0581313 0.969702 36 15 216
-0.104991 0.125558 0.959295 39 31 213
-0.155568 0.05415 1.02911 56 16 211
-0.140328 -0.0619554 0.992274 47 15 213
0.0314774 -0.0422834 1.01211 0 11 219
-0.242552 0.00944677 0.9961 72 1 207
-0.212917 0.0772388 0.694534 96 25 195
-0.222551 0.091697 0.997051 66 20 208
-0.146203 0.0432951 0.997588 53 10 213
-0.211646 0.0865331 1.01807 63 20 209
-0.209562 0.0380289 1.01613 63 8 210
-0.0831377 0.0435463 0.964025 30 8 217
-0.0775494 -0.0525267 0.984632 34 13 216
-0.163669 0.054025 1.03159 53 13 212
-0.133634 -0.0948827 1.00333 46 24 213
-0.218388 -0.0313692 1.02028 63 9 210
-0.206943 0.0603236 1.01699 58 12 211
-0.0725784 0.0442825 0.984704 33 11 216
0.0203371 0.0102294 0.989984 4 0 219
-0.176912 0.0555541 1.03317 57 13 211
-0.18589 -0.122895 0.995403 62 30 208
-0.0882625 0.00137908 0.978384 33 0 217
-0.20945 0.110326 1.02468 62 24 209
-0.203459 0.0832459 0.648991 97 29 194
0.0032818 0.12777 0.958912 9 30 217
0.0118052 0.0457751 0.984168 8 9 219
-0.221627 -0.0554687 1.02253 59 14 211
-0.403503 -0.0681295 1.03181 109 14 190
-0.0422052 0.0206087 0.984849 24 5 218
-0.218005 -0.00228162 1.03701 55 2 212
-0.0144423 0.0343023 0.982043 23 11 218
-0.185751 -0.0198892 1.02344 50 5 213
-0.211608 0.120397 0.660455 93 39 195
-0.00310662 0.0449943 0.991942 11 8 219
-0.152265 -0.00500669 1.01413 52 1 213
-0.240239 0.036042 0.872594 87 10 201
-0.042538 -0.0770668 0.986981 27 20 217
-0.172833 0.110789 1.01964 55 26 210
-0.205261 0.0509014 0.64846 113 23 186
-0.197566 -0.0245699 1.01203 61 6 210
-0.205676 -0.0417689 0.965247 74 10 206
-0.473811 -0.0405191 1.01792 124 7 181
-0.220438 0.0895219 0.733331 105 36 189
-0.224574 0.274593 0.94668 66 64 199
-0.0790079 -0.00818443 1.08245 24 3 218
-0.227721 0.0594567 1.01256 79 18 204
-0.271564 -0.185975 1.08468 81 41 200
-0.140812 -0.00169149 0.993743 45 3 215
-0.219903 0.113746 1.01713 68 29 206
-0.210963 0.020733 1.03102 66 5 209
-0.0554493 -0.0941215 0.980887 31 24 215
-0.0667252 0.0122038 0.973118 29 1 217
-0.167634 -0.0354697 1.00997 55 9 212
-0.145818 0.0294965 0.990609 53 7 213
-0.323242 0.0730842 1.54224 53 10 212
-0.0490445 -0.00556478 0.99325 29 0 217
-0.193775 0.0172752 1.03333 54 2 212
-0.0876708 0.0456726 0.972204 38 12 216
-0.208096 0.112729 0.994139 66 28 207
-0.0600729 -0.0329152 1.01754 28 8 217
-0.21044 0.0947544 1.02859 56 19 211
-0.246753 0.0532073 0.92122 82 14 203
-0.243198 0.11354 0.863786 83 30 201
-0.23169 0.0961066 0.647353 113 36 184
-0.0937836 -0.00950416 0.98222 41 2 215
-0.206867 0.0639077 0.967951 62 13 210
-0.214568 0.0826622 0.99144 70 21 206
-0.177885 -0.0188559 1.01463 56 6 212
-0.0518698 0.0328657 0.991675 27 8 217
-0.20778 0.076287 0.649404 102 28 192
-0.230683 0.130085 0.967045 75 32 203
0.010687 0.136746 0.992359 15 41 215
-0.155498 -0.00954813 1.01972 46 4 214
-0.0871264 0.0491081 0.97611 32 10 217
-0.0271593 0.142972 0.964712 14 32 216
-0.15048 0.128219 0.986679 49 31 211
-0.187116 -0.122954 0.998291 60 30 208
-0.138468 -0.036292 0.990103 48 10 214
-0.212482 0.0546409 1.01517 70 14 207
-0.19727 -0.0207744 1.01941 61 5 210
-0.1971 -0.0281944 1.02854 55 7 212
-0.072448 0.0215362 0.971964 33 5 217
-0.198942 0.023004 0.650489 122 17 181
-0.182468 0.0188249 1.04947 52 3 213
-0.1895 0.0694597 1.0371 58 16 211
-0.0941032 0.0149843 0.939607 37 0 216
0.000434431 0.0103468 0.998897 10 1 219
-0.14971 0.194742 0.987448 44 43 210
-0.219212 0.023342 0.996704 59 3 211
-0.0709587 0.120137 0.973299 30 30 215
-0.13885 0.144221 0.840252 47 37 211
-0.211793 0.019365 1.00444 71 5 207
-0.252506 0.186148 0.831158 79 47 199
-0.201977 0.00331477 0.657477 91 2 199
-0.165411 -0.000878376 0.630116 82 4 203
-0.2163 0.0862497 1.0192 65 20 208
-0.301774 -0.0299507 1.11666 86 5 202
-0.0524233 0.0322745 0.990297 26 7 218
-0.185929 -0.0577523 1.01069 60 12 210
-0.176367 -0.05708 1.00569 60 12 210
-0.212547 -0.0802205 0.982446 68 20 207
-0.23574 0.0424574 0.828504 89 12 200
-0.215501 0.00658731 1.05503 64 1 210
0.0634157 0.133595 1.04484 6 28 217
-0.162391 -0.0746661 0.991065 52 18 212
0.00238444 0.12987 0.972807 10 31 217
-0.205921 0.036668 0.649713 116 18 185
-0.248063 0.145347 0.881792 81 37 200
-0.214004 -0.000910781 1.05147 59 2 211
-0.162108 0.16917 0.977894 45 37 211
-0.204796 0.117836 0.998282 57 25 210
-0.207493 -0.123229 0.994012 69 30 205
-0.0498689 0.128929 0.984054 25 31 216
-0.0227766 0.00866182 0.978859 17 1 219
-0.223745 0.11544 0.651175 104 40 189
-0.216197 0.0236241 0.985091 59 3 211
-0.0926274 -0.00290236 0.979987 38 1 216
-0.0469929 0.0203388 0.986154 26 5 218
-0.130492 -0.0832457 1.00143 43 21 214
-0.167235 -0.000999124 0.634645 81 4 204
-0.222461 0.0884393 0.752359 95 30 195
-0.240014 0.0103608 0.962372 88 6 201
-0.0981659 0.028 0.975367 41 6 215
-0.0947038 0.140739 0.954857 37 34 213
-0.184811 -0.000905797 1.05137 57 1 212
-0.195773 -0.0212863 1.03274 65 4 209
-0.205885 -0.0294538 1.06689 54 7 212
-0.190641 -0.0219156 1.01882 53 6 213
-0.20531 0.0603279 0.662609 98 20 195
-0.183694 -0.117841 0.992021 64 29 207
-0.0298968 0.140103 0.977265 20 33 216
-0.0761658 0.0987736 0.981178 33 25 215
-0.168651 -0.00187781 0.631097 116 5 186
0.0208561 0.114202 0.95296 8 32 217
-0.150558 -0.0261998 1.02681 50 6 213
-0.360099 -0.0851248 1.05747 94 18 197
-0.2139 0.160998 0.945552 63 37 207
-0.173004 0.119272 1.01768 56 28 210
-0.0486796 0.0193852 0.986421 28 5 217
-0.189621 0.0591102 1.02299 63 15 210
-0.19472 -0.000481009 0.642967 119 4 184
-0.230966 0.174095 0.772858 84 49 197
-0.0552944 0.119562 0.967617 38 38 213
-0.07544 -0.0546184 0.991648 30 14 217
-0.0186396 0.0221515 0.990089 18 5 219
-0.0936888 -0.0107185 0.977988 40 2 216
-0.141841 0.0113865 0.993498 51 4 213
-0.217687 0.05551 1.03328 70 15 207
-0.201959 0.0381856 1.02689 59 8 211
0.0418245 0.15253 1.0378 2 32 217
-0.205636 -0.0640855 1.10603 58 15 211
-0.21463 0.103313 1.0151 61 23 209
-0.194822 0.0703749 1.03696 65 20 208
-0.0433726 0.00217585 0.988957 26 0 218
0.0228493 0.0891771 0.984032 4 20 218
-0.00120246 0.0104354 0.990643 10 0 219
-0.0411459 -0.0929616 0.985365 24 24 217
-0.160938 0.0157715 0.856535 66 8 208
0.00781504 -0.0513389 0.995363 5 13 219
-0.169138 0.124787 1.03853 48 27 212
-0.175805 0.180046 0.619586 87 65 190
-0.183269 0.0528275 1.01081 68 16 208
-0.156486 -0.0414287 0.985059 52 10 213
-0.0984792 0.0231965 0.966718 38 5 216
-0.097974 0.0243761 0.965163 39 5 216
-0.0915926 0.00841041 0.989703 32 0 217
-0.191466 0.0963381 1.02319 56 21 211
-0.168578 -0.00901448 0.639418 85 8 202
-0.209306 0.0362408 1.02042 62 7 210
-0.156427 -0.0060237 1.02422 52 1 213
-0.241804 0.144056 0.842828 81 37 200
-0.185823 0.0892976 1.03327 56 20 211
-0.247052 0.0227163 0.91484 79 4 204
-0.246174 0.0367009 0.893427 82 7 203
-0.17206 0.0173042 1.00826 64 6 210
-0.145686 0.0295656 0.990184 54 8 212
-0.202118 -0.01277 1.05543 57 4 212
-0.215554 0.0689331 0.68625 97 21 195
-0.212651 0.0883564 1.01231 61 20 209
-0.0691929 0.119188 0.962681 31 30 215
-0.127904 0.000870315 0.529984 69 2 208
-0.107 0.126845 0.966493 42 32 213
-0.185196 0.0107809 1.05073 54 1 212
-0.127677 -0.120455 1.018 52 31 211
-0.0146159 0.116197 0.968807 16 28 217
-0.209328 0.0707075 1.05469 59 15 211
-0.222246 0.0377709 1.01774 64 8 209
-0.227862 0.0384794 0.792424 91 11 199
-0.0337999 -0.0557335 1.00518 22 14 218
-0.205353 0.0603567 0.662635 98 21 195
-0.207929 0.0297229 0.681271 90 6 200
-0.209609 0.0668203 1.02708 66 17 208
-0.180985 0.111064 1.02123 53 25 211
-0.207468 -0.000679569 1.08249 56 1 212
-0.0183096 0.0215578 0.976792 18 4 219
-0.220968 -0.000304601 1.05356 69 1 208
-0.080836 0.0385861 0.973169 35 9 216
-0.197184 -0.00399927 1.0656 58 1 211
-0.200192 -0.0130569 0.974676 59 5 211
-0.195336 0.109704 1.01277 59 25 209
-0.0526819 0.161994 0.962898 23 38 215
-0.240259 0.0723461 0.860203 87 20 200
-0.254079 0.126239 0.914108 86 34 199
-0.253539 0.087304 0.941647 82 23 202
-0.0563302 0.123382 0.968168 28 32 215
-0.348325 -0.0838815 1.05146 97 19 196
-0.224652 0.102643 0.985509 66 22 208
-0.237871 0.177546 0.790773 83 48 197
-0.0502533 0.0122897 0.99788 23 3 218
-0.221613 -0.100021 0.987334 73 25 205
-0.164368 0.0217759 0.964387 51 2 213
0.0201598 -0.0649372 1.00909 5 16 219
-0.228624 0.00917424 0.952935 70 0 208
-0.226509 0.0852743 1.01851 70 21 206
-0.149307 0.044367 1.00741 50 10 213
-0.198619 -0.123902 0.982127 73 31 204
-0.259517 0.0782959 0.907473 86 20 200
-0.255066 0.147158 0.906002 76 34 203
-0.0476999 0.00139388 0.984831 24 0 218
-0.0551011 -0.0336714 0.982879 25 8 218
-0.197913 0.0362099 0.646033 121 22 181
0.0166466 0.186974 0.955206 5 44 215
-0.0739731 0.0365189 0.986346 31 8 217
-0.0159284 0.114879 0.974654 15 27 217
0.00147706 0.0678362 0.975512 6 14 219
-0.164704 -0.0519384 0.999796 50 13 213
-0.392694 -0.0409722 1.0227 109 8 190
-0.32149 0.0012513 1.1033 92 3 199
-0.346276 -0.0824468 1.02989 103 18 193
-0.198846 0.159154 0.981171 64 38 206
-0.232016 0.0426584 0.819533 84 10 202
-0.215908 -0.00229127 1.02812 56 2 212
-0.156856 -0.0369134 1.01739 59 8 211
-0.164079 0.097468 1.02277 54 24 211
-0.0511541 0.160545 0.964046 24 38 215
-0.19006 0.174127 0.627224 91 62 190
-0.243399 0.0339324 0.885877 81 7 203
-0.221563 0.0544089 1.0131 70 13 207
-0.244919 0.0938226 0.875769 83 24 201
-0.228529 0.0958855 1.01464 68 21 207
-0.229123 0.0627156 0.645203 111 21 188
-0.0351315 0.107307 0.959855 21 27 217
-0.00109259 0.00716116 1.0059 12 0 219
-0.168546 -0.0358 1.0125 56 7 212
-0.110682 0.0900879 0.96952 44 23 213
-0.17967 -0.120837 0.993637 68 31 206
-0.211088 0.109165 0.641856 105 39 188
-0.0143799 0.115492 0.971696 14 28 217
-0.0985705 0.111854 0.964309 44 31 213
-0.0684616 0.00560081 0.99553 31 1 217
-0.224558 -0.0869781 1.08431 65 20 208
-0.0741327 -0.054186 0.982921 32 14 216
-0.22273 0.0700505 1.00134 76 20 204
-0.0338276 0.10449 0.984391 22 26 217
-0.194847 -0.0364347 1.03204 60 10 211
-0.157211 0.11295 1.01681 54 28 211
-0.135371 -0.100102 1.0075 50 25 212
-0.232541 0.00247516 0.975801 72 0 207
-0.0443207 -0.0783541 0.995746 27 20 217
-0.198918 0.0504697 1.02335 61 11 210
-0.219792 0.0541665 1.00934 71 14 207
-0.219124 0.178367 0.927101 69 43 204
-0.206136 0.0509494 0.649024 109 21 188
-0.208096 0.0208244 0.656851 97 3 197
-0.205601 0.0208839 0.6524 99 5 195
-0.0424314 -0.00435944 0.949948 33 0 217
-0.0207451 0.00435276 0.992379 25 2 218
-0.196699 0.0112448 1.05877 59 2 211
-0.183818 -0.001811 0.672316 81 4 203
-0.0884955 0.00842221 0.972872 35 1 217
0.0170607 -0.00227588 0.999512 7 2 219
-0.159122 -0.03891 1.02314 48 9 213
-0.0802486 0.10537 1.04123 25 21 217
-0.0508476 0.156476 0.959988 24 38 215
-0.273704 -0.029483 1.05019 78 5 205
-0.0426132 -0.0767485 0.975429 27 20 217
-0.226196 -0.0349815 1.03018 58 9 211
-0.068174 0.132668 0.967668 28 31 215
-0.240993 0.110331 0.857499 80 28 202
-0.183798 0.0431079 1.02845 62 11 210
-0.231764 0.0885798 1.05362 62 17 210
-0.203173 0.00331948 0.660093 94 2 198
-0.208916 0.170077 0.655262 90 56 192
-0.245728 0.094986 0.879404 82 26 201
-0.150005 0.0691135 1.00471 49 16 213
-0.138301 -0.0757675 0.993091 48 19 213
-0.231115 0.0688257 0.891177 94 25 197
-0.16211 0.142421 0.985052 51 33 210
-0.212535 0.0968177 1.01207 67 24 207
-0.131139 -0.096688 0.966251 58 26 210
-0.221339 0.113667 1.01664 63 25 208
-0.222306 0.0817001 0.75267 94 26 196
-0.182008 -0.0354347 1.02109 61 9 210
-0.520913 -0.075266 1.038 130 14 176
-0.0677755 0.130229 0.96096 27 31 215
-0.201446 0.0573589 0.649563 98 19 195
-0.0862546 0.0238525 0.963483 37 6 216
-0.242981 0.110683 0.863088 82 29 201
-0.075999 -0.0608248 0.991292 36 15 216
-0.195817 0.0963423 1.01574 60 23 210
-0.0383629 -0.0659126 0.965865 23 19 217
0.0296808 -0.00664235 0.992572 2 3 219
-0.274849 -0.0424488 1.07906 70 9 207
-0.211618 0.119275 1.02168 57 25 210
-0.043504 0.0206505 0.988665 23 4 218
-0.198221 0.0231207 1.11492 54 3 213
-0.0141472 -0.0282518 0.994565 18 8 218
-0.0247918 0.116844 0.976489 21 31 216
-0.224367 -0.00655489 1.04116 54 2 213
-0.227293 0.114925 0.667157 102 38 190
-0.215303 0.140111 0.69085 91 44 194
-0.204512 0.0328196 0.658321 97 7 197
-0.229731 0.0110886 0.967434 76 2 206
-0.15369 -0.00556909 1.02013 57 0 212
-0.146942 0.0276999 0.990249 46 5 214
-0.164162 0.110512 1.01667 54 27 211
-0.334667 -0.0822517 1.04874 95 18 197
-0.170311 0.16948 0.972127 50 39 210
-0.0190482 0.0685172 1.00006 15 16 218
0.0127596 0.0733176 0.980148 6 16 219
-0.258558 0.179375 0.90782 79 43 200
-0.201673 0.0369242 0.651943 103 14 192
-0.211179 0.0452499 1.02027 58 9 211
-0.188215 0.0535382 1.01597 65 15 209
-0.0431916 -0.0668453 1.22125 20 12 218
-0.0177532 -0.00348579 0.974322 20 1 218
-0.102389 -0.00837204 0.962792 39 2 216
-0.199862 -0.114396 0.985371 67 28 207
-0.0842297 0.0164191 0.968204 37 5 216
-0.316463 -0.0277176 1.10153 74 7 206
-0.253281 0.0346967 0.949366 80 8 204
-0.221869 0.0969927 0.650862 104 33 190
-0.0773629 0.0394888 0.971974 34 9 216
-0.156941 -0.026314 1.01272 52 6 213
-0.192291 0.0460088 1.03647 58 10 211
-0.0835908 0.041721 0.979653 35 11 216
-0.158287 -0.0610487 1.00419 51 15 212
-0.0872749 -0.0731159 0.962755 44 20 214
-0.156218 -0.0851677 0.995121 43 21 214
0.0706135 0.201207 0.986259 9 45 215
-0.271325 -0.0597779 1.05554 82 13 203
-0.216778 -0.110383 0.96878 80 28 202
-0.218761 0.00834903 1.06131 57 0 212
-0.221632 0.0372389 1.00176 70 8 208
-0.209362 0.0271314 0.679511 100 8 195
0.00471546 -0.047384 1.00944 9 12 219
-0.076299 -0.0312955 0.988333 31 8 217
-0.173775 0.0449884 1.04819 55 9 212
-0.19735 0.166144 0.970495 58 38 208
-0.195414 0.0977724 1.03262 67 26 207
-0.191322 0.0334573 1.05181 57 6 212
-0.321262 -0.0619923 1.03406 90 14 199
-0.35808 -0.085048 1.05496 94 18 197
-0.18963 0.118409 1.00351 60 29 208
-0.199481 0.0565132 1.02534 64 15 209
-0.190881 0.0461721 1.0301 58 10 211
-0.235817 0.137538 0.830979 83 37 200
-0.205117 0.0633452 1.06299 51 12 213
-0.222286 -0.015039 1.05682 61 4 210
-0.203773 0.0261172 0.676746 91 6 199
-0.0787366 -0.0294206 0.982714 34 8 216
-0.231197 0.0117098 1.05308 64 0 210
-0.176273 0.119076 0.995632 55 28 210
-0.222526 -0.0893384 0.98526 72 22 206
-0.0341329 0.104322 0.98196 22 26 217
-0.200214 0.116281 1.00296 61 26 209
-0.183224 0.021616 1.00432 59 3 211
-0.11396 0.154899 0.958293 42 37 212
-0.189835 0.095048 1.01646 60 23 209
-0.0682077 0.170739 0.894432 31 43 213
-0.148777 0.143912 0.980074 50 34 211
-0.0166042 0.0713674 1.00318 23 22 217
-0.209289 0.0404576 1.01498 61 9 210
-0.156298 -0.00610383 1.02979 52 2 213
-0.0677403 0.00465209 0.991448 31 0 217
-0.0569077 0.128142 0.979823 26 31 215
-0.174186 0.0528663 1.02449 55 12 212
-0.0170515 0.143547 0.976915 17 35 216
-0.210224 0.138634 0.97722 63 32 207
-0.190733 0.165007 0.965125 61 39 207
-0.241237 0.0203642 0.880925 88 5 201
-0.256843 0.0885396 0.949922 81 22 202
-0.206125 0.049636 0.650709 97 16 196
-0.0990658 0.0240741 0.969268 39 5 216
-0.191837 0.0230696 1.05128 57 6 211
-0.22941 0.121323 0.777785 88 35 198
-0.236272 0.178227 0.774311 83 49 197
-0.263192 -0.0287494 1.01305 88 4 201
-0.0612804 0.000129439 0.957895 34 0 217
-0.0177414 0.0478327 0.993518 13 9 219
-0.069639 0.120263 0.970108 36 32 214
-0.211633 0.102844 1.01457 61 23 209
0.021196 0.114301 0.95542 7 31 217
0.00842171 -0.0467964 0.986388 9 12 219
-0.01085 0.13097 0.962769 15 33 216
-0.242072 0.0366576 0.853223 97 13 196
-0.173775 0.0472882 1.0301 60 13 211
-0.00362622 0.133891 0.961496 11 31 217
-0.213248 0.0581217 1.003 67 14 208
-0.109187 0.154446 0.940085 39 37 213
-0.191931 0.033178 1.05059 56 7 212
-0.162222 0.066586 1.03427 51 14 213
-0.158948 0.0558623 1.02209 49 11 213
-0.220141 0.0829098 0.727355 101 30 192
-0.211014 0.0315588 0.700392 96 8 197
-0.157262 0.113132 1.01771 55 29 210
0.0176112 -0.00215561 1.00578 10 1 219
-0.221227 0.0462552 1.01389 62 9 210
-0.27655 0.15769 0.966042 76 35 203
-0.223763 0.0793185 0.763719 88 22 199
-0.226768 0.112363 1.00286 76 31 203
-0.00763156 0.126396 0.992688 17 37 215
-0.219221 0.0826957 0.727029 94 27 196
-0.215063 0.173746 0.670376 89 56 192
-0.219737 0.118436 0.72359 89 37 197
-0.211919 0.173156 0.655028 91 57 191
-0.20813 0.0800937 0.662101 90 25 198
-0.213136 0.173393 0.65761 91 57 191
-0.427531 -0.0334569 1.0175 120 5 184
-0.17991 0.0144058 1.04134 55 2 212
-0.0251407 0.136813 0.993405 17 32 216
0.0201759 0.126295 0.975446 6 30 217
0.020911 0.121293 0.966269 6 30 217
-0.17389 -0.00843627 1.03987 53 2 213
-0.20607 0.0170447 1.04833 53 1 213
-0.22174 0.274578 0.93636 67 65 198
0.071669 0.205807 1.01023 8 45 215
-0.0529792 0.0652262 0.982894 27 16 217
-0.00169787 0.0354477 0.987588 11 7 219
0.0110239 0.0455525 0.987327 8 9 219
-0.0751402 0.0340195 0.971289 38 10 216
-0.196241 0.121241 1.01387 68 34 206
-0.16392 0.0536815 1.05722 46 11 214
-0.174989 0.0636897 1.03092 52 12 213
-0.0775417 -0.0542827 0.987327 37 13 216
-0.16141 0.0692006 1.00566 52 16 213
-0.19215 0.120669 1.01272 57 27 210
-0.040801 0.128211 0.988401 25 32 216
-0.23706 0.0367568 0.844692 97 13 196
-0.0980094 0.135011 0.96379 41 35 212
-0.274424 -0.0459066 1.06094 79 9 204
-0.176309 0.0169162 1.03547 48 2 214
0.000498626 -0.0900636 1.02074 12 22 218
-0.0331365 0.053795 0.987015 25 16 217
-0.110826 0.156768 0.945318 40 38 212
-0.0401103 0.126733 0.981194 26 32 215
-0.199011 0.0970367 1.02161 63 24 209
-0.016844 0.117965 0.985606 16 28 217
-0.080548 0.0408033 0.991414 41 12 215
-0.232293 0.0183368 0.82093 93 6 198
-0.212576 0.0359525 0.763173 106 18 191
-0.454891 -0.112116 1.03306 120 23 182
-0.199852 0.0299059 0.649377 123 20 181
-0.40793 -0.0414703 1.02589 113 7 188
-0.187015 0.0873054 1.01727 66 24 208
-0.419877 -0.161809 1.06783 110 34 186
-0.280138 -7.35063e-05 1.00969 92 3 199
-0.0756625 0.161619 0.95787 28 38 214
-0.212818 0.0970537 1.01298 68 25 207
-0.211318 0.0595155 1.01313 59 12 211
-0.215092 0.0477419 0.663145 99 15 195
-0.227475 0.0690693 0.797443 80 17 203
-0.00151805 0.00559861 0.987017 12 0 219
-0.226256 0.121681 0.98873 61 26 209
-0.150544 0.128418 0.986469 47 29 212
-0.312615 -0.190293 1.10115 88 41 197
-0.0563907 -0.0749605 0.986718 28 19 217
-0.0447792 -0.0601213 0.990972 23 16 217
-0.0737987 -0.0587932 0.985836 31 15 217
-0.0701644 0.0220216 0.957191 35 7 216
-0.175401 -0.0266044 1.0174 55 6 212
-0.177769 -0.0277938 1.02221 57 7 212
-0.0775423 -0.0340008 0.992894 32 9 217
0.00305432 -0.0273534 1.01487 10 8 219
-0.20229 0.0377446 1.02752 61 8 210
-0.21483 -0.0531626 0.953129 82 12 203
-0.144787 0.0409893 0.994931 47 8 214
-0.230346 -0.0163873 0.989507 64 5 209
-0.228491 0.18927 0.978706 63 42 206
-0.183741 -0.000308297 1.04949 54 0 212
-0.211524 0.112489 1.00343 68 28 206
-0.204927 0.0579149 0.656602 100 20 193
-0.202804 -0.0127177 1.0558 57 4 212
-0.164068 0.0540023 1.03209 53 13 212
-0.071134 0.0216752 0.971645 27 3 218
-0.232693 0.0384823 1.03121 81 12 203
0.00506119 -0.0535145 0.999154 8 14 219
-0.217337 0.0792891 0.714923 95 25 195
-0.160133 -0.0188987 1.01116 56 3 212
0.05614 0.180923 1.03409 3 39 216
-0.214168 0.0622164 0.647149 103 22 192
-0.0167109 0.0665634 0.973344 15 15 218
-0.19094 0.110207 1.01914 60 26 209
-0.142086 -0.0943175 1.00842 38 22 215
-0.185689 0.18895 1.09332 48 38 210
0.0147179 -0.0616207 0.99338 4 16 219
0.0187285 -0.0950887 1.00023 8 24 218
-0.0434531 0.139061 0.96747 21 33 216
-0.0662526 0.0124542 0.975428 30 2 217
-0.204351 0.0942353 0.64964 108 36 187
-0.0424557 0.077419 0.990132 25 20 217
-0.187818 0.0533688 1.01456 64 14 209
-0.207908 0.0662363 0.998926 68 17 208
-0.0464489 -0.0761756 1.00228 25 19 217
-0.0522072 0.0649067 0.974872 27 16 217
-0.204235 0.00194152 0.66129 99 2 196
-0.122308 0.0932706 0.815734 72 37 204
-0.222578 -0.146249 0.995399 77 37 202
0.0263355 0.0411396 0.996519 3 7 219
0.0121303 0.0405995 1.01189 5 7 219
-0.209464 0.0555637 1.02013 61 12 210
-0.137279 -0.0988096 0.98437 60 26 209
-0.246546 0.0869504 0.887059 80 21 203
-0.0864314 0.0125583 0.963855 34 2 217
-0.0355567 0.117254 0.986087 24 30 216
-0.0965132 0.0118888 0.963 39 2 216
-0.0766889 -0.0528582 0.980168 35 13 216
-0.0343171 0.116085 0.977073 20 27 217
-0.0730151 0.0483012 0.978169 33 12 216
-0.15497 -0.114222 1.00035 54 28 211
-0.198387 0.0380013 1.02692 62 9 210
-0.073342 0.0489882 0.979905 33 12 217
-0.20013 0.0218219 1.06251 51 2 213
-0.0781108 0.0562445 0.974629 32 13 216
-0.144472 0.0263559 1.00064 54 7 212
-0.16915 -0.0358912 1.01469 55 9 212
0.0660508 0.167668 1.01001 7 37 216
-0.155803 -0.114119 1.00336 55 28 210
-0.33517 -0.0828618 1.05037 90 18 199
-0.138859 -0.0612445 0.989438 52 15 212
-0.140998 -0.0618424 0.996021 51 15 213
-0.0751018 0.00193076 0.978271 30 0 217
-0.102466 -0.00895169 0.970247 42 3 215
-0.00187841 0.0469228 0.980129 12 11 219
-0.133377 -0.099456 0.987764 54 25 211
-0.0396234 0.125937 0.976545 22 30 216
-0.236228 0.0722875 0.819914 98 26 194
-0.0150752 -0.0202367 0.512517 46 12 213
-0.248348 0.0255729 0.91244 80 5 204
0.0200041 0.0104198 0.980141 3 0 219
-0.0935028 0.096656 0.963925 39 26 214
-0.11359 0.154806 0.958278 39 36 213
-0.192182 0.163554 0.951042 54 37 209
-0.223242 -0.0435087 1.01308 80 8 204
-0.205249 -0.114433 0.995883 70 28 205
-0.253222 0.0542008 0.934323 81 14 203
-0.145858 -0.0718527 1.00558 52 17 212
0.0807084 0.188833 0.987708 11 43 215
-0.38374 -0.058161 1.01926 110 12 189
-0.210627 0.0307682 1.0168 60 6 210
-0.0474762 0.0212822 0.981452 27 4 218
-0.16572 0.0433222 1.02784 50 9 213
-0.143524 -0.0959782 1.01219 48 23 212
-0.204843 0.162204 0.955814 63 38 206
0.00270876 -0.0292929 1.00748 11 8 219
-0.217094 0.172035 1.00412 55 37 209
-0.0264649 -0.0744302 1.005 17 18 218
-0.0750337 0.100826 0.966746 31 27 215
-0.0474446 0.0205543 0.988952 26 5 218
-0.14052 -0.11645 0.998566 58 31 209
-0.203239 0.0308297 0.655405 107 12 191
-0.00518063 0.00486794 1.05515 9 0 219
-0.193329 -0.00377403 0.759336 81 2 203
-0.221572 0.0244939 1.02405 68 4 209
-0.0462436 -0.112301 0.978875 28 30 215
-0.0485035 -0.0858365 0.980683 31 23 216
-0.149894 -0.0472167 1.00159 55 11 212
-0.135648 0.017036 0.608897 65 3 209
-0.157671 -0.1167 0.995081 56 28 210
-0.187504 -0.0236803 1.0904 46 6 214
-0.08352 0.0178647 0.967264 34 3 217
-0.472651 -0.0406427 1.01658 125 7 180
-0.238839 0.0176352 0.839865 99 8 195
-0.1553 -0.00850219 1.03596 50 1 213
-0.275742 -0.0606957 1.04731 69 13 207
-0.197083 0.0556383 1.01902 63 12 210
-0.0996913 0.0274597 0.970697 48 9 214
-0.156568 0.111725 1.01322 48 25 212
-0.231062 0.131189 0.968086 69 30 206
-0.222107 -0.0114786 1.01913 58 4 211
-0.230621 0.0111203 0.97077 73 2 207
0.106496 0.0683395 1.03454 14 17 218
0.00272912 -0.0856333 1.01421 5 20 218
-0.00310508 0.0683667 0.98735 11 14 219
0.0582708 0.170766 0.997307 5 38 216
0.00300313 -0.00107064 0.982945 11 1 219
0.0179427 -0.0699288 1.01627 12 18 218
-0.0171587 0.0684024 0.989455 15 16 218
0.0321183 -0.0412604 1.001 1 11 219
-0.16545 -0.0201448 1.02957 58 4 211
-0.293797 -0.0369146 1.05625 79 10 204
-0.191955 -0.0246276 1.01764 54 7 212
-0.211387 0.102921 1.01352 63 24 209
-0.27975 -0.0297245 1.04005 69 8 208
-0.159583 0.0212902 0.984506 49 3 214
-0.218274 0.0625272 1.03148 66 15 208
0.0203836 0.0103891 0.995358 6 1 219
-0.208445 0.080934 0.660103 96 27 195
-0.317875 -0.0344112 1.07688 82 8 203
-0.188942 0.165995 0.965099 58 39 208
-0.0970302 0.112437 0.961062 40 30 213
-0.180626 0.0179778 0.935341 55 3 212
-0.212588 -0.0335162 1.02996 65 7 209
-0.14414 0.0392042 0.987223 52 10 213
-0.082576 0.0575487 0.977533 33 13 216
-0.0174293 0.134147 0.967549 14 31 217
-0.176625 0.0556641 1.01836 67 18 208
-0.245478 0.0276803 0.914724 93 10 198
0.0844529 0.109026 1.01831 11 23 218
0.0356002 -0.0611649 1.00013 5 16 219
-0.0336089 -0.0313835 0.988972 25 8 218
-0.299857 -0.0114908 1.0555 79 4 205
0.0124845 0.0386359 0.969141 8 8 219
-0.0534444 0.0656749 0.983523 27 16 217
0.0621892 0.131893 1.03352 5 28 218
-0.0790111 0.0404444 0.986492 28 8 217
0.002859 -0.0242571 1.00528 9 8 219
-0.218752 0.094248 1.01699 66 23 207
0.00157761 -0.0668152 0.961298 15 18 218
-0.207099 -0.0417608 0.969374 74 10 206
-0.34418 -0.0824909 1.04415 102 18 193
-0.172589 0.0968636 1.01985 53 24 211
-0.216812 0.0631858 1.01497 63 16 209
-0.171138 0.0907344 1.02052 52 20 212
0.00814704 0.0734234 0.985812 7 15 219
-0.00407746 0.0738851 0.986899 11 16 219
0.0237644 0.0845587 0.952317 6 20 218
-0.214811 0.117039 0.993882 62 25 209
-0.228595 0.0888781 0.776208 89 26 199
-0.18545 0.0684238 1.0237 65 20 208
-0.16256 -0.00848402 0.999236 58 1 211
-0.212978 -0.000911238 1.04858 60 2 211
-0.212431 0.168157 0.982534 57 37 208
-0.192323 0.00891248 1.05983 57 0 212
-0.215844 0.0876196 1.01733 61 19 210
-0.226499 0.0368044 1.02707 69 8 208
-0.16021 0.0165484 1.02128 53 3 213
-0.187562 -0.0195314 1.00834 59 5 211
-0.205603 0.0956141 1.01705 62 22 209
-0.0196588 0.00310258 0.997347 15 0 219
-0.22167 0.0430741 1.01488 65 8 209
-0.15853 0.114801 1.01026 49 26 212
-0.221057 0.0940741 1.01022 65 21 208
-0.207556 -0.0332005 1.01641 68 8 208
-0.215199 0.089881 0.692239 90 27 198
-0.166777 -0.000979894 0.633156 83 4 203
-0.215609 0.165727 0.664625 87 52 194
-0.20801 0.0494992 0.655097 91 14 199
-0.209271 0.095811 0.650118 94 31 195
-0.173708 -0.113174 0.991828 64 29 208
-0.0333304 0.103115 0.970708 23 27 216
-0.226344 0.138613 0.748927 89 41 196
-0.252442 0.0432486 0.936282 75 9 206
-0.202696 0.048163 0.6523 102 18 193
0.0866904 0.148849 1.01608 13 32 217
-0.0707922 0.0212137 0.972838 41 8 215
-0.105132 0.00708527 1.0065 37 0 216
-0.20402 0.0890037 1.01869 65 24 208
-0.163053 -0.0434619 1.03305 46 11 214
-0.179215 0.0207386 1.03517 53 3 213
-0.193006 -0.000671174 1.05818 60 0 211
-0.00934067 0.125037 0.989114 12 28 217
0.106409 0.0776002 1.03255 14 20 218
-0.00778923 0.130314 0.971502 13 31 217
0.0531099 0.193913 1.01294 3 43 215
-0.0753312 -0.0346642 0.986838 33 9 217
-0.0351396 -0.0312872 0.99776 22 8 218
-0.151986 -0.0107477 1.00314 53 4 213
-0.0739912 0.0969728 0.963322 29 22 216
-0.190462 0.109674 1.01731 62 28 208
-0.221015 -0.111019 0.977761 78 28 203
-0.193587 -0.0592352 1.00821 53 15 212
-0.228883 0.0568277 1.01807 79 17 204
-0.0962033 0.114892 0.965589 38 28 214
-0.0126672 0.028822 0.990964 17 5 219
-0.110835 0.156644 0.945147 39 37 212
-0.00721705 0.129855 0.968965 11 29 217
-0.21205 0.0643807 0.992904 65 15 209
-0.192601 0.0493766 1.02786 60 10 210
-0.39426 -0.0521002 1.31122 89 8 200
-0.0500677 0.15346 0.911274 23 38 215
-0.251549 0.0344292 0.944352 82 8 203
-0.216365 0.175621 0.66278 92 58 190
-0.215848 0.0617232 1.00561 63 13 210
0.00358143 -0.0557375 1.0323 9 15 219
-0.215007 0.0861681 1.01485 62 19 209
-0.195717 0.106943 1.01544 58 24 210
-0.0748985 -0.059224 0.989639 34 15 216
-0.251515 0.178225 0.878158 81 45 199
-0.0983436 0.135705 0.969428 39 34 213
-0.0110698 0.0454926 0.996811 13 11 219
-0.0157538 0.0687194 0.978482 19 19 218
-0.061048 0.126363 0.938854 26 31 216
-0.220801 0.0457706 1.00829 70 11 207
-0.232278 0.139734 0.973927 65 32 207
-0.163432 -0.0748003 0.995893 55 19 211
-0.0160674 -0.0286498 1.01461 15 8 219
-0.321241 -0.123186 1.01212 97 29 194
-0.153996 0.0514928 1.02194 55 14 212
-0.396538 -0.0557313 1.01298 111 12 189
-0.0980836 0.00762877 0.968578 46 3 214
-0.258122 0.181152 0.902194 76 43 201
-0.185129 -0.0984599 1.12771 43 21 214
-0.186927 0.0468954 1.03209 56 9 212
-0.166963 0.015736 1.02355 58 4 211
-0.221098 0.0454157 1.00923 72 12 207
-0.224564 -0.117812 0.986332 73 30 204
-0.202661 0.119192 1.02306 59 27 209
-0.409477 -0.0423278 1.02877 114 8 187
-0.239224 -0.164235 1.09165 73 37 203
-0.232218 -0.0217128 0.992879 84 2 202
-0.229326 0.0841572 0.807655 101 33 192
-0.177359 0.0888083 1.02473 62 24 209
-0.149381 0.036119 1.00708 45 8 214
-0.14582 0.0259878 1.00264 52 6 213
-0.169406 0.0921741 1.0144 47 19 213
-0.088428 0.0407283 0.979527 37 10 216
-0.313344 -0.179292 1.0969 90 39 196
-0.0697596 0.0591567 0.975704 34 16 216
-0.0564104 0.158197 0.971176 24 37 215
0.00294811 -0.0854781 1.01445 11 21 218
-0.162748 0.096751 1.01903 54 24 211
-0.0608116 0.029356 0.9762 31 7 217
0.00285467 -0.00133557 0.982662 12 1 219
-0.110138 0.0909541 0.963882 41 22 214
-0.210616 0.139115 0.979528 64 33 207
0.00312943 -0.0244371 1.00095 10 7 219
-0.0148941 -0.0280756 0.996872 16 8 219
0.0269336 -0.00764456 0.408543 70 0 206
-0.174983 0.182439 1.05574 48 39 210
-0.0750705 0.0437617 0.979214 34 12 216
-0.0924516 0.131908 0.960725 35 32 214
-0.164058 -0.0198186 1.01756 46 6 214
-0.218194 0.112936 0.650893 95 36 194
-0.196616 -0.0282192 1.03968 59 6 211
-0.45394 -0.0920137 1.02938 119 19 183
-0.214088 0.064361 0.990824 70 17 207
0.00542091 -0.0254711 1.00939 8 7 219
-0.177019 -0.0564441 1.00094 69 13 208
-0.0289187 -0.00332073 0.949033 19 1 218
-0.231799 0.0188169 0.820625 100 9 195
-0.087754 0.0558705 0.975669 37 15 216
-0.00262357 0.0686337 0.981748 13 17 218
-0.0162864 0.139593 0.956269 14 33 216
-0.011861 0.0608929 0.981793 13 13 219
-0.0654405 0.00602197 0.979156 31 1 217
-0.183605 0.0891236 1.0283 55 20 211
-0.0736606 0.178789 0.933357 29 43 213
-0.198255 0.0157916 1.04291 56 3 212
-0.269591 -0.034611 1.04095 86 6 202
0.00174141 0.133224 0.980632 11 31 217
-0.263377 -0.0608908 1.05353 63 14 210
-0.226078 0.0588959 1.00709 64 11 209
-0.176343 0.0691741 1.03147 58 17 211
-0.140959 -0.0357846 0.996278 48 10 214
-0.0349197 -0.0675544 1.00336 17 17 218
-0.162067 -0.0522481 0.984154 51 14 213
-0.217799 -0.0985374 0.970469 65 24 207
-0.0688921 0.0211886 0.963416 33 7 216
-0.0451957 -0.074936 0.991301 24 18 217
-0.190201 -0.117106 0.979219 63 29 207
-0.0464861 0.12141 0.973705 24 30 216
-0.187217 -0.0272032 1.01036 58 7 211
-0.197675 0.106786 1.01931 55 23 211
-0.205759 0.0958084 1.01731 62 22 209
-0.187462 0.0177639 1.02999 56 3 212
-0.154602 0.0481576 1.03652 43 9 215
-0.233763 0.0435427 1.04017 59 7 211
-0.19515 -0.000331301 0.643679 119 4 184
-0.116937 0.184079 0.965463 39 43 211
-0.450475 -0.0926871 1.02453 119 20 183
-0.207814 0.0656279 0.650906 98 23 194
-0.252695 0.160793 0.918385 78 39 201
-0.240885 0.0358685 0.847084 88 9 200
-0.219658 0.0636944 0.990223 67 14 208
-0.210725 0.129585 1.08866 51 25 212
-0.176751 0.0210799 0.96911 51 2 213
-0.149127 0.14375 0.98063 48 33 211
-0.0355038 -0.0310896 0.996267 22 8 218
-0.205633 0.096331 1.01611 63 23 208
-0.0513654 0.011615 0.985564 25 2 218
-0.220446 0.0632123 0.991633 68 14 208
-0.196782 0.111224 1.01852 61 27 209
-0.258811 0.0550387 0.956547 78 13 204
-0.499587 -0.00245435 1.30725 97 1 197
-0.201998 0.00369306 0.657278 89 2 200
-0.247949 0.130474 0.903001 74 30 204
-0.0749929 0.162562 0.957973 32 40 213
-0.0482053 0.0472143 1.00176 28 12 217
-0.234212 0.00892427 0.928982 89 6 201
-0.0720166 0.0216881 0.968069 33 5 217
-0.160567 0.0454949 1.03216 51 11 213
-0.229068 0.120302 0.776444 87 34 198
-0.23144 0.139082 0.972515 69 32 206
-0.17932 0.156792 0.974322 52 35 210
-0.238992 0.118317 0.830957 82 31 201
-0.21633 0.0642348 0.988595 70 15 207
-0.220209 0.114678 1.03658 54 23 211
-0.0986166 0.0106455 0.969703 39 2 216
-0.0345995 0.104664 0.98621 22 26 217
-0.280918 -0.0435933 1.09887 63 10 210
-0.409921 -0.158652 1.05026 111 34 186
-0.345325 -0.0277374 1.02494 103 4 194
-0.145403 -0.120888 1.00472 54 30 210
-0.127101 -0.0363387 0.760697 62 9 209
-0.0230245 0.00717808 0.980775 20 2 218
-0.0560295 -0.0348302 0.98366 26 9 218
-0.145328 -0.114937 1.00906 55 28 210
-0.351149 -0.0279213 1.03529 102 4 194
-0.127656 -0.0851029 0.998173 56 21 211
-0.176366 0.0937815 1.00548 57 23 211
-0.172014 0.167604 0.976366 56 40 208
-0.170218 -0.00170922 0.63364 116 5 186
-0.184435 -0.0693491 1.05336 55 16 211
0.0101992 0.0403747 1.02195 8 8 219
-0.0821692 0.161087 0.960976 32 38 214
-0.0837442 0.15416 0.95535 31 37 214
0.0253971 0.039713 0.996063 4 8 219
-0.222311 0.0390466 1.0169 66 8 209
-0.0891637 0.000670694 0.981969 42 0 215
0.0213044 -0.06574 0.996929 2 17 219
-0.243276 0.00277172 1.00261 69 0 208
-0.156817 -0.0281046 1.01327 51 7 213
-0.140068 -0.0731869 0.994553 48 18 213
-0.000519672 0.0106248 0.996731 11 0 219
-0.249699 0.130108 0.879326 84 35 199
-0.000537189 0.0103246 0.978629 12 1 219
-0.214625 0.0932038 1.00978 67 23 207
-0.177285 -0.0187809 1.01228 50 6 213
-0.0166206 -0.0498955 1.01193 17 13 218
-0.0178218 0.0205832 0.966317 19 4 219
-0.160354 0.0700271 1.02276 48 14 214
-0.187217 0.0884863 1.0177 59 21 210
-0.212978 -0.0134099 1.05568 61 3 210
-0.174942 0.0695487 1.02827 56 17 211
-0.0832218 0.0285621 0.965179 43 10 215
-0.307301 -0.153023 1.05188 89 35 197
-0.406893 -0.0654496 1.01746 114 14 187
-0.0474666 0.120184 0.976269 26 31 216
-0.22665 0.103916 0.992535 71 26 206
-0.141626 -0.120786 0.999312 52 30 211
-0.202389 0.0666257 1.00007 64 17 209
-0.0601344 0.133941 0.970586 31 34 215
-0.168022 0.0911906 1.04574 47 18 214
-0.0337052 0.0448275 0.997174 23 10 218
-0.182037 0.167515 0.969092 56 39 208
-0.233732 0.132453 0.974 79 36 201
-0.182795 0.0962392 1.02591 55 22 211
-0.22747 0.136179 0.981202 73 35 203
-0.281745 -0.0543347 1.06791 75 12 206
-0.199931 0.0374283 1.02998 64 8 210
-0.0221528 0.120636 0.984284 21 32 216
-0.0712631 0.044812 0.976009 34 11 216
-0.160939 0.0636877 1.02514 51 14 213
0.0179973 -0.091113 0.99898 5 23 218
-0.156733 -0.0281652 1.01546 57 6 212
-0.250705 0.0343803 0.942827 80 8 204
-0.404371 -0.0437039 1.04207 100 10 194
-0.221367 0.0693688 0.996674 69 16 207
-0.245883 0.0817534 0.908713 79 19 203
-0.227616 0.102214 0.647993 103 33 191
-0.0178964 0.124362 0.993587 18 32 216
-0.00430214 0.13063 0.943411 14 32 217
0.0181206 0.172064 0.962729 6 40 216
-0.00867395 0.123471 0.977937 15 30 217
-0.214619 0.0179928 1.03788 77 8 205
-0.251749 0.0428715 0.933916 74 9 206
-0.047067 0.112076 0.971996 21 26 217
-0.177143 0.0897346 1.02453 57 22 210
-0.0595934 0.132892 0.965684 26 31 216
-0.0010917 0.0432964 0.990768 9 8 219
-0.142494 -0.00173256 0.994602 50 1 214
-0.146321 0.142779 0.980607 45 32 212
-0.149597 -0.0264603 1.02232 49 7 214
-0.195257 0.010891 1.05083 57 2 212
-0.0880782 0.0456481 0.977384 40 13 215
-0.15273 -0.0414545 1.03679 50 9 213
-0.196273 -0.00697348 0.717084 82 3 203
-0.224861 0.0575884 1.00456 64 11 209
-0.0349685 -0.107841 1.01074 27 28 216
-0.270396 0.0105816 1.0904 67 0 209
-0.229902 0.00324592 0.967835 80 2 204
-0.207407 0.0488258 1.01463 62 10 210
-0.214132 0.0215136 1.03648 73 7 207
-0.224122 0.124445 0.823243 79 34 202
-0.00629592 0.136345 0.981514 13 32 217
0.00217181 -0.000198365 1.00229 14 0 219
-0.023832 0.00590566 0.988244 20 2 218
-0.239077 0.0201292 0.876658 95 8 198
-0.218417 0.0204886 1.03935 62 3 210
-0.221505 0.081328 0.750516 94 26 196
-0.238059 0.037906 0.853717 89 10 200
-0.011728 0.132648 0.985291 16 32 216
-0.195506 0.0983437 1.01834 55 24 211
-0.185103 0.062265 1.02239 61 15 210
-0.220517 0.0381762 1.01202 67 8 209
-0.310243 -0.0335648 1.0561 81 8 203
-0.0250034 -0.0732035 0.996787 20 18 218
-0.0745351 0.0152456 0.97118 34 3 217
-0.225185 0.00263329 0.97913 82 3 203
-0.130823 0.0976588 0.838668 71 37 204
-0.16103 0.167252 0.971989 47 39 210
-0.22399 0.0478647 0.760609 103 18 192
0.00909386 -0.0448764 0.97545 10 12 219
-0.223752 0.136463 1.13421 51 25 212
-0.0900279 -0.0739117 0.986946 42 18 214
-0.0773606 -0.0800244 0.994735 37 20 215
-0.0167042 0.142129 0.970462 14 34 216
-0.144953 -0.0729697 0.980226 59 18 211
-0.160057 -0.018212 1.0109 61 2 211
-0.247086 0.0466992 0.922396 81 12 203
-0.276749 -0.139898 1.06661 81 32 201
-0.342103 -0.108638 1.05131 95 25 196
-0.22177 0.0197575 1.05008 64 4 210
-0.0776733 0.0588284 0.9752 34 14 216
-0.219471 0.0973149 0.965959 79 30 202
-0.339852 -0.107986 1.04674 95 25 196
-0.187217 0.0147065 1.05706 61 4 210
-0.17743 0.0452388 1.032 58 11 211
-0.0214216 0.131879 0.969776 20 33 216
-0.155914 0.0545447 1.03174 55 15 211
-0.208084 0.0712861 0.651002 104 29 190
-0.257672 -0.0296969 1.03173 78 7 205
-0.0394789 0.121316 0.983228 23 29 216
-0.29587 -0.0319221 1.05563 84 6 202
-0.23877 0.0668073 0.855862 87 19 200
-0.240743 0.119669 0.851436 80 31 202
-0.17934 0.0553262 1.0252 57 12 211
-0.21064 0.151706 0.654547 91 50 193
-0.218413 0.163665 0.960359 64 38 206
-0.153459 -0.0399176 1.02127 51 10 213
-0.258662 0.18141 0.904178 76 43 201
-0.213411 0.067526 0.967764 57 14 211
-0.280681 -0.0356339 1.04966 69 8 208
-0.197259 0.0109145 1.05814 55 1 212
-0.132615 0.0973788 0.766738 48 27 212
0.0060033 -0.0468075 1.0194 11 11 219
-0.385011 -0.0509158 1.02036 110 10 189
-0.0171269 0.128241 0.998847 13 28 217
-0.109807 0.094612 0.959283 42 24 214
-0.444409 -0.152097 1.03988 117 33 183
0.0116161 0.0391635 0.97919 8 8 219
-0.0555412 -0.0302207 0.990088 27 8 218
-0.0671317 0.0331534 1.02202 35 10 216
-0.157903 0.0451585 1.05004 44 8 215
-0.170095 0.046503 1.02204 55 11 212
-0.0958549 0.108229 0.955446 36 28 214
-0.195667 -0.00372774 1.05838 55 2 212
-0.113773 0.154994 0.957788 45 39 211
-0.0185046 -0.0777162 0.992808 18 20 218
-0.204831 0.069736 0.65422 99 25 193
-0.0538032 0.154276 0.945707 24 37 215
-0.0699596 0.129074 0.966543 33 34 214
-0.176944 0.156923 0.983104 51 35 210
-0.191443 0.023391 1.04901 57 6 212
-0.203196 0.0812724 0.651157 108 33 187
-0.235332 0.0886042 0.822873 90 26 198
-0.237005 0.0845328 0.845397 89 24 199
-0.215734 0.0854125 1.01747 65 20 208
-0.0923306 0.133664 0.968463 38 34 213
-0.0135188 0.118515 0.983677 17 32 216
-0.17785 0.0962837 1.01927 57 24 210
-0.213772 -0.0807367 0.98662 66 21 208
-0.17064 -0.0188913 0.997972 54 6 212
-0.176271 -0.0243945 1.00267 52 7 213
-0.061803 0.120919 0.96527 30 32 215
-0.0819238 0.058147 0.970604 36 15 216
-0.173167 0.01339 1.03126 52 1 213
-0.20657 0.0510726 0.650237 110 22 188
0.0861102 0.0970911 0.989349 13 21 218
-0.163406 0.0468946 1.03244 54 12 212
-0.066745 0.00380804 0.984084 31 0 217
-0.158517 0.0913832 0.993921 54 21 212
-0.196766 0.0151527 0.947682 59 1 211
-0.159626 0.0660483 1.01196 47 15 213
-0.19313 -0.0241883 1.02294 59 4 211
0.0565313 0.182249 1.04369 3 39 216
-0.175025 -0.00812711 1.04256 52 3 213
-0.227764 0.136961 0.984723 66 31 207
-0.0202016 0.0667248 0.980561 19 18 218
0.0919904 0.130684 0.992769 13 29 217
-0.430419 -0.0786638 1.01396 117 17 184
-0.0995957 -0.00485684 0.968534 42 1 215
-0.0985168 -0.00487464 0.963916 42 0 215
-0.196515 0.110688 1.01682 60 26 209
-0.256579 0.0386308 0.924036 95 14 197
-0.0857576 -0.0692435 0.989815 41 17 215
-0.0536329 0.0655935 0.983158 27 16 217
-0.211111 0.116679 0.663902 92 37 195
-0.164589 0.0974312 1.02243 53 23 211
-0.220243 0.164403 0.96596 64 38 206
-0.190717 0.0106289 1.03798 57 1 212
-0.206825 0.108774 1.01465 67 28 207
-0.22944 0.103516 0.644157 115 39 182
-0.0556238 0.155725 0.965991 24 37 215
-0.223398 0.275981 0.941793 67 65 198
-0.158567 0.0463503 1.02534 53 10 212
-0.0331742 0.0445991 0.995041 22 11 218
-0.209203 0.0716896 0.652805 108 32 187
-0.0772828 0.00411939 0.988809 35 0 217
-0.039435 0.124444 0.968098 28 38 214
-0.220062 0.0459142 1.00699 71 11 207
-0.218925 0.137854 1.13372 55 29 210
-0.0700749 0.129058 0.967848 32 33 214
-0.221623 0.164899 0.970995 62 37 207
-0.221149 0.0673552 1.0241 60 13 211
-0.0966403 0.114819 0.967714 44 31 213
-0.0422379 -0.094326 0.996614 25 24 216
-0.183739 0.0613924 1.0178 59 14 211
-0.199951 0.0508011 1.02461 63 11 210
-0.250806 0.0469368 0.932241 82 12 203
-0.213246 0.0775898 0.697214 102 28 192
-0.0375816 -0.055426 0.999664 21 14 218
-0.0664003 0.163398 0.964546 27 38 214
-0.258181 -0.0392433 1.02333 72 9 206
-0.0967021 0.109129 0.964004 38 27 214
-0.143668 0.194135 0.983087 44 44 210
-0.222892 0.0439902 1.01877 62 8 210
-0.466247 -0.0385471 1.00498 124 7 181
-0.21252 0.0537779 1.01657 66 14 208
-0.225399 0.0645499 0.695554 114 29 185
-0.241404 0.085194 0.859417 93 27 197
-0.211098 0.0488453 1.0062 75 14 205
-0.0809083 0.0339616 0.979944 33 8 216
-0.198587 0.0203391 1.05583 59 4 211
-0.183055 0.110225 1.01783 57 25 210
-0.200009 -0.0207506 1.01312 53 6 213
-0.180212 -0.0243069 1.02468 51 6 213
-0.173389 -0.00867605 1.03847 51 3 213
-0.208968 -0.0441012 0.976678 62 12 210
-0.205317 -0.114307 0.994816 68 27 206
-0.193025 -0.00131515 1.04354 58 1 211
-0.0734319 0.0490636 0.979707 32 13 216
-0.130121 -0.101302 1.00922 45 25 213
-0.0759334 0.0525781 0.979157 35 14 216
-0.0742153 0.0475035 0.966949 31 11 217
-0.0746476 0.0512662 0.985976 36 14 216
-0.186723 -0.0196528 1.00515 58 5 211
-0.0859025 0.0263398 0.970547 36 6 216
-0.232739 0.00976299 0.966008 69 0 208
-0.143475 -0.0133954 1.00635 49 3 214
-0.177654 0.0894405 1.02608 52 19 212
-0.186878 -0.000954815 1.06095 54 1 212
-0.223428 -0.099445 0.995169 71 24 206
-0.20098 0.000424706 1.05844 54 2 213
-0.160613 -0.0743418 0.98749 55 19 211
-0.300686 -0.00333347 0.927322 107 2 192
-0.383489 -0.1699 1.0521 107 37 188
0.0189207 -0.095469 1.00532 9 24 218
0.0967056 0.136774 1.03722 13 33 216
-0.0875169 0.0148932 0.973127 37 3 216
0.00150455 -0.0857001 0.991767 10 21 218
-0.223647 0.0120856 1.05393 63 2 210
-0.222662 0.0122083 1.04922 62 1 210
-0.145466 -0.0250315 1.01124 46 6 214
-0.195044 -0.0245409 1.00493 61 6 210
-0.0861194 0.0143991 0.966822 36 3 216
0.104838 0.0671937 1.01382 14 17 218
-0.0981676 0.113382 0.969166 33 25 215
-0.0508752 0.063091 0.967066 24 13 218
-0.0898466 0.0565867 0.967497 35 13 216
-0.191494 -0.0400443 1.05084 56 10 212
-0.231721 0.189332 0.983877 63 41 206
-0.148187 0.0711408 0.997439 50 17 213
-0.0955345 0.133617 0.953881 36 32 214
-0.149631 0.127119 0.986717 49 30 211
0.0569157 0.192757 1.06539 4 40 216
-0.176283 0.0846622 0.983385 56 19 211
-0.147996 0.125845 0.985147 50 31 211
-0.222619 0.0124499 1.02626 75 5 206
-0.0440642 0.0200429 0.969069 24 3 218
0.00188011 -0.0704461 0.98724 6 18 219
-0.210581 0.0359789 0.963203 60 6 211
-0.19121 0.0466829 0.954799 73 14 206
-0.270667 -0.045833 1.0503 82 10 203
-0.195666 0.0553364 1.03912 62 12 210
-0.183898 -0.0379586 1.02434 57 9 212
-0.263093 0.181042 0.937019 75 42 202
0.000122804 -0.0702666 0.998294 10 17 218
-0.170443 -0.00135601 0.642868 78 3 205
0.0165782 0.184163 0.960326 6 44 215
-0.0330198 -0.0500105 0.991569 14 12 219
0.0162634 0.18716 0.977324 5 43 215
-0.168952 0.0506467 1.02763 56 13 211
-0.156438 0.121215 1.01597 52 29 211
-0.191913 -0.0603557 1.05952 57 13 211
-0.099457 0.0151932 0.970207 41 5 215
-0.190317 0.155552 0.976081 60 36 208
-0.0488497 0.11339 0.978936 27 29 216
0.00639122 -0.0296549 1.004 8 9 219
-0.0531337 0.0683934 0.963411 30 18 217
0.0020776 0.143566 1.00203 11 33 217
-0.182745 -0.00774098 1.05492 54 2 212
-0.0454895 0.110322 0.957191 22 26 217
-0.0596759 -0.0678188 0.998089 29 17 217
-0.263918 -0.0310059 1.0484 73 7 207
-0.223729 0.0110519 1.03211 73 4 207
-0.222808 0.120663 0.722262 88 36 197
-0.133636 -0.0999601 1.0025 49 25 212
-0.0470473 0.0214854 0.977811 27 5 218
-0.199282 -0.0240522 1.01779 63 6 210
-0.0332859 -0.0544497 0.990366 14 14 218
-0.0763706 -0.0702003 0.98589 37 18 215
-0.0507095 0.0757117 0.980532 27 20 217
0.00165347 0.00544192 1.00496 11 0 219
-0.228402 0.122979 1.00746 68 28 206
-0.207852 -0.0325434 1.02088 63 8 210
0.0103278 0.0426818 0.997602 9 9 219
-0.231884 0.191897 0.991394 65 42 205
-0.105812 0.125969 0.960805 42 32 213
-0.174453 0.154889 0.970825 55 36 209
-0.216054 0.0823511 0.720685 98 28 194
-0.212156 0.0604095 0.989224 62 12 210
0.00897624 -0.045602 1.00557 5 12 219
-0.250117 0.0232515 0.921638 79 5 204
0.0238588 -0.0795211 0.9943 4 20 218
0.0055671 -0.0619733 0.969178 17 16 218
-0.188358 0.0550523 1.03111 61 12 210
-0.338046 0.0847116 1.12391 84 19 201
-0.179031 0.022076 1.01126 46 3 214
-0.0772502 -0.0544823 0.987943 39 14 215
-0.0472487 0.00759903 0.988357 26 1 218
-0.0228953 0.114414 0.98283 20 29 216
-0.00836205 0.122858 0.976202 13 31 217
-0.0236603 0.00533706 0.99165 17 0 219
-0.0717002 0.0436474 0.983102 32 11 217
-0.148515 0.0575028 0.999585 47 12 214
-0.256438 0.0466778 0.956706 77 11 205
-0.181586 0.0554427 1.03109 60 14 210
-0.0495247 -0.0825445 0.987256 27 21 217
-0.364153 -0.0605241 1.0286 97 13 196
-0.28063 0.0647962 1.28612 53 10 213
-0.161538 0.165533 0.962022 55 41 208
-0.212121 -0.046993 0.987177 76 10 205
-0.325163 -0.125957 1.03533 95 29 195
0.00251385 -0.00151756 0.988552 10 2 219
-0.225669 0.0856257 1.01516 74 21 205
-0.241123 0.0329933 0.876392 87 8 201
-0.201593 0.0510203 1.02452 60 11 210
0.0235265 -0.0805845 1.00146 4 20 218
-0.182795 0.000352155 1.04598 66 1 209
-0.0331087 0.0444856 0.993636 24 11 218
-0.326472 -0.126076 1.0383 95 29 195
-0.198532 -0.0409352 1.04147 64 9 209
-0.143663 -0.0137954 1.00612 52 2 213
-0.177307 0.0632707 1.04076 51 12 213
-0.193842 0.111044 1.03086 60 25 209
-0.239335 0.19055 0.987366 63 41 206
-0.156643 0.112208 1.01507 48 25 212
-0.20213 -0.0240116 1.02877 55 7 212
-0.176155 -0.00599899 1.06516 48 2 214
-0.165281 0.0572894 1.0458 52 13 213
-0.065564 0.162366 0.961496 27 38 214
-0.196777 0.096934 1.01697 58 21 210
-0.201931 0.00937997 0.955498 55 1 212
-0.180178 0.0424104 1.02045 58 10 211
-0.144548 0.19372 0.986611 45 44 210
-0.221453 0.116181 0.645973 105 41 188
-0.222179 0.0477609 0.756144 98 16 195
-0.223826 0.0328109 0.770654 95 11 197
-0.204276 0.0835201 0.650221 93 26 197
-0.18294 0.187049 0.634752 87 66 190
-0.166325 -0.00858221 0.633848 93 4 198
-0.226954 0.138624 0.747228 91 41 195
-0.212959 0.172376 0.664946 92 57 191
-0.197244 0.1164 1.06519 67 31 207
-0.20052 0.107541 0.997491 67 28 207
-0.319294 -0.0390136 1.05531 81 10 204
-0.208507 0.0595502 1.00285 65 14 209
-0.172557 -0.018546 1.00534 59 4 211
-0.231835 0.0960943 0.647488 112 34 185
-0.234209 0.0855186 0.816641 96 29 195
-0.0977047 0.194455 0.999994 31 43 213
0.0538326 0.196098 1.02677 3 43 215
0.0051907 -0.0282829 0.98485 10 8 219
-0.182558 -0.0663009 1.04899 65 15 209
-0.155858 -0.041441 1.04731 57 8 212
-0.0757617 -0.0699694 0.983709 38 17 215
-0.0549179 -0.104955 0.974937 33 28 215
-0.0544617 -0.0940057 0.977766 28 25 216
-0.174524 0.0558064 1.06175 57 14 211
-0.0993185 0.114479 0.974506 41 31 213
-0.226446 0.111734 1.00175 77 32 203
-0.0578057 -0.078434 1.0084 19 19 218
-0.0462209 0.00719792 0.983193 27 1 218
-0.0392064 0.123732 0.96752 21 29 216
-0.0712681 0.0220254 0.972317 34 5 217
-0.0453493 0.0188775 1.00584 30 5 217
-0.0906849 0.00794262 0.97481 28 0 218
-0.113384 -0.174755 1.1036 43 40 211
-0.20712 0.0124105 1.04998 57 0 212
0.00201811 -0.0016941 0.965662 13 0 219
-0.052074 0.0320795 0.986605 27 8 217
0.00320577 0.129816 0.972766 10 31 217
-0.0136774 0.119298 0.988451 15 29 217
-0.196832 0.107123 1.02061 59 24 210
-0.223508 0.0326406 0.770551 104 14 192
-0.221201 -0.145153 0.991707 79 36 201
-0.313749 0.000170736 1.08647 91 3 199
-0.212809 0.120345 1.02592 60 27 209
-0.182302 0.088147 1.02004 54 19 212
-0.451782 -0.10945 1.03055 118 23 183
-0.21694 -0.031661 1.01095 60 9 211
-0.176614 -0.0205013 1.01778 55 5 212
-0.156356 0.11213 1.01289 49 26 212
-0.265303 -0.0417791 1.05188 68 10 208
-0.17797 0.0437976 1.03292 62 12 210
-0.109478 0.192226 0.992173 36 43 212
-0.222674 0.0163724 1.0575 57 1 212
0.00100185 -0.0739366 1.02472 12 18 218
0.0231607 -0.0840078 1.035 4 20 218
-0.014368 0.123909 0.96631 15 30 217
0.00290685 -0.0250554 1.00606 9 8 219
0.00163639 -0.0843023 0.972746 12 22 218
-0.013227 -0.0531619 0.986732 17 14 218
-0.178023 0.0963712 1.01871 57 23 210
-0.149573 -0.0473616 0.997076 51 11 213
-0.250147 0.024187 0.921102 81 5 203
-0.0876909 0.0282617 0.990168 34 5 217
0.010957 0.0675125 0.95835 4 14 219
0.0778226 0.155194 1.04485 9 33 217
0.0599805 0.173801 1.0281 5 38 216
-0.0919815 0.133929 0.967109 35 33 214
-0.171668 0.110128 1.01777 57 27 210
-0.180502 0.0421728 1.02469 58 9 211
-0.236365 0.00916188 0.97512 67 0 209
-0.149521 -0.00866069 1.01875 53 1 213
-0.00956696 0.184094 0.962776 11 43 215
-0.159049 -0.0306588 1.02036 50 8 213
-0.181274 -0.122154 0.996541 63 31 207
-0.171009 -0.123548 1.00349 59 31 209
-0.0840413 -0.0695306 0.98373 39 16 215
-0.219025 0.0889001 0.730642 100 32 192
-0.0706745 0.0233129 0.971123 30 4 217
-0.0151263 0.0345206 0.987537 17 8 219
-0.193837 0.0533407 1.02563 59 12 211
-0.313808 -0.155487 1.06623 89 35 197
-0.199225 0.0400574 1.02393 56 7 212
-0.088497 -0.0707434 1.00241 38 18 215
-0.207555 0.0138679 0.68671 109 7 190
-0.221685 -0.00304072 1.04616 62 2 210
-0.182656 -0.0443202 1.02737 64 9 209
-0.183476 0.0226259 1.03605 56 4 212
-0.242637 0.126218 0.86374 80 32 202
-0.167415 -0.00890881 1.0285 52 2 213
-0.220736 0.138881 0.969639 63 32 207
-0.198154 0.00199863 0.650953 102 1 194
-0.0721608 0.0187736 0.967305 31 5 217
0.00734171 -0.0524346 0.996591 5 13 219
0.0116515 0.130617 0.951987 6 30 217
-0.0155903 0.127341 0.990922 15 30 217
-0.297818 -0.0256386 1.0507 82 5 203
-0.0269149 0.00962925 0.998922 22 1 218
0.0218382 0.0962995 0.984717 3 21 218
-0.218638 0.0236145 1.00632 78 9 205
0.0839161 0.109296 1.01828 12 23 218
-0.21545 -0.0833247 1.06557 71 18 207
-0.0641527 0.102193 0.976364 28 24 216
-0.191166 0.0543627 1.02494 64 14 209
-0.0738987 -0.0394051 1.31382 22 5 218
-0.149972 -0.0746098 0.997816 53 20 212
-0.0255763 0.0052028 0.993514 15 1 219
-0.172386 0.177685 1.02609 47 38 211
-0.208393 0.165242 0.966032 62 39 207
-0.0974982 0.0133923 0.965852 38 2 216
-0.173263 0.0218614 0.986656 46 3 214
-0.140329 0.0280413 0.755032 52 6 213
-0.0155944 0.0349406 0.991879 17 8 218
-0.0940859 0.0970604 0.967724 39 25 214
-0.230014 0.127056 1.01203 62 27 209
-0.0324575 0.0141148 0.956267 21 2 218
-0.0195142 0.0221231 0.998543 17 4 219
-0.0348341 -0.0310856 0.99181 22 8 218
-0.235788 0.00941535 0.974139 69 0 208
-0.0597777 -0.0685828 0.998468 30 17 216
-0.184316 -0.0189772 1.00668 65 3 209
-0.0572053 0.128789 0.986732 28 34 214
0.106458 0.0677955 1.02547 15 15 218
-0.427381 -0.077798 1.00864 118 17 184
-0.167924 0.165622 0.963703 52 39 209
-0.0555722 0.12657 0.967807 25 30 216
-0.159595 -0.0106862 1.01999 43 4 215
-0.206821 0.0528754 1.01127 61 11 210
-0.16927 0.0466595 1.02232 52 10 213
-0.167883 0.0548755 1.03035 52 12 213
-0.0709819 0.058686 0.981451 33 15 216
-0.180481 0.109767 1.01131 57 26 210
-0.0751252 0.0513492 0.973624 29 10 217
-0.210742 0.0576745 1.01468 63 13 210
0.0317504 -0.0372175 0.980295 0 10 219
-0.170895 0.090592 1.01837 53 21 212
-0.312777 0.026464 1.48366 50 3 213
-0.0791626 -0.0299582 0.98494 34 8 217
-0.167515 0.0548317 1.02989 53 13 212
-0.175769 -0.0190411 1.00542 52 6 213
-0.0518895 0.032161 0.985162 26 7 218
-0.0429019 0.137703 0.961822 24 33 215
-0.0988162 0.0153704 0.968923 45 4 214
0.0193098 0.0287218 0.986427 6 6 219
-0.0208871 0.00424338 0.99069 20 1 218
-0.159277 0.10421 1.04056 44 21 214
-0.405142 -0.0443292 1.02369 109 9 190
-0.0745651 -0.0338449 0.968021 34 9 216
-0.0675918 0.129739 0.969745 34 39 213
-0.174088 0.10707 1.01849 53 26 211
-0.15043 -0.0250534 1.02496 50 6 213
-0.212144 -0.0334136 1.02417 61 8 210
-0.172707 0.0965782 1.01851 55 24 210
-0.0877349 0.0391439 0.982972 35 9 216
-0.173443 0.0619801 0.920699 53 13 212
-0.162758 -0.0100568 1.02569 51 3 213
-0.216929 -0.0141803 1.06973 61 3 210
-0.0161465 0.115409 0.979663 14 27 217
-0.203341 0.117784 0.993534 58 26 210
-0.092699 -0.0101763 0.9736 39 3 216
-0.191852 0.0168951 1.04738 54 2 213
-0.18615 0.0908528 1.01631 57 21 210
-0.188334 0.0611102 0.918327 56 13 211
-0.233133 0.176129 0.766791 84 50 196
-0.199532 0.0539604 1.02677 56 11 212
-0.208615 -0.0687245 1.03007 51 16 213
-0.219154 0.0883773 1.0456 60 19 210
-0.0821066 0.0151795 0.961304 34 2 217
-0.162735 -0.0256408 1.02251 53 6 213
-0.0507768 -0.00516307 0.985735 27 1 218
0.00377842 0.128802 0.968224 10 31 217
-0.22425 0.016417 1.06689 60 1 211
-0.180216 0.109907 1.01125 57 26 210
-0.159663 0.116743 0.995476 52 29 211
-0.224915 -0.0381154 1.0327 74 7 206
-0.0604569 0.132625 0.971362 21 30 216
-0.149617 0.0287929 1.00235 49 6 214
-0.179412 0.0372318 1.04719 52 7 213
-0.154596 -0.00830936 1.03291 51 2 213
-0.306053 -0.00306884 0.937655 107 2 192
-0.0497054 0.00758753 0.983297 21 0 218
-0.212986 -0.0338732 1.02716 63 8 210
-0.239263 0.0730055 0.825669 101 27 193
-0.088836 0.00150485 0.980162 35 0 216
-0.211993 0.067874 1.01805 71 19 207
-0.421662 -0.0783828 1.01383 116 17 185
-0.350742 -0.0593006 1.00486 103 13 193
-0.244157 0.0579204 0.907032 89 19 199
-0.220368 -0.144897 0.989386 77 37 202
-0.0169577 0.0352822 1.00345 17 8 219
0.0642228 0.183081 1.08502 5 37 216
-0.0884663 0.042653 0.972621 36 10 216
-0.165624 -0.0431487 1.02921 49 9 213
-0.236192 0.119568 0.819401 83 32 200
-0.0778374 -0.0546609 0.990032 38 13 215
-0.147817 -0.153843 1.07266 54 36 209
-0.0532713 -0.142045 1.00522 33 37 214
-0.221096 0.0283575 0.753758 111 13 189
-0.0154555 0.0345348 0.99934 13 6 219
-0.212628 0.0323667 0.705145 95 10 197
-0.470388 -0.151594 1.05299 118 32 182
-0.22462 0.0685787 0.788378 83 17 202
0.0213968 -0.0659538 1.00048 3 17 219
0.0198116 0.0307701 0.972123 5 7 219
-0.21776 0.17524 0.675607 90 56 192
-0.207936 0.130216 0.651081 92 43 194
-0.1478 0.0716929 0.998586 53 18 212
-0.0816475 0.0970581 0.959985 37 25 215
-0.174949 0.0624554 1.0327 52 13 213
-0.302764 -0.00921505 0.97127 89 3 200
-0.192395 0.0234009 1.08391 57 4 212
-0.144029 0.138574 0.958595 48 33 211
-0.367662 -0.00107841 1.05192 103 0 194
-0.198099 -0.120669 0.992257 64 29 207
-0.448187 -0.153463 1.04619 117 33 183
-0.178848 0.0653436 0.985998 61 15 210
-0.212374 0.051621 0.662547 97 14 196
-0.301943 0.0003869 1.06058 91 3 199
-0.203481 0.130687 0.643873 96 45 192
-0.223852 0.0821636 0.755931 95 27 195
-0.407111 -0.168013 1.05902 111 36 185
-0.23366 0.131553 0.974456 72 31 205
-0.198554 0.0189322 1.05662 54 1 213
0.0154983 0.187946 0.975862 6 44 215
-0.206015 -0.0143199 1.04365 63 3 210
-0.421974 -0.0781842 1.01408 117 16 185
-0.0423803 -0.0697248 1.01018 24 18 217
-0.27484 -0.0291498 1.05346 81 4 203
-0.232131 0.132171 0.97078 69 31 206
-0.0981969 0.00657636 0.979938 36 0 216
-0.173391 -0.0241552 1.01244 56 6 212
-0.143144 -0.0599113 0.999537 45 15 214
0.0180034 0.17024 0.95351 5 40 216
0.014273 0.171162 0.891413 3 42 215
-0.144034 -0.114115 1.00133 55 29 210
-0.0736893 -0.0533054 0.972613 36 13 216
-0.0853954 0.0560384 0.978173 36 14 216
-0.0197309 0.0675097 0.992872 16 15 218
-0.246535 0.0459705 0.893905 82 12 202
-0.225716 -0.021858 0.974069 82 3 203
-0.0619754 0.0293869 0.984217 30 7 217
-0.210619 0.0847921 1.00491 65 20 208
-0.235945 0.00352591 0.981213 75 1 206
-0.209381 -0.0141381 1.05611 55 4 212
-0.0890426 0.0126964 0.973495 37 3 216
-0.139231 0.13569 0.979295 46 31 212
-0.049561 0.120361 0.976641 25 29 216
-0.104241 -0.0660252 1.8167 16 9 219
-0.171491 -0.00965376 0.636275 93 4 198
-0.197354 0.096314 1.02174 64 25 208
-0.215968 0.0301778 0.720306 85 6 202
-0.0140418 -0.0536141 0.994192 17 13 218
-0.17389 -0.018827 1.00963 57 5 212
-0.21699 0.110721 1.0019 69 27 206
-0.153717 -0.061022 1.00008 60 14 211
-0.251548 0.124432 0.90594 81 31 201
-0.23105 0.0420429 0.816979 83 9 203
-0.0984451 0.0120137 0.972217 40 2 216
-0.226255 -0.0636506 0.983405 73 15 206
-0.180515 0.0533071 1.02096 63 14 209
-0.092826 -0.010741 0.976461 39 3 216
0.0153421 0.188711 0.970733 6 44 215
-0.0604433 0.0292752 0.974599 30 7 217
0.0579923 0.167532 1.01469 6 36 216
-0.146519 0.0257144 1.00283 50 5 213
-0.219403 0.0244635 0.996343 61 3 211
-0.0732997 0.179635 0.938965 29 43 213
-0.149869 0.192536 0.98609 44 43 210
-0.0140836 -0.0418983 0.858995 26 11 217
-0.162899 0.0691972 1.02803 47 14 214
-0.243845 0.117514 0.855657 80 29 202
-0.208014 0.0266187 0.682767 95 6 197
-0.220534 0.0825915 0.726945 95 27 195
-0.246755 0.150302 0.869884 83 39 199
-0.212986 0.0854134 1.01545 66 20 208
-0.214467 -0.0378622 0.990515 63 12 210
-0.0446099 0.116827 0.959983 32 36 214
-0.213936 0.0465172 1.018 75 14 205
-0.142149 -0.10144 1.00441 52 25 211
0.0206411 -0.0629775 0.965961 7 17 219
-0.15214 -0.00438498 1.01531 49 2 214
-0.0682067 0.00576845 0.995127 32 1 217
-0.184234 -0.118262 0.998768 56 28 210
-0.0165103 -0.0497439 1.00722 18 13 218
-0.139561 -0.0364184 0.993492 47 10 214
-0.0727664 0.0490243 0.976153 35 12 216
-0.0790421 0.0431194 0.97059 31 10 217
-0.13047 -0.0843477 1.00677 50 20 212
0.0312764 -0.0420512 0.994982 2 11 219
-0.138359 0.134505 0.973373 47 32 212
-0.155782 -0.0601593 0.991543 49 15 213
-0.00431946 0.0742768 0.993507 12 17 218
-0.0414727 0.00760275 0.96704 25 1 218
-0.0298964 0.124854 0.987598 20 32 216
0.0541374 0.19992 1.04234 4 43 215
-0.0757865 0.00288377 1.81786 13 0 219
0.0152541 -0.00368507 1.02101 7 2 219
-0.194773 -0.00172819 1.06002 56 1 212
-0.207581 -0.032498 0.967662 56 9 212
-0.147001 -0.00315519 1.01813 40 2 216
-0.157747 -0.116668 0.995252 57 29 210
-0.140988 -0.100876 0.999998 53 25 211
-0.0979009 0.00793858 0.968009 41 2 215
-0.316751 -0.0338786 1.14597 70 8 208
0.0605438 0.140401 1.10382 3 31 217
-0.190648 -0.00472721 1.04648 54 2 212
-0.225986 0.0591145 1.00605 75 16 205
-0.211101 0.03677 1.01459 61 7 210
-0.209153 -0.0824388 1.02675 61 21 210
-0.208998 0.042186 1.22314 46 6 214
-0.049018 -0.0853027 0.978893 31 22 216
-0.108952 -0.12473 1.09866 38 28 214
-0.14324 0.193246 0.981852 44 44 210
-0.25263 0.177062 0.891362 75 43 201
-0.0505632 0.118019 0.974316 26 31 215
-0.107854 0.196016 0.993061 34 44 212
-0.148132 0.0514089 1.00002 53 13 212
-0.201837 0.0372057 1.03106 63 9 210
-0.218522 0.000471919 1.04579 57 1 212
-0.455962 -0.14765 1.03088 118 31 182
-0.184727 0.0169634 1.03813 50 1 214
-0.18442 9.38761e-05 1.05213 54 0 212
-0.221092 0.112904 1.01891 74 31 204
-0.249649 0.0789399 0.92246 83 20 202
-0.148141 -0.154156 1.07531 53 37 210
-0.211532 0.0605148 1.01362 71 17 207
-0.212287 0.0198932 1.05996 62 4 210
-0.0266717 -0.0695792 1.02148 16 17 218
-0.241426 0.0300681 0.811259 101 12 194
-0.0221874 0.113128 0.973461 22 31 216
-0.247898 0.442959 2.69312 25 37 215
-0.0800286 -0.00773009 0.989344 36 2 216
-0.0362019 -0.0488484 0.989481 23 13 218
-0.0681576 0.101452 0.97003 30 26 215
-0.0329514 -0.00424249 1.00615 27 0 218
-0.0796398 -0.00729021 0.972399 37 2 216
-0.00244462 0.0366028 0.98363 15 11 218
0.0339814 0.0288423 0.627019 11 13 218
-0.437586 -0.11254 1.02965 116 24 184
0.018136 0.0293922 0.993509 7 6 219
-0.0192251 0.00878671 0.972697 18 1 219
0.0264421 0.142333 1.12145 5 31 217
-0.00643825 0.186173 1.2943 14 39 215
-0.139489 -0.119475 0.99026 57 32 210
-0.144347 0.018359 0.999171 54 8 212
-0.14051 0.0127061 0.987722 46 1 214
-0.232002 0.131935 0.970944 72 32 204
-0.194785 0.0647134 1.16809 45 11 214
-0.159507 -0.0399268 1.02569 42 10 215
-0.209886 0.0437959 1.00637 63 9 210
-0.196039 0.0961301 1.01643 60 23 209
-0.197296 -0.0243127 1.01156 69 4 208
-0.0333854 0.0537867 0.989137 24 14 218
-0.206841 -0.0143806 1.04523 67 3 209
0.023508 -0.0818101 1.01507 6 20 218
-0.212496 0.0447506 1.02353 63 9 210
-0.209427 0.149272 0.656402 90 49 194
-0.188437 0.0148449 1.06244 62 6 210
-0.213023 0.0881925 1.01872 68 25 207
-0.208815 0.0596521 1.00569 61 13 210
-0.221995 0.116435 1.02749 55 24 211
-0.219567 0.0846765 1.01157 66 18 208
-0.0698608 0.0582521 0.972567 32 14 216
0.00933515 -0.044814 0.980186 10 12 219
-0.225258 0.0993262 1.02263 70 24 207
0.035481 -0.06148 1.00145 1 16 219
-0.217403 0.0920231 0.99702 69 23 207
-0.17129 0.0908781 1.02126 55 21 211
-0.219307 -0.144786 0.986952 76 37 202
-0.217733 0.0936002 1.01611 65 21 208
-0.2325 0.0663607 1.03306 60 13 211
-0.0990531 0.0257903 0.970431 40 6 216
-0.224822 0.120606 0.99437 67 28 207
-0.218841 0.0609607 0.988697 69 15 207
-0.215653 0.00672831 1.05588 61 0 211
-0.0847905 0.155205 0.963306 34 38 213
-0.0597934 0.0197057 0.974142 31 5 217
-0.158957 0.0987483 1.02605 54 25 211
-0.234216 0.136216 0.804812 88 39 197
-0.251911 0.0346329 0.908644 79 7 204
-0.206434 0.102792 0.643996 100 36 192
-0.0809657 -0.0359668 1.01772 35 8 216
-0.206041 0.0378997 0.660875 97 11 196
-0.20779 0.0595903 1.02243 66 14 209
-0.199094 0.1694 1.05205 51 35 210
-0.0355633 0.101996 0.982809 24 27 216
-0.204883 0.01904 1.00014 61 3 210
-0.0760678 -0.0523748 0.98514 36 13 216
-0.201365 0.0602837 0.996787 69 16 208
-0.044141 -0.0781974 0.994524 32 20 216
-0.0450256 0.0459088 0.976827 20 9 218
-0.166997 -0.0253488 0.991763 66 4 209
-0.25763 0.178078 0.923845 74 42 202
-0.205457 -0.0336147 1.01896 62 10 210
0.0217228 -0.0631635 0.959006 5 17 219
0.00105071 0.00635799 0.996909 11 0 219
-0.0469463 0.00145777 0.986671 25 0 218
-0.0290316 0.138925 0.968226 18 33 216
0.0018387 -0.00150148 0.924092 11 0 219
-0.160754 0.167403 0.97174 50 39 210
-0.182923 -0.0378421 1.0216 58 9 211
-0.0943471 0.00545059 0.980738 40 1 216
-0.313293 -0.12296 1.01011 96 29 195
-0.00382445 0.0449766 1.01032 13 9 219
-0.0367364 0.0141371 0.98945 25 3 218
-0.0323336 0.0193652 0.989637 23 3 218
-0.172205 0.0688846 1.02041 60 18 210
-0.0353987 0.114995 0.966077 24 29 216
-0.213861 0.111412 1.01386 60 26 209
-0.218974 0.112556 1.01396 66 27 207
-0.193209 0.193614 1.10113 47 38 211
-0.0688687 0.103914 0.977242 33 29 214
-0.243391 0.0248256 0.897451 82 5 203
-0.139111 -0.0520302 0.998444 38 13 216
-0.0654433 0.162244 0.957237 26 38 214
-0.166487 0.110574 1.02237 54 26 211
-0.0696166 0.119907 0.964704 32 31 215
-0.166805 0.0371839 1.04023 48 6 214
-0.0820377 0.02703 0.953446 33 4 217
-0.224005 -0.00293403 1.05335 60 2 211
-0.053047 -0.00523461 0.986478 23 3 218
-0.264809 0.027971 0.97213 70 4 208
-0.144826 0.0705305 0.990097 53 19 212
-0.145832 0.0639043 0.994859 51 16 212
-0.175684 0.055544 1.03038 58 15 211
-0.211902 -0.00382992 1.05582 54 2 212
-0.0556378 0.119934 0.971192 30 32 215
-0.0781369 0.0561704 0.974083 32 13 216
-0.240533 0.0105999 0.964216 88 6 201
-0.253515 0.0748971 0.935634 79 18 204
-0.212684 0.0542403 1.01634 63 11 210
-0.343966 -0.0815162 1.04741 100 18 194
-0.0393633 0.126599 0.977304 24 31 216
-0.228298 -0.0442265 1.02686 80 8 204
-0.451678 -0.11501 1.02293 119 24 183
-0.129536 -0.101652 1.00475 47 25 213
-0.446222 -0.0906566 1.01724 118 19 184
-0.0402678 -0.133777 0.989222 26 35 215
-0.453905 -0.154986 1.05554 116 33 183
-0.0342807 -0.106845 1.00179 20 26 217
-0.482458 -0.0367556 1.02975 124 6 181
-0.0603622 -0.027725 0.540302 82 13 201
-0.269238 -0.136508 1.05016 81 32 201
-0.375057 -0.162438 1.05247 103 36 190
-0.220304 0.0965477 1.01778 73 26 205
-0.231142 -0.159952 1.06762 72 37 204
-0.0657921 0.00651528 0.987944 32 1 217
-0.201412 4.54518e-05 0.653233 113 2 188
-0.251271 0.0869303 0.912703 85 24 200
-0.0868813 0.0488115 0.976327 37 12 216
-0.0903408 0.057235 0.969119 38 14 215
0.00505176 -0.0529607 1.00049 9 14 219
-0.0340449 -0.055338 1.00335 21 13 218
-0.0331656 -0.00372337 0.979049 22 0 218
-0.191676 -0.00302426 0.763525 88 1 201
-0.190215 -0.00256573 0.694837 77 3 205
-0.292169 -0.0535762 1.05437 82 12 203
-0.192137 0.0175192 1.03869 56 2 212
-0.208308 -0.0328366 1.02167 62 8 210
-0.0669948 0.0126819 0.979757 30 2 217
-0.0284934 0.00951871 1.00722 23 2 218
-0.0971098 0.134312 0.95998 39 34 213
-0.0183378 0.12918 0.990296 24 38 214
-0.0889514 0.0626224 0.981143 34 16 216
-0.0786274 -0.0451929 1.35279 22 8 218
-0.183824 0.122419 1.02979 57 28 210
-0.152784 -0.157661 1.09479 54 37 209
-0.0922088 0.0156236 0.996422 44 5 215
-0.208658 -0.118535 0.993489 68 28 206
0.0280549 0.00835761 0.977361 4 2 219
-0.426933 -0.0429489 1.05607 117 7 185
-0.306625 -0.187365 1.08785 88 41 197
-0.243969 0.0371276 0.897606 93 14 198
-0.0472987 -0.0274491 0.836724 33 6 216
-0.188892 0.0949642 1.01276 58 22 210
-0.18671 0.0917696 1.01369 54 21 211
-0.184056 -0.0253752 1.0291 52 7 213
-0.173011 0.014539 1.01303 51 2 213
-0.150253 0.164822 0.970652 46 38 211
-0.227606 0.0223412 1.05477 79 9 204
-0.196858 -0.134111 0.931871 81 37 200
-0.226355 0.0931586 1.05663 75 27 204
-0.0459927 0.017427 0.992843 22 5 218
-0.00243711 -0.071812 1.02609 10 17 218
-0.181011 -0.0249186 1.02752 55 6 212
-0.202017 0.116744 0.979082 60 26 209
-0.176389 0.0554068 1.03032 55 13 212
-0.219643 0.120295 1.01634 69 29 206
-0.165953 0.0639166 1.02203 52 14 213
-0.222817 0.0541095 1.01414 67 12 208
-0.243995 0.038006 0.863997 95 14 197
-0.0873189 0.0162246 0.969577 41 4 215
-0.0552778 0.073661 0.978187 30 21 216
-0.0151163 0.0719864 0.968797 18 18 218
-0.213853 -0.0822587 1.02817 60 20 210
-0.225346 0.100989 0.980821 71 23 206
-0.175106 -0.0201112 1.01524 58 5 211
-0.235104 0.0355906 0.838044 89 9 200
-0.195037 0.0959027 1.01195 66 26 207
-0.0786341 0.034748 0.986333 37 10 216
-0.21095 0.0399663 1.01196 62 8 210
-0.183201 0.0635014 0.938536 54 13 212
-0.164702 -0.0517426 0.998921 56 12 211
-0.143075 0.0412824 0.987496 50 10 213
-0.0705342 0.121934 0.965656 33 32 214
0.00808071 -0.0474416 1.03233 6 12 219
0.00123023 -0.0856762 0.992579 12 22 218
0.0154257 0.0278328 0.990197 8 5 219
0.0310731 -0.0249091 1.0142 1 7 219
-0.146577 0.0273022 1.00895 47 5 214
-0.189089 0.0402916 1.02717 56 9 212
-0.187567 -0.115639 0.999144 64 29 207
-0.161044 -0.00915825 0.618871 105 0 192
-0.0024217 0.0687917 0.97017 10 14 219
-0.0748125 -0.0585682 0.981836 34 15 216
-0.0483481 -0.0855203 0.977866 26 22 217
-0.0331085 -0.0487267 0.997637 20 12 218
-0.0643329 -0.0830768 1.06187 33 20 216
-0.0862816 0.062636 0.970578 41 17 215
-0.0255517 -0.0741548 1.01321 16 18 218
-0.0876691 -0.00826268 1.00112 32 1 217
-0.0348092 0.100834 0.965014 20 26 217
0.0174906 0.0309333 0.979547 6 8 219
-0.0911582 -0.00810947 1.04238 35 1 216
-0.0541653 -0.0742957 0.958485 25 19 217
-0.245753 0.0362356 0.907711 86 11 201
-0.184656 0.0628155 1.02159 62 16 210
-0.22774 0.101631 0.98707 71 24 206
-0.164439 -0.00650458 1.02434 46 3 214
-0.0719335 0.109858 1.04924 22 22 217
-0.161607 0.141705 0.983168 51 33 211
-0.233881 0.00353907 0.978672 84 3 203
-0.206562 0.10763 1.01489 72 31 205
-0.179769 0.107619 1.00212 53 23 212
-0.181246 0.0421968 1.02958 54 8 212
-0.0344317 0.0144257 0.976878 21 2 218
-0.172036 0.0157385 1.02615 55 3 212
-0.197056 0.0894284 1.05545 61 22 209
-0.0791435 0.0439777 0.968391 36 11 216
-0.243814 0.0335799 0.88739 82 8 203
-0.230125 0.120323 0.77735 89 35 197
-0.134019 -0.0940771 1.0041 45 23 213
-0.153451 0.0547763 1.01329 57 16 211
-0.18676 0.0877035 1.01566 59 21 210
-0.234462 0.0112449 0.979561 76 2 205
-0.0853981 0.0144487 0.964877 38 3 216
-0.00292462 0.0473149 0.991248 12 11 219
0.016278 -0.00124193 0.998199 7 0 219
-0.000358824 -0.0690985 0.989989 10 17 218
-0.0490876 0.0753321 0.974842 27 21 216
-0.202921 -0.000162814 0.655771 113 3 188
-0.0419911 0.113863 0.922201 25 29 216
-0.160249 -0.0221172 1.01227 53 5 213
-0.0397959 0.139611 0.979996 22 33 216
-0.22252 -0.0149368 1.05763 63 3 210
-0.226367 0.104162 0.990773 68 24 207
-0.198342 0.0106251 1.06624 61 1 211
-0.251708 0.111649 0.914234 78 27 203
-0.067988 0.130241 0.971904 29 32 215
-0.307992 -0.00289811 0.940209 106 2 192
-0.196515 -0.0267681 1.0379 58 6 211
-0.229079 0.00376462 0.966195 81 2 204
-0.449042 -0.109453 1.02537 119 23 183
-0.338359 -0.156676 1.05766 96 35 194
-0.0429149 -0.0778151 0.992556 27 20 217
-0.216722 -0.110331 0.968734 79 28 203
-0.482113 -0.156653 1.0345 121 33 180
-0.055012 -0.0321222 0.987032 27 9 217
-0.0090781 0.127015 0.988109 15 30 217
0.020761 0.124909 0.969527 4 29 217
-0.183046 0.167444 0.969968 58 39 208
-0.207644 0.0656274 0.650241 101 23 193
-0.0943054 0.116599 0.96099 34 27 215
-0.0260595 0.145769 0.971446 18 35 216
-0.208317 0.0371394 1.02038 56 6 212
-0.138698 -0.0525737 0.995765 38 13 216
-0.0438337 0.00769384 0.984704 24 1 218
-0.213146 0.0847454 1.00931 65 20 208
-0.150772 0.128337 0.988431 48 30 212
0.0553906 0.150067 0.889371 5 38 216
0.0102167 0.133066 0.970195 7 31 217
-0.165796 0.0558864 1.0252 54 13 212
-0.0366131 -0.0557091 0.998071 24 13 217
-0.161558 0.109951 1.00928 53 26 211
-0.236693 0.0264596 0.848415 80 4 204
-0.190344 -0.000684826 1.05115 58 0 211
-0.215399 0.0986211 1.01751 67 26 207
-0.0693858 0.131716 0.962811 30 33 215
-0.0548169 0.117361 0.962617 25 27 216
-0.216504 0.140846 0.693272 91 44 194
-0.114571 0.160585 0.964792 37 37 213
-0.178711 0.0384149 1.03406 53 6 213
-0.147605 0.0160337 1.00179 46 1 215
-0.183193 0.0480572 1.02546 60 11 210
-0.115202 0.182487 0.956242 41 43 211
-0.252534 0.158737 0.90924 78 38 201
-0.221357 0.0949651 1.01312 66 22 208
-0.202204 0.0380123 1.02792 60 8 211
-0.20646 -0.0335426 1.01886 64 8 209
-0.153134 0.168375 0.968253 48 39 210
-0.17601 0.04259 1.01493 60 10 211
-0.232233 0.125596 1.02054 61 26 209
-0.167693 -0.118998 1.00647 56 30 210
-0.163136 -0.0205669 1.02246 53 6 213
0.0161712 0.184354 0.961065 6 43 215
-0.070978 0.0213554 0.968041 34 5 217
-0.242894 0.112896 0.862308 82 30 201
-0.0535773 0.120031 0.969677 27 31 215
-0.0215597 0.132471 0.970461 20 33 216
-0.319538 -0.0354047 1.0266 94 7 198
-0.0115438 0.0591575 0.974551 18 15 218
-0.072147 0.0567461 0.975673 33 14 216
-0.33538 -0.0819134 1.05017 92 18 198
-0.193168 -0.0604619 1.05405 59 15 211
-0.221595 0.0574427 0.992481 61 11 210
-0.102588 -0.00845944 0.970061 41 2 215
-0.0791918 -0.0407119 1.36048 22 5 218
-0.173653 0.0881964 1.0137 55 20 211
-0.0346418 -0.0485026 0.993679 24 12 218
-0.067469 0.130811 0.971941 29 33 215
-0.224456 -0.0380121 1.03064 77 8 205
-0.19694 0.111426 1.01913 60 26 209
-0.190763 0.11072 1.01938 58 26 210
-0.188775 0.105506 0.887351 58 25 210
-0.194289 -0.00337287 1.05047 54 2 213
-0.196998 0.118632 1.00033 63 27 208
-0.19683 -0.00522059 1.06939 53 2 213
-0.196787 0.00996771 1.06169 58 1 212
-0.160006 0.117945 1.00629 48 27 212
-0.110665 0.0892759 0.968992 45 23 213
-0.209086 0.0155699 1.04411 56 1 212
-0.218582 0.059211 1.01282 60 12 210
-0.199009 0.0583833 1.02384 52 11 213
-0.257861 0.181246 0.901881 74 43 202
-0.0247711 0.127899 1.02326 26 37 215
-0.0824289 0.0974596 0.965123 32 24 215
-0.220615 0.099355 1.03444 74 26 205
-0.0560565 0.0599759 0.962092 33 17 216
-0.0476968 0.00286596 0.880318 43 5 215
-0.138133 -0.0725515 0.986858 54 19 212
-0.0855028 -0.0713166 0.988766 38 17 215
-0.174611 0.0444598 1.02865 54 10 212
-0.0867293 0.05819 0.974549 36 15 216
-0.210129 0.0582332 1.01326 58 11 211
-0.437269 -0.0888572 1.00295 117 20 184
-0.0399155 -0.0891783 0.980732 22 23 217
-0.146384 0.111323 0.976452 48 26 212
-0.0749722 0.0536462 0.92866 30 12 217
-0.165583 0.0219298 1.01351 44 3 215
-0.164113 0.0473984 1.03421 53 11 212
-0.208029 0.0355626 1.00507 63 8 210
-0.22493 0.0954264 1.01561 65 22 208
-0.0492637 -0.0829453 0.983405 28 21 216
-0.15895 0.099439 1.02411 49 23 212
0.0580016 0.141817 1.04924 5 29 217
-0.0935822 0.0965784 0.963177 38 25 214
-0.226096 0.0850578 1.01715 69 20 207
-0.219351 0.0948822 1.06931 59 18 210
-0.222436 0.0858412 1.02259 65 20 208
-0.172113 0.0695635 1.07202 51 13 213
-0.233939 0.0963695 1.03115 66 21 208
-0.179539 0.0554 1.02873 57 13 211
-0.17399 0.0597094 1.03974 55 13 212
-0.208918 0.0995378 1.02588 62 22 209
-0.212643 0.086706 1.02715 63 20 209
-0.20674 0.110647 1.01861 62 26 209
-0.204747 -0.0337331 1.01186 61 10 210
-0.209169 0.0537586 1.01207 64 13 209
-0.169636 -0.122926 0.999089 61 31 208
-0.341811 -0.0337735 1.21994 81 6 204
-0.0866243 0.0390595 0.97485 36 9 216
-0.0657952 0.12789 0.965272 26 29 216
-0.0841986 0.0436617 0.962662 39 12 215
-0.240446 0.0726518 0.861439 84 19 202
-0.245407 0.108564 0.869973 87 29 199
-0.188166 0.131856 1.00672 68 36 205
-0.180782 0.10664 1.02493 57 27 209
-0.108587 -0.00794087 1.00667 47 1 214
-0.0698528 0.0135992 1.00304 38 5 216
-0.266798 0.0246816 0.986539 80 6 204
-0.0751626 0.0985098 0.975234 35 27 215
-0.317 -0.0354867 1.02206 97 6 196
-0.418571 -0.0782425 1.00809 114 17 186
-0.19206 0.0498397 1.02551 60 11 210
-0.0803489 0.159602 0.951181 31 38 214
-0.151073 -0.10189 1.05704 51 24 212
-0.0320623 -0.0482597 0.981125 23 12 218
-0.129893 -0.0833779 0.998851 49 21 213
-0.100894 -0.00885099 0.978567 37 2 216
-0.211952 0.0600519 0.988006 70 16 207
-0.157766 -0.00918767 1.02323 54 2 212
-0.142327 -0.0531237 0.993581 62 12 210
-0.0692621 0.00202802 0.995838 28 0 218
-0.14979 -0.15563 1.08387 54 37 209
-0.0486459 -0.0965254 0.997559 26 24 216
-0.15319 -0.150598 1.04596 57 37 209
-0.183963 0.0608535 1.01821 59 14 211
-0.185353 0.0667954 1.02139 61 16 210
-0.174843 0.155257 0.972299 57 37 209
-0.199389 -0.0388014 1.04569 63 8 210
-0.206289 0.110385 1.01622 63 27 208
-0.182967 -0.00769987 1.05528 55 2 212
-0.165538 0.0435956 1.02943 53 10 213
-0.0507741 0.156348 0.963023 23 37 215
-0.251607 0.0790806 0.925779 79 19 203
-0.207173 0.0264775 0.681234 92 5 199
-0.0664056 0.00534603 0.972991 33 1 217
-0.151071 -0.00925219 1.02079 46 3 214
-0.0565149 -0.0347968 0.98689 28 8 217
0.0169173 0.0333277 0.996112 8 8 219
-0.377626 -0.167776 1.04169 107 37 188
-0.230186 0.0177567 0.814565 88 4 201
-0.232351 0.176127 0.766222 83 49 197
-0.120232 -0.0963051 0.831394 53 31 210
-0.241473 0.0477974 0.876437 95 17 197
-0.182981 -0.0405101 1.01775 57 10 211
-0.049274 0.117532 0.973859 23 28 216
-0.183705 0.0980572 1.08842 64 28 208
-0.201802 -0.107226 0.931949 81 28 202
-0.227084 -0.042875 0.980411 86 9 202
-0.234831 0.0360584 0.837646 84 8 202
-0.207263 0.0371172 1.01646 61 7 210
-0.209961 -0.0468627 0.979246 75 10 206
-0.182277 0.155493 0.968901 54 36 209
-0.172731 -0.00280774 1.03059 50 1 213
-0.185233 -0.0572456 1.0095 67 12 208
-0.235589 0.176091 0.786139 83 48 197
-0.200306 -0.0618684 0.986771 71 14 207
-0.195276 0.0576405 0.639237 96 18 196
-0.214219 0.116767 0.950174 67 28 207
-0.167716 -0.00975659 1.03045 47 3 214
-0.210798 0.11208 0.660653 91 36 196
-0.22372 0.116712 0.650602 103 40 189
-0.207591 0.14091 0.649274 92 47 193
-0.157958 0.0446888 1.03088 42 8 215
-0.1383 0.136367 0.977909 48 33 211
-0.213322 -0.0137387 1.05426 53 4 213
-0.0838163 0.0185062 0.969998 38 6 216
-0.0195564 0.00990049 1.00359 19 0 219
-0.0257698 -0.0662448 1.01057 18 17 218
-0.0124967 0.02819 0.987287 16 5 219
-0.0504046 0.00812414 1.00587 29 2 217
-0.00137529 0.0361061 0.974007 11 9 219
-0.0632417 0.122677 0.979773 29 31 215
-0.135064 -0.0948259 1.01002 49 23 212
-0.0587479 0.0189513 0.970252 30 4 217
0.0180405 0.171547 0.957981 5 40 216
-0.209885 -0.0796862 0.973954 69 20 207
-0.208105 0.0474166 0.653834 100 15 194
-0.160158 0.0445853 1.03125 51 10 213
-0.215307 0.169729 0.69651 87 53 194
-0.162782 -0.0263613 1.02262 54 6 212
-0.0768966 0.0518741 0.979889 35 13 216
-0.0758859 0.0514936 0.976791 35 14 216
-0.0499928 0.113557 0.976495 22 26 217
0.00414172 -0.079456 0.932515 13 23 218
-0.0100733 0.130976 0.964378 12 31 217
0.0101071 0.132098 0.961223 5 31 217
-0.0543913 0.122214 0.958595 29 30 215
-0.209514 0.0138888 0.689788 109 7 190
-0.22106 -0.0146137 1.05453 62 4 210
-0.470125 -0.151476 1.0525 120 32 181
-0.213124 0.11784 0.997918 60 26 209
-0.212858 0.120082 1.01241 61 29 208
-0.201709 0.0528056 1.02071 56 10 212
-0.251965 0.0470608 0.90377 96 16 197
-0.200558 -0.124507 0.987145 73 32 204
-0.218539 0.063972 0.996001 76 19 205
-0.28715 -0.0584083 1.05288 77 13 204
-0.171447 0.0611353 0.91241 49 13 213
-0.227077 0.0952525 1.01025 72 24 206
-0.0875525 0.0433784 0.971371 37 11 216
0.00598747 -0.0250531 1.00072 8 7 219
0.0051347 -0.0298747 1.00925 7 8 219
-0.0753495 -0.0604909 0.988101 35 15 216
0.00400607 -0.0474503 1.00243 8 12 219
0.0043325 0.139822 0.967273 8 33 217
0.00100107 0.011809 0.994891 11 2 219
-0.220897 0.113249 1.01432 65 26 207
-0.223117 0.139893 0.980649 62 31 208
-0.180336 0.0520044 1.02004 63 15 209
-0.224321 0.0982911 1.01585 71 24 206
-0.316043 -0.123471 1.016 96 29 195
-0.0895898 -0.073541 0.983599 39 19 215
-0.162967 0.0145133 1.07319 56 5 212
-0.0712137 0.0415684 0.975237 34 12 216
-0.0403795 -0.134024 0.990432 26 35 215
-0.241836 0.0208757 0.883054 93 9 198
-0.201102 0.0694397 0.647148 102 24 193
-0.0692685 -0.00674497 0.974676 33 1 217
-0.16432 0.0900459 1.0339 53 21 212
-0.192171 -0.0196183 1.03066 65 4 210
-0.164934 0.0626182 1.02995 53 16 212
-0.293799 -0.0246973 1.04367 90 4 200
-0.242455 0.0476011 0.87759 96 18 196
-0.390431 -0.0522788 1.02916 108 11 190
-0.174263 -0.00827694 1.03974 53 2 213
-0.436692 -0.0862034 1.01577 119 18 183
-0.171439 0.044452 1.02931 54 10 212
-0.15849 0.0633223 1.0192 57 17 211
-0.0658794 0.101746 0.97036 30 25 216
-0.147045 0.0191559 1.01045 59 8 211
-0.199558 0.0536702 1.02646 60 12 211
-0.187854 -0.0194741 1.01679 65 4 209
-0.0948416 0.140725 0.956769 34 35 214
-0.0772521 0.0531189 0.919119 30 12 217
-0.146077 0.0942816 0.978883 44 20 214
-0.190708 0.119652 1.02919 51 25 212
-0.190997 0.0108038 1.0538 55 1 212
-0.206628 0.10791 1.01541 64 26 208
-0.211106 0.0540245 1.01695 65 13 209
-0.212999 -0.00362822 1.06015 56 1 212
-0.158868 -0.00838405 1.03774 48 2 214
-0.156207 0.0523034 1.02916 50 12 213
-0.210854 0.038564 1.01989 67 9 209
-0.157355 -0.0103422 1.02566 49 3 214
0.0117935 0.0456974 0.987439 8 10 219
-0.196427 0.123301 1.03051 52 26 211
-0.160616 -0.0107348 1.02362 46 4 214
-0.180967 0.0227321 1.02799 55 4 212
-0.247796 0.0858682 0.896486 92 27 197
-0.222712 -0.100523 0.990609 71 25 206
-0.211809 0.1721 0.656151 90 56 192
-0.219729 0.0690117 0.992329 72 18 206
-0.176727 0.181537 0.621833 87 66 190
-0.227057 0.0287705 0.783868 87 5 201
-0.214503 0.1113 1.01526 60 24 209
-0.128649 -0.0836959 0.999847 49 21 213
-0.0161465 -0.0488071 1.0038 18 13 218
-0.056937 0.123858 0.97152 26 33 215
-0.156713 -0.0101309 1.02157 47 3 214
-0.0878079 0.0392352 0.98073 37 9 216
-0.14881 0.193148 0.98219 43 43 211
-0.0917382 0.00869615 0.985206 34 0 217
-0.0745832 0.040869 0.973541 29 8 217
-0.0335542 0.114847 0.96903 21 30 216
-0.0503958 0.118531 0.973499 26 30 216
0.0265948 0.0415539 0.99416 3 7 219
-0.242981 0.0747286 0.871167 89 21 199
-0.233846 0.0857164 0.815264 95 28 196
-0.227931 0.0385501 0.792288 96 13 196
-0.18107 -0.057436 1.01581 48 14 214
-0.193896 0.121275 1.01427 54 26 211
-0.153757 -0.018887 1.03593 48 4 214
-0.164056 0.0643028 1.0376 48 12 214
0.00143408 -0.0840015 0.971998 13 22 218
-0.0725053 -0.0835686 0.981622 35 22 215
-0.0459454 -0.134283 0.987714 27 34 215
-0.214956 -0.0647228 1.02785 63 13 209
-0.0673232 0.00529503 0.987707 36 0 216
-0.0172207 0.121949 0.983492 23 36 215
-0.241869 0.0475577 0.876834 95 16 197
-0.192126 0.0493438 1.02672 61 11 210
-0.188396 0.0702619 1.03444 56 15 211
-0.213343 -0.0135621 1.06072 56 5 212
-0.0536843 0.066205 0.976061 34 21 216
-0.0523751 0.0652495 0.967516 37 24 215
-0.0988325 0.112719 0.967796 42 30 213
-0.220325 0.0910839 0.992139 71 23 206
-0.147881 0.0146115 0.942252 55 2 212
-0.194867 0.0490799 1.03333 63 12 210
-0.185336 0.0593897 1.03738 59 13 211
-0.206804 0.105047 0.644965 107 39 187
-0.210607 0.0146965 0.69554 110 7 189
-0.203183 0.108598 0.646165 108 42 186
-0.209666 -0.0313598 0.987024 58 8 211
-0.249348 0.108389 0.903551 79 26 203
-0.21477 -0.0691771 1.02805 69 16 208
-0.191679 0.118099 1.00797 62 29 208
-0.211926 0.0303287 0.706005 105 12 192
-0.0554385 -0.0758234 0.974828 29 20 216
-0.208682 0.127185 1.06407 55 26 211
-0.211728 0.151101 0.658413 90 49 194
-0.211307 0.119016 1.00067 63 29 208
-0.202575 0.0283005 0.6552 98 8 195
-0.185098 0.022988 1.06219 50 3 213
-0.194544 0.0553164 1.03 57 13 211
-0.206411 0.122005 1.02396 55 25 211
-0.184421 -0.0228286 1.0058 55 5 212
-0.179737 0.0554304 1.03049 57 14 211
0.0182614 -0.0314845 0.985311 4 10 219
-0.0359951 0.110612 0.980086 22 28 216
-0.185871 0.088076 1.01362 60 21 210
-0.20638 -0.0660906 1.04676 54 16 212
-0.143054 -0.118537 1.00933 52 29 211
-0.209436 0.0957523 0.649303 95 31 195
-0.196459 0.157327 0.655902 86 52 195
-0.0899916 0.134604 0.960328 37 34 213
-0.180358 0.0566331 1.02703 64 16 209
-0.249781 0.124688 0.852901 84 32 200
-0.153426 -0.114279 0.983938 63 30 208
-0.433597 -0.110551 1.02883 114 25 185
-0.141113 0.0181014 0.988536 55 6 212
-0.203841 -0.0211958 1.03134 55 6 212
-0.0181173 0.135955 0.984735 23 40 214
-0.198004 0.00961073 1.05174 59 3 211
-0.206848 0.11925 0.998197 63 31 207
-0.207417 -0.123263 0.993807 68 30 206
-0.169325 -0.0453488 1.02384 52 11 213
-0.399601 -0.0681408 1.0245 111 14 189
-0.172571 -0.0537798 0.925859 51 15 213
-0.222896 -0.0892192 0.985362 71 22 206
-0.198606 -0.039481 1.04262 58 9 211
0.0180719 -0.0648786 0.999595 7 17 219
-0.24215 0.0361411 0.899927 89 11 200
-0.135098 -0.10018 1.00802 49 25 212
-0.00329403 -0.0700607 1.00424 11 18 218
-0.192449 0.152818 0.896282 59 37 208
-0.451067 -0.0889351 1.03668 119 18 183
0.0221579 0.0919717 0.969461 5 23 218
-0.23399 -0.0648153 1.00467 80 15 204
-0.206296 0.0378605 0.653062 94 9 198
-0.174114 0.0916942 0.994742 62 25 208
-0.180126 0.091912 1.03641 60 22 210
-0.223526 0.0117558 1.03065 70 2 208
-0.00704092 0.130681 0.976109 11 30 217
0.0134505 0.0732158 0.977902 8 16 219
-0.00318691 0.0471838 0.994608 12 10 219
0.00531619 -0.0295509 0.984681 6 8 219
-0.0156171 0.114764 0.974275 16 28 217
0.0318486 -0.0373864 0.992537 0 10 219
0.00834167 0.0743136 0.980473 6 16 219
-0.0179333 -0.0776792 0.992358 10 19 218
-0.0870827 0.0241888 0.969812 36 6 216
0.0193079 -0.0939303 0.99161 12 25 218
-0.250285 0.131868 0.901692 81 33 201
-0.155258 0.107435 1.00934 53 26 211
-0.248191 0.085781 0.893201 82 22 202
-0.157396 0.0199691 0.907107 53 2 213
-0.180866 0.0141517 1.03931 55 3 212
-0.211355 0.0310339 1.01902 59 5 211
-0.0445979 -0.078332 0.985215 27 20 217
-0.0294153 -0.0670227 0.997046 20 17 218
-0.164707 -0.0527302 0.995752 57 13 211
-0.165293 -0.0427896 1.02874 49 10 213
-0.216842 -0.0542981 1.00436 56 13 211
-0.198676 0.0505573 1.02193 62 12 210
-0.0922048 0.0579647 0.97695 44 18 214
-0.341837 -0.129782 1.05293 98 29 194
-0.197658 0.0148497 0.937606 56 1 212
-0.179368 0.0121909 1.03974 48 1 214
-0.220812 -0.0881124 0.980213 76 23 204
-0.212684 0.0839954 1.00807 72 23 206
-0.113648 0.19955 0.96759 39 46 211
-0.106605 0.191242 0.930523 39 46 211
-0.210821 0.110981 1.03184 61 24 209
-0.213845 0.00539065 1.04782 62 0 210
-0.223867 -0.0544715 1.02856 72 13 207
-0.44266 -0.152043 1.03666 116 33 183
-0.231666 0.0185822 0.82034 100 9 195
-0.0751292 -0.0343833 0.982703 34 9 216
-0.0259012 -0.0683545 1.00978 19 17 218
-0.0181323 0.00443016 0.978979 17 0 219
-0.189512 0.122509 1.00822 66 34 206
-0.0217003 0.00538586 0.995626 20 1 218
-0.2312 0.191759 0.990793 66 42 205
-0.199165 0.0474009 1.0278 56 10 212
0.0235563 0.0842978 0.951755 6 21 218
-0.388091 -0.0614155 1.02937 105 13 192
-0.134205 -0.0940159 1.00581 47 23 213
-0.471271 -0.151492 1.05417 119 32 181
-0.160879 0.16843 0.973946 50 39 210
-0.226574 0.0181485 0.811192 93 7 198
0.0532414 0.186382 0.978539 5 43 215
-0.243041 0.0331122 0.885309 81 8 203
-0.20948 0.110219 1.02417 72 31 205
-0.228084 0.00319797 0.987194 77 2 205
-0.217944 0.0937737 1.01563 64 21 209
0.00565431 -0.028941 0.990756 9 8 219
0.0205672 -0.00957522 1.02185 9 0 219
0.0183613 -0.0947994 0.996926 8 24 218
-0.0235553 0.00899955 0.97437 22 4 218
-0.214728 0.0968156 1.00998 64 22 209
-0.0465375 -0.0762222 1.00019 25 19 217
-0.0574708 -0.0756255 0.991848 28 19 217
-0.139355 -0.0766831 1.00223 46 18 213
-0.195925 -0.119805 0.994025 65 30 207
-0.223516 0.0903385 0.651977 102 29 192
-0.204594 0.131287 0.645705 96 45 192
-0.202196 0.0479515 0.651324 106 19 190
-0.0816904 0.160041 0.958905 32 38 214
-0.219859 0.118421 0.723369 91 36 196
-0.177842 0.0895178 1.02732 56 21 211
-0.168787 -0.122583 0.9968 62 31 208
-0.203951 0.0661074 1.01088 65 18 208
-0.399746 -0.0569196 1.02151 111 11 188
-0.275783 -0.0540837 1.05368 80 11 204
-0.18267 0.0969327 1.02271 56 23 211
0.000554936 0.00125555 0.96871 10 0 219
0.0165182 -0.000270057 1.00436 3 1 219
0.0102312 0.132831 0.968107 6 31 217
0.0630286 0.132357 1.03749 5 28 218
0.0938211 0.133944 1.01967 13 29 217
-0.0355546 0.110285 0.977178 24 29 216
-0.0224501 -0.00347158 1.00087 18 1 219
-0.234334 0.116376 0.818941 92 36 195
-0.23868 0.0848131 0.84916 89 24 199
-0.218278 0.105378 0.641976 108 37 187
-0.199083 0.037851 1.02902 62 10 210
-0.171826 0.0446475 1.03504 51 9 213
-0.00377169 0.0448372 1.01178 13 9 219
0.0194521 0.0285723 0.958614 6 5 219
-0.0698575 0.0571409 0.967418 28 12 217
-0.0607584 0.0283237 0.975136 26 5 218
-0.0605954 0.0196837 0.97774 28 3 218
-0.0373454 -0.0565259 1.02008 20 14 218
-0.0672829 0.130368 0.957332 29 31 215
-0.0380916 0.0139816 0.987033 19 1 219
-0.215588 0.0188636 1.03235 61 3 211
-0.20573 0.000351862 1.02113 56 1 212
0.110048 0.0704473 1.07811 17 13 218
-0.0825545 0.0978235 0.965721 34 24 215
-0.00258391 0.0382448 0.989324 12 7 219
0.02839 0.00816175 0.981704 4 0 219
0.0358169 -0.0997381 1.01811 1 23 218
-0.148786 0.0400958 1.00466 49 9 213
-0.0402563 0.00776512 0.968877 21 0 218
0.00504179 -0.0523293 1.00657 6 13 219
-0.103557 -0.008197 0.979287 39 3 216
0.00509256 -0.052037 1.00136 11 13 219
-0.00250498 0.0384822 0.985191 11 7 219
-0.170486 0.181681 1.04232 47 38 211
0.0837969 0.108822 1.00949 11 23 218
-0.0150487 -0.0281677 0.997716 14 8 219
0.111262 0.078028 0.99098 16 16 218
0.0308977 -0.0225532 1.00323 0 6 219
0.0151347 0.183478 0.954496 6 44 215
-0.0214082 0.00402098 0.993965 20 1 218
-0.183893 0.0433198 1.02869 63 12 210
-0.225505 -0.014292 1.0608 62 4 210
0.0159607 -0.0583456 1.02439 8 14 219
0.0307763 -0.0225975 0.993173 2 7 219
-0.198821 0.0364607 0.647305 121 23 181
-0.230785 -0.00332509 1.07667 67 2 209
-0.100305 -0.00908875 0.975918 41 2 215
-0.164379 0.0894673 1.02514 53 25 211
-0.148666 -0.0560941 0.996395 54 13 212
-0.157971 -0.118468 1.00602 54 28 210
-0.214826 -0.0135334 1.01955 60 5 211
-0.199767 0.0680495 1.02004 59 15 210
-0.102092 -0.00958571 0.983746 39 1 216
-0.0322369 -0.048192 0.992787 20 13 218
-0.0919791 0.136821 0.972451 39 35 213
-0.0505969 0.121341 0.972789 30 34 215
0.012176 0.0386966 0.969419 8 8 219
-0.0902079 0.134617 0.959713 35 32 214
-0.141033 -0.0132819 0.997621 49 3 214
-0.207559 0.0657006 0.649773 101 23 193
-0.194268 -0.00849734 1.06307 57 1 211
-0.193724 -0.0210008 1.00001 61 6 210
-0.275651 -0.0466508 1.04484 84 9 203
-0.221733 -0.100745 0.987865 72 24 205
0.00869667 0.137043 0.968602 6 31 217
-0.246176 0.113718 0.870132 82 30 201
-0.0542692 0.15454 0.957518 29 39 214
-0.0127318 0.0290064 0.99046 17 6 219
-0.0583569 -0.0758851 0.994407 28 19 217
0.00877481 0.135324 0.977813 9 32 217
-0.220387 0.0911709 0.991022 72 23 206
-0.214998 -0.0212525 0.949323 82 2 203
-0.23375 0.0429574 0.823432 97 16 196
-0.019706 0.0657145 0.969137 12 14 219
-0.397925 -0.0563725 1.01752 111 11 189
-0.0237688 0.00766703 0.979634 17 0 219
-0.446724 -0.109703 1.02063 117 25 184
-0.173433 0.0696837 1.02346 51 15 213
-0.0371595 0.044944 0.461714 35 20 215
-0.226985 -0.0636348 0.986138 70 15 207
-0.0515114 0.0899359 0.958236 27 23 216
-0.0962119 0.1139 0.962912 38 29 214
-0.276563 -0.0540271 1.05461 73 12 206
-0.111345 0.176689 0.959887 36 41 212
-0.0919275 -0.0744887 0.998516 40 19 215
0.0207253 0.125556 0.963107 5 29 217
-0.00359094 0.135004 0.967368 11 31 217
-0.0933631 0.00509074 0.97655 38 0 216
-0.189237 -0.118223 1.00317 66 30 207
-0.21416 -0.0475317 0.991712 70 11 207
-0.14554 -0.0223362 1.01565 60 2 211
-0.182031 -0.116787 0.98811 61 29 208
-0.252983 0.0539136 0.945439 82 14 202
-0.0846256 0.0983155 0.975041 38 25 214
-0.102157 -0.00845534 0.975406 51 0 213
-0.0237143 -0.0444043 0.925219 30 11 217
-0.188149 -0.121649 0.97557 70 33 205
-0.263902 -0.0608633 1.06139 79 13 204
-0.0299085 -0.00403921 0.989303 21 1 218
-0.162826 0.0968684 1.02014 54 24 211
-0.196114 0.0210263 1.02937 53 2 213
-0.209206 0.096305 1.00119 62 22 209
-0.195943 0.0616378 1.02358 61 15 210
-0.0935424 0.096316 0.965175 42 27 213
-0.091382 0.130702 0.958303 36 34 214
-0.405418 -0.065505 1.01353 114 14 187
-0.149946 0.164566 0.968897 50 39 210
-0.176867 -0.00183377 1.02923 51 1 213
-0.00473652 0.138108 0.989338 13 32 217
-0.138687 -0.00897285 0.954209 53 2 213
-0.18003 0.0423453 1.02147 57 10 211
-0.227281 0.109543 1.00869 73 28 205
-0.220233 0.0598453 1.00605 67 13 208
-0.200821 0.0324057 1.04181 59 7 211
-0.157437 0.0986745 1.0156 51 24 212
-0.0558687 0.118691 0.96897 28 31 215
-0.212282 0.0589482 1.00202 69 14 208
-0.18551 0.0374368 1.00235 58 8 211
-0.0865817 0.0149054 0.966799 38 3 216
-0.1077 0.195089 0.989045 35 44 212
-0.230988 0.0266514 1.05091 73 6 207
-0.220998 -0.116429 0.977855 82 30 201
-0.194667 -0.122206 0.970392 73 32 204
-0.221353 0.095293 1.01373 66 22 208
0.125018 0.0948649 1.04792 20 23 217
-0.0605629 -0.0712627 0.96179 37 19 215
-0.00174644 -0.0682114 0.982843 11 17 218
-0.0167143 0.0673413 0.978284 16 16 218
-0.012868 -0.0542866 1.00429 15 14 218
-0.0598905 -0.068829 1.00031 30 17 216
-0.0337467 0.0990157 0.96235 32 33 215
-0.0744484 -0.0695953 0.978136 40 18 215
-0.0614057 0.0110814 0.950285 39 5 216
-0.104083 0.123856 0.94904 47 35 211
-0.140934 0.139136 0.991396 55 38 209
-0.0487416 -0.0824359 0.98262 33 21 216
-0.0831534 0.0430216 0.975004 47 17 214
-0.200849 0.0300603 0.650719 123 20 181
-0.145068 -0.0466848 0.981274 61 11 210
-0.142728 0.0120827 0.997634 58 5 211
-0.0410598 -0.0838293 0.998616 31 22 216
-0.0720959 0.123872 0.978739 31 31 215
-0.101316 0.0241058 0.983743 41 4 215
-0.00155445 0.0670339 0.965856 14 17 218
-0.0912113 0.0577748 0.973773 37 14 216
-0.018351 0.136228 0.98433 19 34 216
-0.184711 0.0917199 1.04877 66 26 208
-0.016534 -0.0681457 0.94898 24 19 217
-0.0522883 0.0323826 0.989938 32 10 217
-0.277248 -0.0433386 1.08446 68 9 208
-0.251233 0.0948149 0.921648 86 25 200
-0.223066 0.0480956 0.778253 100 19 194
-0.239675 0.0497523 0.872347 86 14 201
-0.162228 0.0699221 1.02648 59 20 210
-0.155301 0.0539289 1.02665 57 16 211
-0.159024 0.0563898 1.03152 51 13 213
-0.215508 0.00649932 1.05384 60 0 211
-0.173197 0.016743 1.00491 47 2 214
-0.165473 0.0632197 1.02059 49 13 213
-0.061373 0.0201746 0.98716 35 7 216
0.0217783 0.0093899 0.993659 4 0 219
-0.0380971 -0.0904137 0.972598 24 23 217
-0.0219218 0.112427 0.970623 21 30 216
0.000759318 0.0726053 0.972996 9 15 219
-0.0161915 0.0351206 0.99537 21 11 218
-0.0705918 0.107951 0.980552 30 26 215
-0.025585 0.00224917 0.997499 16 1 219
-0.194285 0.0534235 1.02664 58 11 211
-0.203284 0.0512449 1.03555 62 12 210
-0.0549011 -0.0296976 0.984723 29 8 217
0.0145182 -0.0646131 1.03548 6 16 219
-0.183254 -0.0373796 1.02364 60 9 211
-0.0549262 0.129472 0.958187 25 32 215
-0.392446 -0.0418018 1.00397 114 8 187
-0.241914 0.0339594 0.883694 95 13 197
-0.0338288 -0.00415906 0.987083 19 1 218
-0.0785065 -0.0548046 0.98582 36 12 216
-0.0581372 -0.0286181 0.991724 27 7 218
-0.234062 0.0889447 0.80343 99 32 193
-0.225108 0.0479181 0.761285 93 14 198
-0.0768654 0.0400276 0.990352 31 9 217
-0.154984 -0.11404 1.00182 55 28 210
-0.221741 0.0598038 1.00043 72 15 206
-0.178004 0.043957 1.03351 59 11 211
-0.155045 -0.18528 1.13406 51 41 209
-0.39456 -0.0474299 1.0252 108 9 191
-0.417117 -0.0583194 1.05094 109 11 190
-0.206709 0.0465325 1.01244 67 12 208
-0.400952 -0.0649215 1.00722 113 14 188
-0.178962 0.0463893 0.945767 71 15 206
-0.0250087 0.00660013 1.00645 21 3 218
-0.208016 0.0474931 1.01634 64 11 209
-0.183799 0.022188 1.03884 52 4 213
-0.245736 0.0381993 0.867862 94 14 197
-0.222029 0.0886136 0.751719 99 32 193
-0.0543476 -0.034669 0.989497 30 7 217
-0.216365 -0.113202 0.968514 79 29 202
-0.224364 0.0703614 1.00418 76 20 205
-0.296287 -0.0254887 1.04499 89 5 200
-0.177056 -0.00525563 1.04194 57 0 212
-0.289037 -0.00352506 0.903104 103 2 194
-0.100984 0.126157 0.962617 40 36 212
0.0134006 0.0739551 0.988112 6 15 219
0.0286236 0.00803883 0.998801 1 0 219
-0.0134951 0.0325233 0.98526 12 6 219
-0.170352 -0.0197314 0.996615 56 5 212
-0.191215 0.0222231 1.04854 58 5 211
-0.339059 -0.0862684 1.09972 89 18 200
-0.0231409 0.00341655 0.998579 17 0 219
-0.0162145 0.0697511 0.983948 18 18 218
-0.168453 0.0906355 1.04272 54 22 211
-0.00119422 0.0670889 0.967739 12 15 218
-0.262767 -0.0611262 1.05377 63 14 210
-0.178599 0.0432247 1.02812 57 10 211
-0.219993 0.0531429 1.00692 71 14 207
-0.156562 0.112949 1.01538 51 27 212
-0.227572 0.138885 0.750626 88 41 196
-0.232314 0.0179444 0.820273 87 3 201
-0.319802 -0.0358128 1.02693 99 7 196
-0.0790112 0.15929 0.947952 30 38 214
-0.276326 -0.0419426 1.03153 89 7 200
-0.308053 -0.0225548 1.05314 94 2 198
-0.211415 0.0893696 0.685149 97 29 195
-0.0683834 0.002467 0.991513 32 0 217
-0.326092 -0.0303254 1.03663 95 7 197
-0.448064 -0.111835 1.02117 118 24 183
-0.145633 0.0191921 1.00547 59 8 211
-0.219698 -0.0888556 0.977306 75 22 205
-0.200666 0.0194216 0.988247 75 8 206
-0.150704 0.0729555 1.01084 55 19 211
0.0146963 -0.0620621 0.999525 4 16 219
-0.17356 -0.0192251 1.00769 57 3 212
-0.181876 -0.0205884 1.0331 56 5 212
-0.0805164 0.0394205 0.97376 34 10 216
-0.181308 0.0560178 1.03216 58 13 211
-0.192371 -0.000743782 1.05858 57 0 212
-0.177715 -0.0273952 1.02324 58 6 211
-0.183298 0.0115742 1.04692 50 0 214
-0.139163 0.137474 0.983775 48 33 211
-0.134479 -0.0596723 0.977105 60 14 210
-0.0932589 -0.00252622 0.982643 32 2 217
0.0226659 0.0899969 0.973238 5 22 218
0.0624533 0.131458 1.03058 5 28 218
-0.195404 -0.0014531 1.05268 59 0 211
-0.221852 0.0876383 1.01371 59 18 210
-0.220846 -0.000193085 1.0535 67 1 209
0.00423519 -0.0483414 1.00483 7 13 219
-0.210795 0.0448585 1.21972 46 7 214
-0.0774009 -0.0687099 0.984443 33 17 216
-0.0783358 -0.0541632 0.991758 36 13 216
-0.0439294 0.14298 0.967369 23 34 215
-0.191402 -0.0104469 0.698932 82 6 203
-0.242938 0.087196 0.878804 86 24 200
-0.112454 0.0919503 0.97488 44 27 213
-0.0666484 0.00549354 0.98467 31 1 217
-0.213711 0.0207834 1.06937 58 3 211
-0.198529 0.0368908 1.01666 60 7 211
-0.114034 0.15515 0.961265 40 37 212
-0.10976 0.175226 0.953431 36 41 212
-0.211118 0.0315794 1.03959 61 6 210
-0.109765 0.192179 0.992457 35 43 212
-0.184852 -0.0672629 1.0573 63 15 210
-0.395814 -0.0655745 0.998453 112 14 188
-0.235123 0.0122258 0.982089 81 6 203
-0.044186 0.143376 0.970287 22 34 216
-0.0828709 0.0733982 0.959896 39 20 215
-0.146164 0.040131 0.997596 55 10 212
-0.0862803 0.0230275 0.962385 36 5 216
-0.0742061 0.036467 0.979848 31 7 217
-0.0872886 0.0150412 0.967956 37 3 216
-0.154186 0.0151104 1.02175 47 2 214
-0.0569313 0.0557839 0.979864 26 14 217
-0.203132 0.0329945 0.654778 99 10 195
-0.218687 0.141821 0.698056 90 44 195
-0.0366002 0.145026 0.985622 18 33 216
0.0261298 0.0398716 0.987356 5 9 219
0.0156477 0.0263028 0.974581 6 5 219
-0.211991 0.162601 0.958304 64 37 206
-0.223763 0.0587599 0.998787 64 11 209
-0.0726195 0.109828 1.00916 29 27 216
-0.0671504 0.00509175 0.975147 35 1 217
3.8623e-05 0.00110115 0.932664 8 1 219
-0.347169 -0.0826308 1.03114 103 18 193
-0.215009 -0.0471894 0.996021 61 12 210
-0.0508665 0.159501 0.954086 24 38 215
-0.184532 0.0102979 1.04979 54 1 213
-0.150541 0.143645 0.983443 48 33 211
0.00390173 0.0767893 0.970244 10 19 218
-0.183033 -0.122813 1.00191 68 31 206
-0.0249975 -0.0672238 0.993529 20 17 218
-0.00218059 0.0437566 0.973486 11 8 219
0.0160576 -0.0583455 1.01809 6 14 219
-0.198628 0.0468987 0.64578 108 20 189
-0.172389 0.0155433 1.02713 52 2 213
-0.212797 0.0356587 0.763556 105 18 192
-0.205566 0.05809 0.65792 91 17 199
-0.0479121 0.00738184 0.994315 29 2 217
-0.102103 -0.00834147 0.968141 41 3 215
-0.16299 0.0897542 1.02898 50 20 212
-0.157828 0.0688088 1.00149 49 15 213
-0.175203 -0.0263881 1.01598 59 6 211
-0.202971 0.0325303 1.05096 56 6 212
-0.0751335 0.0417218 0.980601 31 9 217
-0.197044 -0.0393455 1.03715 60 9 211
-0.0250181 0.144956 0.960782 17 34 216
-0.181699 -0.0676811 1.04501 47 16 214
-0.214073 -0.000584283 1.05079 58 2 211
-0.1656 -0.0525202 1.00106 61 12 210
-0.36076 -0.0608093 1.02266 104 13 193
-0.344803 -0.158907 1.07157 96 35 194
-0.166984 0.0636092 1.03793 61 19 210
-0.34996 -0.161168 1.08204 96 35 194
-0.199063 -0.0890712 0.982311 74 22 205
-0.168199 -0.075817 1.01144 64 18 209
-0.194554 -0.077785 1.00418 68 19 208
-0.0527716 0.0709612 0.972164 27 18 217
-0.192522 0.0214121 1.03479 58 4 211
-0.207585 0.0983167 1.02137 62 23 209
-0.160073 0.0147464 0.989673 48 1 214
-0.0898711 0.0553169 0.973686 38 15 215
-0.209356 0.0380028 1.01464 63 8 210
-0.0786616 -0.0526461 0.990588 36 12 216
-0.220275 0.0906666 1.03108 61 20 209
-0.0973582 0.0272238 0.962311 41 8 215
-0.024636 -0.0655223 0.991817 18 17 218
-0.262972 -0.0607933 1.05068 62 14 210
-0.116368 0.179696 0.967981 36 41 213
-0.0550005 0.0908655 0.972009 29 24 216
-0.172998 -0.00944663 0.639107 109 0 190
0.0167116 -0.0568572 1.00311 8 14 219
0.0223418 -0.0261672 1.02297 8 5 219
0.0117019 0.0377518 0.968542 12 13 218
-0.245697 0.133333 1.0322 83 38 199
-0.206199 0.0127412 1.04706 53 1 213
-0.181754 0.0423618 1.03119 55 8 212
-0.252825 0.094645 0.910991 83 23 201
-0.214251 0.00562269 1.04936 59 0 211
-0.421801 -0.0780426 1.0141 115 17 186
-0.161442 0.0158272 1.08361 43 1 215
-0.210835 0.0315887 1.03887 59 5 211
-0.343633 -0.0815436 1.02333 98 18 195
-0.234634 0.0353374 0.836383 85 8 202
-0.205265 0.163799 0.958625 62 38 207
-0.180598 0.09605 1.01973 54 22 211
-0.0936892 -0.0100835 0.977825 38 3 216
-0.035942 -0.0557034 1.00177 21 14 218
-0.223553 0.0374771 1.00665 68 9 208
-0.022963 0.0185991 0.998398 18 3 219
-0.25161 0.0452012 0.929553 89 14 200
-0.0311791 0.00615844 0.992762 21 1 218
-0.197999 0.0626712 0.995198 65 16 208
-0.210292 0.0228748 0.982852 76 8 206
-0.139447 -0.0867885 1.04151 52 21 212
-0.0427063 -0.0693375 1.00811 24 18 217
-0.176 0.0446298 1.02958 56 10 212
-0.410768 -0.0667068 1.02331 113 14 187
-0.185911 0.0980282 1.03049 56 22 211
-0.183809 0.0373758 1.0608 53 7 212
-0.0341601 0.0143378 0.97302 23 3 218
-0.0875018 0.0495853 0.978849 37 12 216
-0.0907516 0.0574273 0.969994 38 15 215
-0.024186 -0.00347712 0.980124 15 3 219
-0.189091 0.00994527 1.04466 56 1 212
-0.162371 -0.0258811 1.02107 54 6 212
-0.158476 -0.0223027 1.0065 55 6 212
-0.0599796 0.0193415 0.979313 31 5 217
-0.220767 0.109216 0.988092 71 28 205
-0.202011 0.0306171 0.652922 109 12 190
-0.22144 0.0303405 0.733007 89 6 200
-0.2135 -0.0806357 0.984136 64 20 208
-0.191366 -0.0613203 1.05774 53 14 212
-0.0594773 -0.0677577 0.994655 29 17 217
-0.2296 -0.0161584 0.983983 70 4 208
-0.0487316 -0.0835115 0.979515 29 22 216
-0.0579583 -0.0675418 0.982402 31 17 216
-0.223025 -0.0891844 0.986942 73 22 205
-0.521037 -0.0550882 1.02305 130 11 176
-0.34712 -0.0824184 1.0522 100 17 194
-0.0376022 -0.0505482 1.00907 24 12 218
-0.0982016 0.00861258 0.971356 40 1 216
-0.0737042 0.0507674 0.982398 32 12 216
-0.149677 0.194523 0.986172 44 43 210
-0.0171652 0.113981 0.975297 20 30 216
-0.066884 0.0191167 0.963475 34 5 217
-0.04915 -0.137098 0.976087 34 38 213
-0.172837 0.0449682 1.03434 52 9 213
-0.203176 0.0204374 0.659346 106 7 191
-0.224519 0.0117012 1.06054 64 1 210
-0.223697 0.0109475 1.06002 60 0 211
0.0306402 -0.0194646 1.00436 0 5 219
0.0157474 0.189203 0.970198 5 44 215
-0.107573 0.195296 0.987192 31 43 213
0.0793609 0.195498 1.0058 10 44 215
-0.188958 0.0918233 1.01962 58 22 210
-0.25287 0.0272598 0.92664 79 6 204
-0.0841532 0.154896 0.960335 33 37 213
-0.0817486 0.0394726 0.979218 35 10 216
-0.207909 0.0763382 0.649396 102 28 192
-0.212442 0.10445 0.655265 94 34 195
-0.0427053 0.0207224 0.993179 22 4 218
-0.222283 -0.0345508 1.01803 56 9 212
-0.0754025 -0.0596071 0.986859 30 16 217
-0.20502 0.0664928 0.664473 100 23 193
-0.163715 -0.0750225 0.998138 58 18 211
-0.217497 0.0454228 1.00042 66 10 209
-0.207677 0.0472002 1.01551 64 11 209
0.0128073 0.0385109 0.972436 8 8 219
0.0265359 0.139737 1.10149 6 32 217
-0.194185 -0.0615668 1.05711 56 14 211
-0.170572 0.10993 1.01382 56 28 210
-0.0805349 0.159902 0.955831 36 41 212
-0.202589 0.0374737 0.653712 109 15 190
-0.212131 0.102357 1.01499 61 23 209
-0.207366 0.0592709 1.01984 53 12 212
-0.178171 -0.00513378 1.04716 53 1 213
-0.194842 0.051331 1.02958 57 12 211
-0.186111 -0.122861 0.996051 64 30 207
-0.211767 0.139632 0.98266 64 33 207
-0.195618 -0.0227919 1.00574 59 6 211
-0.0986893 0.00627661 0.984008 38 0 216
-0.178671 0.0551097 1.02431 58 13 211
-0.177476 0.0229169 1.02105 61 8 210
-0.278606 -0.0614 1.05436 72 13 206
-0.203171 -0.119994 0.994732 67 29 207
-0.139717 -0.0730815 0.995143 53 17 212
-0.169375 0.0584314 1.02341 53 15 212
-0.147584 -0.117508 0.999832 53 29 210
-0.405282 -0.0617062 1.02273 111 13 189
-0.227976 0.0599812 1.01158 80 19 203
-0.227936 0.0623295 0.643006 115 22 186
-0.16759 0.0577911 1.06305 54 13 212
-0.223353 0.114725 0.991376 75 31 204
-0.230146 0.123805 1.01298 72 30 205
-0.218638 0.119394 0.714922 96 39 193
-0.226441 0.116701 1.00015 73 29 205
-0.229323 0.0599516 1.01571 78 17 204
-0.174151 0.156958 0.971135 53 36 210
-0.187149 0.0873757 1.01507 65 23 208
-0.1991 0.00975436 1.05606 54 0 213
-0.0178463 -0.0706357 0.968833 19 19 218
-0.209044 0.0393473 1.01302 64 8 209
-0.0830638 0.0380015 0.986898 35 9 216
-0.153458 0.0280384 1.01083 49 6 214
-0.143946 -0.0146832 1.00397 51 3 213
-0.217657 -0.034149 1.00143 57 9 211
-0.148219 0.0951111 0.992015 45 21 213
0.0228998 -0.0804209 0.985192 6 21 218
-0.181808 -0.043542 1.01916 53 11 212
-0.190072 0.0953227 1.01797 59 22 210
-0.148794 0.0719306 1.00229 52 18 212
-0.326041 -0.0292561 1.03892 89 7 200
-0.191383 0.165575 0.968011 60 39 207
-0.223874 0.0466703 1.01715 76 14 205
-0.0656383 0.127636 0.96446 26 29 216
-0.145909 -0.0384219 0.995032 52 9 213
-0.175284 -0.0235879 1.01625 55 6 212
-0.150716 -0.038447 1.02768 44 9 215
-0.193873 -0.0584086 1.00962 61 14 210
-0.0359145 -0.057659 1.00562 21 14 218
-0.19676 0.020648 1.00203 59 2 211
-0.157105 0.069661 1.01167 50 15 213
-0.0896125 0.0550405 0.972983 37 13 216
-0.209838 0.151309 0.653468 90 50 193
-0.0695604 0.0565379 0.975705 31 14 217
-0.193603 -0.00868518 1.05814 56 2 212
-0.208008 0.0717331 0.649827 102 26 191
0.00682869 -0.0495829 1.03366 6 12 219
-0.204113 0.112774 1.03831 67 30 207
-0.176226 0.0933307 1.03728 56 22 211
-0.176601 -0.0205639 1.01705 58 4 211
-0.191783 -0.021982 1.0204 64 4 210
-0.0560453 0.11924 0.970414 28 30 215
-0.151551 -0.039828 1.01448 52 10 213
-0.198084 0.0132054 1.05159 55 2 212
-0.206398 0.0365769 1.01221 63 8 210
-0.219422 -0.00753543 1.09006 58 2 211
-0.0678368 0.133154 0.973447 34 36 214
-0.21163 0.0356615 1.01879 68 10 208
-0.191171 0.0593372 1.037 59 12 211
-0.163628 -0.027445 1.02566 55 6 212
-0.195086 0.247034 0.854319 65 64 199
-0.213895 0.0635648 0.997809 69 15 208
-0.195413 -0.0391264 1.03095 64 9 210
-0.234397 -0.00746407 1.06472 62 4 210
-0.212389 0.168157 0.692695 91 54 192
-0.20868 0.0506923 1.02297 64 12 209
0.00624679 -0.0453047 0.990226 9 11 219
-0.0384365 0.0199272 0.964679 25 8 218
-0.214471 -0.0138079 1.0659 57 4 212
-0.147899 -0.0467384 0.991302 50 11 213
-0.394096 -0.0412606 1.02473 111 7 189
-0.222521 -0.145675 0.995588 79 36 201
-0.199119 -0.0641173 1.05185 60 13 210
-0.18082 0.10654 1.02521 53 24 211
-0.155008 -0.00940113 1.01419 48 3 214
-0.167041 0.0436503 1.03282 51 9 213
-0.210876 0.0474695 1.01165 63 11 209
-0.263504 -0.0307705 1.04706 73 7 206
-0.262849 0.180087 0.948352 74 41 202
-0.149923 0.115865 0.965521 47 26 213
-0.236748 0.119913 0.820766 81 31 201
-0.230148 0.123342 1.01106 66 27 207
-0.258486 0.177597 0.935967 74 41 202
-0.225356 0.134977 0.970192 64 30 207
-0.198755 0.158898 0.981948 59 36 208
-0.164186 0.111121 1.019 53 26 211
-0.251609 0.157739 0.906823 77 38 202
-0.252436 0.065623 0.933443 82 16 203
-0.235276 0.071057 0.815772 82 17 203
-0.0523328 0.160303 0.953793 21 37 215
0.00633309 0.0412846 0.967669 7 8 219
0.0233324 0.0888921 0.986527 3 19 219
-0.0553703 -0.0346125 0.968303 23 11 218
-0.158774 -0.0427568 0.991622 54 10 212
-0.292956 -0.0546841 1.05693 82 12 203
-0.0372378 0.0202249 0.971444 29 7 217
-0.0279433 0.0146106 0.9784 22 3 218
-0.0789798 -0.069903 0.996553 43 18 214
-0.0398101 -0.068849 1.00993 29 16 217
-0.0247466 0.0198456 1.01552 22 4 218
0.00473026 0.03302 0.93054 20 12 218
-0.078865 -0.0690763 0.926714 44 21 214
0.115557 0.036082 0.818928 40 6 216
-0.172164 0.150534 0.960717 39 33 213
-0.111326 0.221055 1.06179 20 48 213
-0.203912 0.0609269 0.986902 46 12 214
-0.227024 0.240161 1.03699 47 50 208
-0.181885 0.15198 0.954529 42 35 212
0.0607476 0.145038 0.819023 21 39 215
-0.28499 -0.0654137 1.03637 60 16 210
0.0297617 0.0786873 0.829024 13 19 218
-0.32462 -0.099962 1.14246 60 20 210
-0.226927 -0.0792809 0.938518 53 21 212
0.0276381 0.114365 0.838941 11 30 217
-0.174305 -0.0184338 1.02695 37 9 216
0.143043 0.136267 0.822396 45 37 211
0.0577981 0.0676961 0.809883 24 17 217
0.0630843 0.112046 0.838973 24 29 216
0.051698 -0.0455164 0.848044 17 16 218
0.0521743 0.0209174 0.838798 20 2 219
0.113979 0.0665667 0.827436 38 16 215
0.0412832 0.153949 0.834865 17 42 215
0.0453849 0.108565 0.734204 17 31 217
0.115401 0.0668036 0.836447 39 15 215
-0.232628 0.00269411 0.900965 57 2 212
0.0310114 0.0536075 0.81967 15 12 219
-0.0903692 0.011167 1.04974 18 0 219
0.0617994 0.0590342 0.803288 26 13 217
0.00145987 0.00449445 0.84554 5 2 219
-0.164293 0.0877167 1.02713 34 16 216
-0.209142 0.216532 0.987145 46 50 208
-0.173268 0.160677 0.967479 38 36 213
0.0454798 0.112277 0.834841 20 29 216
-0.103123 0.212863 1.00722 20 49 213
0.018875 0.0360557 0.824548 14 5 219
-0.0818243 -0.075326 1.00371 17 19 218
0.0158915 0.013339 0.826434 7 0 219
0.0243486 0.137137 0.837215 14 38 216
-0.0818933 -0.0065842 0.960302 14 7 219
0.0410998 0.143884 0.857015 18 39 215
-0.0871651 0.151766 0.904325 19 38 215
0.141012 -0.047518 0.841108 39 15 215
-0.224108 -0.0375319 1.02446 47 10 214
-0.167034 0.132913 1.0044 36 28 214
0.118005 0.0617342 0.854308 37 14 216
0.0580205 0.0682583 0.808993 24 17 217
0.0585415 0.0579662 0.811796 22 13 218
-0.180005 0.210911 1.0163 38 46 211
-0.207631 0.11704 0.985354 48 26 213
-0.0887977 0.110461 0.969178 19 24 217
-0.132879 0.23055 0.997459 28 52 211
-0.152019 -0.0221094 0.951006 36 9 216
0.0336556 0.13755 0.826246 11 35 216
0.133943 -0.0245898 0.834694 44 11 215
-0.203613 0.248503 0.998018 44 54 208
0.063103 0.0507715 0.802198 20 11 218
-0.165681 0.191744 1.1465 30 35 214
-0.239091 0.209201 1.0174 50 44 209
-0.304825 -0.0421005 1.08984 60 10 211
-0.161973 -0.025081 0.998835 35 7 217
-0.225658 0.151815 0.943025 51 33 211
-0.255948 0.151341 0.925696 59 33 209
-0.160774 0.146975 1.04056 33 30 215
0.0484934 0.0263149 0.835952 21 3 218
-0.152542 0.228942 1.00969 32 51 211
0.0177364 -0.00426904 0.845294 10 5 219
-0.100802 -0.0742713 0.916559 23 21 217
-0.102433 -0.0817354 0.950666 22 21 217
0.0253082 0.0683733 0.813985 10 16 219
0.0258806 0.122136 0.8526 9 31 217
-0.116721 0.210602 0.988778 24 48 213
-0.0958785 0.163762 0.927171 20 40 215
-0.222565 0.228791 1.00575 47 49 208
-0.0915853 -0.0407535 0.982517 19 13 218
-0.21447 0.115707 1.00985 47 24 213
-0.216795 0.237749 0.993223 47 51 208
0.0434108 0.143862 0.8211 18 40 215
-0.182135 0.131688 1.01413 40 28 214
0.0294969 0.0781865 0.822913 14 19 218
-0.227778 0.0406183 0.867004 56 8 212
-0.258364 0.0625523 0.97208 58 12 211
-0.127649 0.135876 1.01399 27 29 216
0.0751013 0.0433818 0.83512 30 9 217
0.0533189 0.140493 0.837454 20 37 215
-0.103603 -0.00251723 1.0096 22 3 218
-0.101936 0.135246 0.990037 21 29 216
0.0472626 0.0260831 0.82122 19 3 219
0.0615096 -0.0547304 0.817036 19 18 218
0.148276 0.0664685 0.821062 49 17 213
-0.176151 0.137887 1.02648 36 28 214
0.033465 0.143864 0.837501 17 40 215
-0.14197 0.222465 1.02931 29 48 212
-0.24004 0.160065 0.863381 60 38 207
-0.00773478 -0.00159179 0.80621 0 3 219
0.125979 0.0671514 0.823269 44 16 214
0.0637049 0.148944 0.836336 26 41 214
-0.00812087 -0.00244621 0.826087 3 5 219
-0.135372 0.137377 0.99934 29 30 215
-0.0835709 0.00157657 0.933342 16 4 219
-0.108832 0.216473 0.995727 22 48 213
-0.228211 0.157656 0.980346 51 35 210
0.0449873 0.153864 0.825613 21 44 214
0.0944649 0.161784 0.820228 38 45 211
-0.170881 -0.0344414 0.959433 39 10 216
-0.230459 0.14527 0.944898 54 32 210
0.0513432 0.146157 0.830295 19 39 215
0.0704044 0.0184059 0.799874 25 2 218
0.0522806 0.139761 0.833036 20 37 215
-0.113318 0.224291 1.07698 20 46 213
0.0838373 0.0526338 0.810968 29 12 217
0.0457951 0.154551 0.859727 14 38 216
-0.095136 -0.0203484 1.01311 20 7 218
0.100748 -0.0398313 0.845124 32 14 217
-0.105484 0.212348 0.986678 21 50 213
0.145433 0.0587185 0.843502 51 14 213
-0.220884 0.142147 1.02335 48 30 212
0.0556343 -0.0528034 0.804982 17 17 218
-0.254543 0.235015 1.14846 48 45 209
-0.118463 0.227367 0.988276 24 51 212
-0.122173 0.251392 0.970299 26 57 210
0.0865219 0.0580471 0.80701 33 13 216
-0.0969092 -0.0371432 1.00132 18 13 218
0.086617 0.0582574 0.810996 33 13 216
-0.209992 0.205509 0.996841 46 46 209
0.0170852 0.0308018 0.837712 11 5 219
0.0290891 0.0776259 0.817423 14 19 218
0.0603451 0.12879 0.850834 22 34 216
-0.182483 0.155432 1.00392 40 33 213
0.0797246 0.0234391 0.847027 24 3 218
0.0972663 0.160626 0.822594 33 44 212
-0.181482 0.225235 1.0005 38 49 210
0.0418938 0.105333 0.844651 18 27 217
-0.089277 0.15259 0.90951 19 38 215
-0.214218 0.134072 1.00717 47 29 212
-0.225128 0.146154 0.948971 52 33 211
-0.202961 0.0937485 1.05725 42 17 215
-0.221541 0.158312 0.929806 52 36 210
-0.116868 0.22273 1.01745 23 51 212
-0.127034 0.237766 0.986472 26 55 211
0.0505979 -0.0446413 0.836782 17 15 218
-0.137942 0.148116 1.02802 29 31 215
0.0294719 0.100373 0.840219 13 27 217
-0.184902 0.122455 1.01216 40 26 214
-0.156918 0.0509417 0.923242 37 10 216
0.0982772 0.161758 0.828267 35 44 212
0.0283959 0.113595 0.840668 13 30 217
-0.110775 0.232946 1.00796 22 52 212
-0.0723955 -0.0594497 1.0009 14 16 218
-0.114253 0.230057 1.05096 23 49 213
-0.145272 0.216909 0.965367 32 51 211
-0.150115 0.227985 1.00468 32 51 211
0.0349919 0.0543032 0.852345 18 12 218
0.155165 -0.0220628 0.817399 51 11 213
-0.175171 0.122954 0.98275 40 27 214
-0.188799 -0.0198442 1.04065 41 9 215
0.140438 0.0530023 0.821353 46 13 214
-0.222454 -0.08109 0.971969 50 21 213
-0.173885 0.259612 0.997289 37 56 209
-0.234742 0.00336435 0.910068 56 1 212
0.0151854 0.143421 0.846915 10 39 216
-0.248429 0.208078 1.03001 52 43 209
0.153886 0.0697741 0.852503 49 16 213
-0.185909 0.253524 1.02324 39 54 209
0.0256179 0.118845 0.895826 9 28 217
0.0421897 0.138184 0.828868 18 38 215
-0.138742 0.216405 1.00255 30 49 212
-0.218133 0.098441 1.05048 46 19 214
-0.214886 -0.0770647 0.939431 50 21 213
-0.130022 0.172907 1.00999 27 37 214
0.0761925 0.0447079 0.839635 27 9 218
0.140305 -0.0476857 0.836629 43 16 214
0.0521008 0.153836 0.818524 19 42 214
0.0294878 0.137788 0.835017 14 37 216
0.0757872 0.0225719 0.83863 27 2 218
0.12777 0.0642218 0.80888 41 15 215
0.0731716 0.0280416 0.837859 28 3 218
0.107675 0.028727 0.838043 38 3 216
-0.184465 0.23059 1.01609 39 50 210
-0.183891 0.256222 1.00266 39 55 209
0.10506 0.00854704 0.796976 37 1 216
0.145311 0.0667767 0.824377 43 15 215
0.018542 -0.00518083 0.865066 9 5 219
0.0813882 0.0338731 0.85474 26 6 218
0.0436333 0.110873 0.832191 20 29 216
0.052262 0.148659 0.84478 15 37 216
-0.218737 0.0606443 0.825096 57 13 211
0.0189781 0.13534 0.83263 12 37 216
0.154205 -0.0218097 0.81372 51 11 213
-0.212957 0.226999 0.99464 47 51 208
-0.217962 -0.025607 0.857443 56 9 212
0.0365159 0.143617 0.836624 16 39 215
-0.0968533 0.160732 1.02021 18 36 216
0.0407843 0.142718 0.851407 17 38 215
-0.112257 0.228066 1.05199 22 48 213
0.0266157 0.14867 0.834535 11 40 216
-0.193588 0.220173 1.00573 42 50 209
-0.116987 0.149851 1.02273 24 32 216
0.119297 0.03425 0.834124 38 6 216
0.118028 0.0240855 0.828333 43 2 215
0.0279602 0.0182673 0.847117 14 0 219
0.0636039 0.0630424 0.802043 25 15 217
0.101414 -0.04127 0.813262 34 15 216
-0.112232 0.159556 1.01136 22 36 215
-0.198658 0.218735 1.03251 42 46 210
-0.101708 -0.0655142 1.00054 21 17 218
-0.0764973 -0.062731 1.05604 14 17 218
0.064172 0.120844 0.83155 25 32 215
0.147801 0.139316 0.838005 48 37 211
-0.0802343 -0.0184213 0.98595 16 8 219
-0.119884 0.219227 1.03401 23 47 213
0.094643 -0.0306459 0.868675 31 12 217
0.0802913 0.0279619 0.840438 29 4 217
0.031776 0.0249094 0.837979 14 3 219
-0.228744 0.101257 0.847392 59 24 210
-0.117105 0.223715 0.971153 24 53 212
0.11689 0.122246 0.831102 38 31 214
-0.206676 0.230169 1.02649 44 50 209
-0.230393 0.0944335 0.980705 51 19 212
-0.20648 0.207137 1.04853 43 44 211
-0.239073 0.208631 1.05866 49 42 210
0.103383 0.0278734 0.814523 36 4 216
0.150584 0.0342411 0.866204 45 6 215
0.0588051 0.0512699 0.80624 25 11 218
0.154867 0.0658111 0.825987 50 15 213
0.051703 0.153255 0.824309 20 41 214
-0.163308 0.218831 0.969588 36 49 211
0.0303863 0.0192325 0.821334 16 1 219
0.121427 0.121775 0.849294 39 30 214
0.0323387 0.0244318 0.843497 11 3 219
-0.214316 -0.0290407 0.974088 49 10 214
-0.20539 0.232223 1.01732 44 50 209
-0.218231 0.215889 1.03141 46 45 210
-0.245012 0.23305 1.15716 46 44 210
-0.22869 0.142017 0.950673 52 31 211
-0.246783 0.226265 1.0224 52 48 207
-0.0817752 0.0587337 0.958929 16 11 219
0.128198 0.064301 0.82518 37 15 216
-0.172237 -0.0289972 0.990493 38 9 216
-0.0834993 0.0991694 1.17108 14 17 218
-0.113128 0.241326 0.992276 23 56 211
-0.182787 0.100718 1.01195 40 20 215
0.00431844 0.0357232 0.838686 6 6 219
0.0630582 0.111115 0.828474 25 29 216
0.144105 0.0647207 0.825745 44 15 214
0.00067014 0.00488869 0.810793 3 1 219
0.0545994 0.0553514 0.770391 20 14 218
0.0149568 0.141579 0.83607 9 38 216
-0.123264 0.206746 0.95429 26 48 212
-0.225847 0.215052 1.03542 47 45 209
-0.252662 0.233058 0.918796 59 53 205
0.0836945 0.0823879 0.812163 33 21 216
0.145268 0.0592048 0.823986 49 14 213
0.0578274 0.0937092 0.828882 24 24 217
0.052578 0.14028 0.834056 19 37 215
0.0194564 0.10809 0.84759 10 28 217
0.00440501 0.0357236 0.834526 7 6 219
0.0155493 0.0132865 0.821404 7 0 219
0.0537687 0.117715 0.833354 23 32 216
-0.214729 -0.0734406 0.890888 53 23 212
0.110875 -0.0553107 0.857098 31 17 216
0.101248 -0.0408541 0.868301 31 14 217
0.0507338 0.048036 0.844448 20 10 218
-0.238378 0.136529 1.02057 52 28 211
-0.205374 0.139785 0.946723 47 31 212
0.0532589 0.126725 0.826848 22 34 216
-0.215349 0.151735 1.0038 47 32 212
0.0449849 0.145655 0.837373 17 40 215
-0.214517 0.20679 0.947406 50 49 208
-0.114618 0.232074 1.01797 23 52 212
-0.0937316 -0.0553159 1.02708 19 15 218
-0.117187 0.212882 1.00308 24 48 213
-0.256489 -0.00769852 0.995228 56 4 212
0.0011958 0.044223 0.819373 7 8 219
-0.103057 0.235191 0.983902 21 54 211
-0.228869 0.201135 1.01934 49 43 209
0.0549372 0.0267187 0.830981 22 3 218
-0.000897563 0.068115 0.817013 5 16 219
-0.1231 0.147802 1.01806 26 32 216
0.0333985 0.143774 0.833867 13 38 216
-0.0931113 -0.02871 0.933195 21 10 218
0.0555395 0.145049 0.822357 22 40 215
0.0729781 0.0287448 0.831098 28 4 217
0.0586192 0.0941255 0.833143 24 24 217
0.0641597 0.0645372 0.803614 22 16 218
0.0556106 0.0264866 0.843437 18 4 219
0.0244025 0.0352247 0.782819 13 7 219
-0.180518 0.155737 0.953317 42 37 212
-0.164097 0.1687 1.00381 35 36 213
-0.101638 0.142718 1.02252 19 31 216
0.0271368 0.112338 0.828066 13 30 217
-0.213848 0.202107 1.0181 46 44 210
-0.0164949 0.0689601 0.851672 1 15 219
-0.181965 -0.0280204 1.01462 40 9 216
-0.0183347 0.0856421 0.873826 2 21 218
0.11236 0.0592688 0.825641 37 13 216
0.107489 -0.0535016 0.830169 31 17 217
0.0715472 0.0247419 0.830149 24 4 218
-0.247604 0.218839 1.03033 52 45 208
0.135911 0.0639394 0.829239 45 15 214
-0.230599 0.242946 1.02946 48 51 208
-0.198325 0.116545 0.9753 45 25 213
-0.0938775 -0.0366818 0.987789 19 13 218
-0.156248 -0.0295111 1.00676 34 9 217
0.0556046 0.115647 0.842557 22 30 216
0.0759058 0.0446472 0.836324 27 9 217
-0.0847091 0.0144388 1.00247 17 0 219
-0.102198 0.119515 1.02174 20 25 217
-0.232113 0.152131 0.948886 54 34 210
0.0240408 0.0321177 0.844857 12 5 219
-0.182679 0.136548 1.02022 39 29 214
-0.220132 0.211066 1.01557 46 45 210
-0.160308 0.215074 0.990778 34 47 211
-0.144218 0.168769 0.99149 31 39 214
0.0285637 0.0701999 0.819987 15 17 218
0.144908 0.0513287 0.822802 50 11 213
0.087067 -0.0295827 0.845704 36 15 216
0.0841943 0.0521186 0.811226 32 12 217
-0.213239 0.221003 0.970671 48 50 208
-0.21347 0.134162 1.0057 47 28 212
-0.0875617 0.151443 0.90397 20 37 215
0.060011 0.147396 0.846528 18 37 215
-0.143109 0.139143 1.01773 30 29 215
-0.12717 0.2377 0.973193 28 55 210
-0.103441 -0.0763025 1.02962 21 18 218
-0.187663 0.129985 1.02238 40 27 214
0.0788763 0.0783456 0.788668 32 20 216
-0.223313 -0.0812673 0.978503 50 21 212
0.116998 0.122298 0.833305 37 32 214
0.118351 0.0242132 0.829226 41 3 215
0.149431 0.0616563 0.840311 45 13 214
-0.222199 0.207133 1.03826 47 44 210
0.0530013 0.134841 0.846927 18 35 216
0.156701 0.0620283 0.832757 47 14 214
0.134954 0.0639224 0.825895 43 14 215
0.0349076 0.147711 0.858561 11 37 216
0.05233 0.0229165 0.840903 23 2 218
0.0787768 0.0330424 0.835389 30 5 217
0.135397 -0.0247298 0.840767 44 11 215
0.0814 0.0256848 0.866177 27 3 218
0.0632721 0.141555 0.838291 25 38 214
0.103719 -0.0427824 0.857133 34 16 216
0.105325 0.0280098 0.827216 38 4 216
0.0878189 0.0504462 0.815581 30 11 217
0.0607645 0.0694351 0.834847 25 17 217
0.0590174 0.0942864 0.835042 26 25 216
0.100457 -0.0497771 0.834848 34 18 216
0.0293662 0.078351 0.822614 16 20 218
-0.207362 0.232502 1.02247 44 50 209
0.117291 0.066966 0.836104 35 15 216
-0.0950686 -0.037679 1.00637 19 12 218
-0.248843 0.179559 0.889416 61 43 206
0.0880904 0.0505421 0.817103 33 12 217
0.151583 0.035599 0.825934 47 6 214
-0.109537 0.215408 0.99194 23 49 213
-0.127169 0.222225 1.01344 25 50 212
0.0999598 -0.040172 0.84443 31 14 217
-0.199268 0.118605 1.01606 44 24 214
-0.177652 0.143057 1.30033 29 23 216
0.124563 0.0632197 0.813275 39 15 215
0.104344 0.0874212 0.828275 37 22 215
0.0268564 0.0182377 0.830746 16 0 219
0.0416773 0.105252 0.83933 17 27 217
0.0412315 0.0258503 0.844725 20 3 218
-0.139149 0.21807 1.01108 29 48 212
0.0605406 0.144765 0.815901 23 41 214
0.0495809 0.140739 0.839886 19 38 215
0.0531836 0.12723 0.829712 21 34 216
0.0723089 0.0289759 0.838373 27 4 218
0.0606295 -0.0543503 0.81481 19 18 218
0.0299586 0.137839 0.836758 14 37 216
0.0279659 0.045713 0.807879 12 10 219
-0.235251 0.116205 1.03394 50 23 212
-0.203735 0.190326 0.962741 46 45 210
-0.184944 0.22995 1.01833 39 50 210
0.0443683 0.0202107 0.837848 24 0 218
-0.0938851 -0.0163695 1.24124 15 6 219
0.12239 0.0579481 0.824202 42 13 215
-0.0981007 0.162741 0.955812 21 38 215
0.149659 0.065109 0.826977 45 16 214
0.00217017 0.0352872 0.8237 6 6 219
-0.243104 0.224397 1.01333 52 49 207
-0.179192 0.230312 0.992161 38 52 210
-0.219113 0.216707 1.09344 43 43 211
0.0271886 0.0181333 0.83298 15 0 219
0.0257045 0.120892 0.84451 13 31 217
-0.20076 0.221192 1.01233 43 48 209
0.0186312 0.009139 0.79834 10 1 219
0.0583231 0.0941548 0.832925 22 24 217
-0.257035 -0.00296206 0.994796 56 2 212
-0.219459 0.240623 1.00476 47 52 208
-0.209836 0.134992 1.0407 45 28 213
-0.172246 0.143974 1.03125 36 30 214
-0.172731 -0.0102586 1.10924 33 6 217
0.00556632 0.0303348 0.816557 4 5 219
-0.256808 0.0272603 0.982479 57 3 212
-0.248613 0.0757795 0.930103 59 16 211
-0.208097 0.154582 1.0098 46 34 212
-0.103249 0.212884 1.00549 20 47 213
-0.196632 0.211663 1.00321 42 47 210
-0.0164294 0.0685748 0.846165 0 15 219
-0.216208 0.000362886 0.839286 55 2 212
-0.0904915 -0.0561642 0.961361 19 16 218
-0.183173 0.0940637 1.03483 39 19 215
-0.170565 0.13571 0.965844 39 31 214
-0.119797 0.222623 1.01093 24 50 212
0.0290909 0.100516 0.839066 14 26 217
-0.290509 -0.0278341 1.03925 60 8 211
-0.224515 0.0255203 0.865956 57 2 212
-0.247956 -0.0260835 0.970284 56 9 212
-0.000828778 0.0688888 0.822078 5 17 219
-0.124785 0.252471 0.989863 26 56 211
-0.220868 0.234044 1.01 48 52 208
-0.227224 0.235006 1.00245 49 52 207
-0.205463 0.142796 1.03431 44 29 213
-0.230716 0.114535 0.847618 60 27 209
-0.150146 0.218627 1.02812 31 48 212
-0.111771 0.237948 0.985417 23 55 211
-0.206386 0.156558 0.963404 47 36 211
-0.257923 0.0284456 0.984164 57 3 212
-0.156594 0.0569483 0.994465 34 10 216
-0.272756 0.109491 1.1539 52 19 212
-0.201147 0.222746 1.00163 43 49 209
-0.183669 0.126954 1.00152 40 27 214
-0.0944286 -0.0378079 1.00786 18 15 218
-0.0985428 0.139785 1.01193 19 30 217
-0.248042 0.23964 1.02264 52 51 207
-0.110703 0.161471 0.956708 24 38 215
0.0293497 0.129575 0.851995 12 34 216
-0.100101 -0.0357918 0.970137 21 13 218
0.0181505 0.142381 0.83321 9 38 216
-0.0728681 -0.0075415 0.93723 14 7 219
-0.133833 0.221399 1.07239 25 47 213
-0.210738 0.160562 0.97681 48 36 211
-0.105165 0.23909 0.998984 21 53 212
0.0347776 0.0433202 0.816849 12 9 219
-0.188754 0.0508484 0.948051 44 9 215
-0.197282 0.0451409 1.02187 43 7 215
-0.112976 0.144575 1.02067 23 31 216
-0.159894 0.0577373 1.01397 35 10 216
-0.21509 -0.0202958 0.843157 55 8 212
-0.218015 0.0995694 1.03966 46 19 214
-0.232457 0.116726 1.00122 51 24 212
0.0191074 0.0120824 0.899307 8 0 219
0.0280948 0.0725446 0.829046 13 18 218
-0.186821 0.126917 1.06691 38 25 215
-0.198159 0.0467379 1.08113 40 7 216
-0.156593 0.0517836 0.924263 37 9 216
0.021806 0.148084 0.822471 11 41 215
-0.249796 0.0466289 0.946535 58 8 212
-0.170682 0.121983 0.95975 39 27 214
-0.195687 0.143805 1.07283 40 28 214
-0.128802 0.144064 1.0474 26 29 216
-0.218572 -0.00908093 1.1395 42 5 215
-0.249445 0.10059 1.04584 52 19 212
-0.102978 -0.00307582 1.0072 21 3 218
-0.165209 0.0591243 1.04942 34 10 217
-0.12625 0.162008 0.951285 29 39 214
-0.203592 0.141248 0.991517 45 31 212
-0.220572 0.153267 0.952837 52 36 210
-0.238185 0.207684 1.0239 51 44 209
-0.23469 0.140525 0.944455 56 32 210
-0.115205 0.218432 0.991469 24 49 212
-0.192992 0.212206 1.07314 40 44 211
-0.248973 0.208174 1.03102 53 44 208
-0.256014 0.126972 0.932493 59 28 209
-0.232403 0.139161 0.844684 60 34 208
0.0262778 0.0362388 0.828528 12 7 219
0.0172191 0.031044 0.839249 12 4 219
-0.150868 0.238851 1.01234 32 54 210
-0.166851 0.218348 1.01227 36 49 211
-0.236757 0.20678 1.0192 51 44 209
-0.203416 0.23715 1.00567 44 52 208
-0.210173 0.22895 1.02506 45 50 209
-0.120361 0.159611 0.953885 27 37 214
-0.213925 0.205476 1.04495 45 44 210
0.0190456 0.106754 0.838251 11 28 217
-0.132363 0.213779 1.017 27 48 212
-0.222869 0.244557 1.02079 48 53 207
-0.282441 0.165945 1.01651 60 34 208
-0.111667 0.217804 1.02846 22 47 213
-0.148012 0.215262 1.01078 31 48 212
-0.13255 0.13382 0.97321 29 30 215
0.146712 0.0589685 0.847836 50 13 213
0.140581 0.0672087 0.822238 44 16 214
0.0710613 -0.0319886 0.839852 32 16 216
-0.16662 0.220289 1.0181 35 48 211
0.0241954 0.112473 0.826366 16 32 216
-0.191762 0.0600777 0.938711 45 11 214
0.0264133 0.0457728 0.80658 14 10 219
-0.217296 0.224395 1.01948 46 48 209
0.00287472 -0.00469073 0.84382 6 6 219
0.121397 0.124148 0.840453 47 34 211
-0.1295 0.214233 1.03994 26 46 213
0.062037 0.110813 0.829271 28 30 215
-0.0895948 0.0049126 1.02446 17 3 219
0.0716478 0.0292273 0.837553 27 4 218
0.0621644 0.111107 0.833498 22 29 216
-0.192044 -0.00624829 1.10589 38 4 216
0.155246 -0.0222031 0.817079 52 11 213
-0.208139 0.206883 1.04618 43 44 210
0.0533243 0.0211556 0.84905 19 2 219
-0.215181 0.102269 1.04312 45 20 214
-0.206349 0.235188 1.02489 43 49 209
-0.22549 -0.0114634 1.1289 44 5 215
-0.0779598 0.0453643 0.925563 16 7 219
-0.197857 0.157478 0.958204 46 36 211
0.0639263 0.120566 0.832564 21 31 216
0.109639 -0.0446547 0.907125 30 14 217
0.0567563 0.125167 0.830931 23 33 216
0.115772 0.0365252 0.822188 38 7 216
0.0521479 0.0476675 0.833546 19 10 218
-0.205839 0.0500546 0.976469 47 9 214
0.0598547 0.0618562 0.83143 24 14 217
0.0543727 -0.0455083 0.872833 18 15 218
-0.208739 0.016693 0.995102 47 0 214
-0.188143 0.0875541 1.18781 34 14 216
-0.151318 0.0635029 0.956247 35 12 216
0.0258686 0.153436 0.833709 12 42 215
-0.101962 0.123406 1.02623 21 25 217
-0.154397 0.217536 1.00958 32 48 211
-0.21911 0.226533 1.02806 46 48 209
-0.175201 -0.0376461 0.963917 39 11 216
-0.214906 0.0582221 0.961612 49 10 214
-0.232387 0.116487 1.00193 51 24 212
-0.248195 0.227179 1.0273 52 48 208
-0.102644 0.232647 0.973941 21 54 212
0.0855815 0.0589635 0.805376 31 13 217
0.0513066 -0.0454265 0.844092 17 15 218
0.0755543 0.0468557 0.831216 28 10 217
-0.206117 0.101209 1.02725 45 21 214
-0.202823 0.0958537 1.00515 45 20 214
0.0512694 -0.0435355 0.840058 18 15 218
-0.130327 0.129902 0.991966 28 29 216
-0.112068 0.155722 0.995333 24 35 215
-0.201282 0.134263 0.986407 46 30 212
-0.171171 0.13723 1.02746 36 29 214
-0.248756 0.169615 0.890946 60 39 207
-0.202436 0.049296 0.959656 47 8 214
-0.195802 0.0139328 1.1624 36 0 216
-0.181263 0.131724 1.0116 40 28 214
0.0405269 0.151579 0.877877 16 39 215
-0.193364 0.212344 1.07493 39 44 211
-0.122122 0.120498 1.0027 26 25 216
-0.263163 -0.00808637 1.01847 56 4 212
-0.0922874 0.174686 0.940369 19 42 214
-0.224899 0.0959351 0.996115 49 19 213
-0.209173 0.140503 0.992894 47 31 212
0.052235 0.0901644 0.800673 23 25 217
0.0245753 0.137218 0.83685 12 37 216
-0.211008 0.222254 1.00838 46 48 209
-0.216131 0.149189 1.08499 44 29 213
-0.127197 0.258043 1.00946 26 55 211
-0.0883143 0.0363611 1.02532 18 5 219
-0.243028 0.224233 0.908548 57 51 206
-0.200458 0.117566 0.960849 46 25 213
0.104242 0.0313059 0.823671 34 5 217
-0.249064 0.0468209 0.944475 58 7 211
-0.122007 0.126485 1.0361 25 26 216
0.101461 0.0773232 0.831026 35 19 216
-0.235573 0.137101 0.856454 60 33 208
0.0412128 0.0199821 0.843976 18 1 219
-0.134041 0.0683888 0.969072 30 13 217
-0.182885 0.126209 0.995997 41 28 214
0.158719 0.0124273 0.845325 48 0 214
-0.0913481 0.151403 0.956531 19 33 216
0.13777 0.070882 0.87797 41 16 215
0.103784 -0.0420563 0.824951 34 15 216
0.152472 -0.0471101 0.838647 43 15 215
0.102851 -0.0412152 0.878445 30 13 217
0.0831113 0.082417 0.810963 32 21 216
0.105315 0.0881805 0.835658 37 22 215
0.0506555 0.0507621 0.814222 19 11 218
-0.250309 0.230828 0.935997 57 52 205
0.15098 -0.0433582 0.841242 44 14 214
0.00383438 0.0351612 0.828621 6 6 219
-0.12955 0.125245 1.0294 26 26 216
0.0834819 0.0517868 0.805615 30 11 217
-0.118439 0.126847 1.01924 24 26 216
-0.137404 0.16125 0.944688 31 36 214
-0.154228 0.239161 1.00564 32 53 210
-0.203407 0.148223 0.947791 47 33 212
0.145527 0.116809 0.824659 47 30 212
-0.189663 0.155307 0.969383 43 34 212
-0.188782 -0.0198057 1.04017 41 9 215
-0.181404 0.0931637 1.02557 39 18 215
0.142078 0.0678603 0.829817 46 16 214
-0.252115 0.139154 1.03261 54 29 211
-0.254174 0.22149 1.02345 53 45 208
-0.201727 0.124419 1.03513 43 25 214
-0.241724 0.127442 1.03806 52 26 212
-0.13482 0.249626 0.98607 29 56 210
-0.244636 0.231505 1.01675 52 49 207
-0.185716 0.162073 1.04444 39 35 213
-0.173508 0.112842 0.99982 38 24 215
0.0266862 0.143084 0.840536 10 38 216
-0.288904 -0.067011 1.05027 59 16 211
-0.138804 0.213023 1.01007 28 48 212
-0.166763 0.0606892 0.92202 40 12 215
-0.127396 -0.0530674 0.990916 28 15 217
0.0279607 0.0244786 0.85996 11 3 219
-0.124222 0.137573 1.01281 26 29 216
-0.000198218 0.0234351 0.844495 3 2 219
-0.186454 0.238576 1.01242 39 52 209
-0.237002 0.0957162 1.0158 52 19 212
-0.126144 0.218489 0.997684 27 48 212
-0.114649 -0.0759311 0.912692 26 21 217
0.00271465 -0.00538193 0.844756 6 6 219
0.0274578 0.0369752 0.850389 12 7 219
0.0529721 0.0636715 0.767033 24 16 217
-0.132194 0.227325 0.997302 28 51 211
-0.00541847 -0.00699989 0.828715 4 7 219
0.135997 -0.0250674 0.844457 48 12 214
-0.0765716 0.0554073 0.890562 16 11 219
0.0276527 0.0183688 0.84392 14 0 219
0.0639249 0.142831 0.843224 23 38 215
0.164681 0.0701547 0.829624 49 17 213
0.0580044 0.141221 0.841303 18 37 215
0.0523881 0.139776 0.836067 21 37 215
-0.113458 0.231835 0.995958 23 53 212
-0.176874 0.152782 0.995609 39 35 213
0.0593502 0.127502 0.843224 23 34 215
-0.214179 0.116246 1.00682 47 24 213
0.0255719 0.0367834 0.825791 10 7 219
-0.20212 0.223347 1.02054 43 49 209
-0.155506 -0.023544 0.97039 35 9 216
-0.0705676 -0.0720105 0.924821 15 20 218
-0.0907696 -0.0325748 0.909772 21 11 218
0.0378628 0.101747 0.814658 19 27 217
-0.244644 0.21357 1.06085 50 43 209
-0.0928432 -0.0281865 0.926421 21 10 218
-0.228511 0.153917 0.958199 53 34 210
0.0761734 0.0527208 0.866651 26 12 217
0.127185 0.0252787 0.836601 39 4 216
0.0374641 0.149439 0.834044 18 42 214
0.11909 0.119527 0.838897 38 30 214
0.135828 0.142107 0.821156 45 38 211
0.151141 -0.0408585 0.839967 46 14 214
0.109469 0.029935 0.833516 42 3 215
-0.133422 -0.0569904 1.02932 28 16 217
0.0244608 0.136868 0.835864 12 37 216
0.144329 0.0319812 0.837006 43 6 215
-0.0748383 -0.0091216 0.961025 15 5 219
-0.0938001 -0.0282724 0.934873 21 10 218
-0.281931 -0.0652533 1.02491 59 16 211
0.0887478 0.0263725 0.845505 35 3 217
-0.222056 0.202225 1.00923 49 45 209
0.105532 0.0310476 0.830104 32 6 217
-0.125913 0.135436 1.0095 27 29 216
0.117218 0.140611 0.826981 42 40 211
0.1295 0.122618 0.820705 47 34 212
-0.212599 0.13539 0.995051 47 29 212
-0.216782 0.207841 1.05707 45 44 210
0.00252659 -0.00509323 0.84296 5 6 219
-0.2362 0.13457 1.00873 51 28 211
0.0554187 0.109939 0.834939 21 29 216
-0.0333867 0.224813 0.86563 6 55 212
-0.196733 0.149511 0.9465 46 34 212
-0.110337 0.219386 1.03981 22 46 213
0.0415175 0.0200873 0.843003 17 1 219
0.157018 0.0620089 0.825619 49 14 213
-0.21896 0.210906 1.01352 46 45 209
-0.172275 0.116603 0.98992 39 26 214
-0.0782531 0.0583381 0.916898 14 10 219
-0.00108292 0.0672056 0.813781 5 16 219
0.031946 0.0250961 0.843312 15 3 219
0.0288196 0.0696949 0.821402 14 17 218
0.0200445 0.138236 0.846531 10 36 216
-0.199802 0.138682 1.00758 44 30 213
-0.000645314 0.018569 0.834294 2 2 219
-0.235261 0.220053 1.03963 49 47 209
0.0411203 0.0199412 0.840585 17 1 219
-0.204585 0.150675 0.957368 48 35 211
-0.185904 0.227362 1.00413 40 51 209
-0.115552 0.2257 0.978439 24 52 212
0.105248 0.0882099 0.834615 36 22 215
-0.226753 0.146745 1.03322 48 30 212
-0.208798 0.242833 1.02608 45 54 208
0.153463 0.0678014 0.820504 51 17 213
-0.0942569 -0.0420541 1.00999 19 14 218
-0.207548 0.0911315 1.02721 45 18 214
0.0508149 0.131189 0.824803 20 35 216
0.0952293 0.162454 0.8269 32 44 212
0.0581992 0.141781 0.83988 20 37 215
0.0608813 0.110077 0.825709 21 29 216
0.0612257 0.144987 0.823428 21 39 215
-0.213249 0.021848 0.818914 56 3 212
0.063004 0.142166 0.838013 19 36 216
0.00114934 0.00443728 0.837729 5 3 219
-0.0815232 0.0132782 0.962702 17 0 219
-0.0922525 0.121425 0.995781 19 27 217
-0.158705 0.211527 1.01859 33 45 212
-0.135376 0.250927 0.992964 28 55 210
-0.125818 0.236455 0.979994 27 54 211
-0.0942781 0.11594 0.996592 19 25 217
-0.177772 0.159569 0.967161 40 35 213
0.0304008 0.0531903 0.806733 15 12 219
-0.228666 -0.0422766 0.905277 55 13 212
-0.122581 0.151637 1.03672 24 33 215
-0.120907 0.169844 0.984595 25 38 215
-0.197418 0.165117 1.00272 42 36 212
-0.216932 0.160487 0.979039 48 35 211
-0.225784 0.161742 0.991327 49 35 211
-0.216117 0.14749 0.952855 50 34 211
-0.204371 0.152482 0.99372 46 34 212
0.0250749 0.0343816 0.834007 11 5 219
-0.119554 0.143509 1.02871 23 30 216
-0.230055 0.156703 0.924957 55 36 209
-0.24793 0.232854 1.02666 52 49 207
-0.201688 0.163516 0.977594 45 36 212
-0.186474 0.205122 1.04944 38 43 212
-0.164225 0.21988 1.00813 34 48 211
-0.187038 0.230046 1.01398 39 50 210
-0.174611 0.17575 1.04783 35 36 214
0.0562814 0.0501286 0.867864 23 10 218
-0.180373 0.231574 0.997372 39 53 209
-0.19869 0.213716 1.01198 43 47 210
-0.11376 0.154645 1.00839 24 34 215
-0.220054 0.119196 1.03352 47 24 213
-0.231272 0.114711 1.01481 51 23 212
-0.219293 0.113662 1.03255 47 23 213
-0.242047 0.152787 1.02004 52 32 211
-0.126903 0.220773 1.08002 23 47 213
0.0309228 0.0800805 0.822554 20 20 218
-0.102666 0.240671 0.977081 21 56 211
-0.214912 0.0498081 1.10691 43 7 215
-0.237943 0.119312 1.02597 51 24 212
-0.224081 0.24676 1.03053 47 52 208
-0.194052 0.220236 1.0506 40 46 211
0.0781758 0.0210862 0.834147 28 2 218
-0.149486 0.239197 1.0434 30 50 211
0.051979 0.0499359 0.818935 21 11 218
0.0713645 0.0246751 0.831452 28 3 217
0.0441078 0.110698 0.82417 20 29 216
-0.139173 0.21357 1.01157 29 47 212
-0.132836 0.224136 1.0401 26 48 212
-0.244836 0.201105 1.01746 52 42 209
0.0523651 -0.0433485 0.847754 21 17 218
-0.23671 0.202885 1.02143 50 43 209
-0.130052 0.219216 1.01824 26 48 212
-0.183568 0.150724 1.03345 39 31 214
0.126803 0.0672442 0.83089 41 17 215
-0.23807 0.16411 0.968388 54 36 210
-0.221776 0.149265 0.962556 50 33 211
-0.219062 0.232174 0.984659 48 52 207
-0.228956 -0.0802484 0.946689 53 22 212
-0.120119 0.128176 0.931495 27 31 215
-0.189551 0.24233 1.02931 39 52 209
-0.0917479 -0.047568 0.9977 18 15 218
-0.225366 0.209344 1.01992 49 46 209
-0.0248532 0.0324116 0.229681 21 27 217
0.0710848 -0.0321629 0.84114 32 17 216
-0.185722 0.132483 0.931671 43 30 213
-0.206703 0.0880154 1.00308 46 18 214
0.117973 0.118365 0.830878 37 31 214
-0.203064 0.233165 1.00726 43 51 209
-0.110102 0.232829 1.00911 22 52 212
-0.151526 0.229151 1.01198 32 51 211
-0.212376 0.0826969 1.02285 46 16 214
-0.220489 0.209735 1.06146 45 44 210
0.0310118 0.150157 0.829299 15 42 215
-0.0919879 0.172638 0.931958 20 42 214
-0.197829 0.124292 0.987246 44 27 213
-0.153942 0.169393 1.00765 33 37 214
-0.134312 0.0956951 0.998295 28 19 217
0.111884 0.0704042 0.838648 43 16 214
-0.18846 0.133797 1.01847 40 27 214
-0.17674 -0.0265458 0.98939 40 9 216
-0.296288 -0.0698477 1.075 59 16 211
-0.10764 -0.0387678 1.03976 22 11 218
0.0427456 0.138019 0.828325 18 37 215
0.0440824 0.144633 0.825869 16 39 215
4.27665e-05 0.0441925 0.807024 5 9 219
0.0340602 0.0395055 0.821679 15 8 219
-0.166492 -0.0289544 0.958427 38 9 216
-0.116943 0.163015 0.950338 25 41 214
-0.106016 0.122545 1.01081 21 26 217
-0.128168 0.123493 1.0386 26 25 216
-0.215415 0.206044 1.04079 45 44 210
-0.214177 0.138227 1.00334 47 29 212
-0.215879 0.222549 1.01308 46 48 209
0.0749821 0.0431424 0.833077 30 9 217
0.0221212 0.151137 0.824005 16 45 214
-0.179805 0.231871 1.00338 39 51 210
-0.219541 0.0259947 1.14481 41 3 215
-0.255861 0.223447 1.02919 53 47 207
-0.242812 0.199455 1.01078 52 43 209
-0.10219 -0.0755255 0.929443 23 21 217
0.0428729 0.13955 0.838034 18 37 215
-0.12365 0.17321 1.00399 26 39 214
-0.184348 0.101973 1.02016 40 21 215
0.0441747 0.145028 0.828563 17 39 215
-0.263847 -0.0533534 1.04186 54 13 212
0.0586165 0.115243 0.877135 21 29 216
-0.177789 0.0143644 1.0094 38 1 216
-0.118924 0.213096 1.00087 24 49 212
-0.212351 0.111754 0.992075 47 23 213
-0.185575 0.256668 1.01968 39 55 209
-0.108681 0.218798 1.03747 22 47 213
-0.102232 0.160677 0.932337 22 39 215
-0.111991 0.14463 1.00988 23 31 216
0.11917 0.0245642 0.833783 37 3 216
0.0374857 0.157277 0.851585 14 40 215
0.0560431 0.116612 0.849922 18 29 217
-0.245306 0.1091 1.00885 54 22 212
-0.133144 0.233068 1.00385 28 52 211
0.116457 0.0667482 0.821073 34 16 216
0.0741713 0.0190165 0.835427 26 2 218
0.0447641 0.145036 0.83059 18 40 215
-0.17198 0.149726 0.934761 40 34 213
0.046927 0.115821 0.861321 21 30 216
-0.110825 0.227837 0.979158 23 53 212
-0.240226 0.137133 1.02562 52 28 211
-0.123376 0.250545 0.980755 26 56 211
-0.230172 0.232959 1.02785 48 49 208
-0.227819 0.219578 1.00093 50 48 208
-0.13938 0.27007 1.02921 28 56 210
-0.242413 0.19931 1.00854 52 42 209
-0.176336 0.2625 1.01138 37 55 209
-0.121135 0.160184 0.954083 27 38 214
-0.148574 0.224282 0.991953 32 51 211
-0.122099 0.216576 1.02225 25 48 213
-0.106181 0.178171 1.02944 21 39 215
-0.166235 0.213172 1.01349 35 47 211
-0.166276 0.219632 0.97072 37 51 210
0.0263681 0.122081 0.856337 10 31 217
0.138901 0.12902 0.894642 39 31 214
0.0571849 0.116942 0.858968 17 28 217
0.0744292 0.0449668 0.82239 25 9 218
0.1137 0.0667874 0.825446 39 16 215
0.0481324 0.0519523 0.806614 15 12 219
0.0602202 0.141095 0.825243 23 38 215
0.0464336 0.052499 0.816925 16 11 219
0.132274 0.0643993 0.817528 41 15 215
0.079962 0.032732 0.848021 28 5 218
0.142212 -0.0433885 0.793281 43 15 215
0.108337 0.00751959 0.833944 36 1 216
-0.250395 0.0982749 1.02294 54 20 212
0.0157831 0.144456 0.852929 12 40 215
-0.0801382 -0.0798364 1.02455 16 20 218
0.0614118 0.145869 0.824662 22 39 215
-0.175638 0.140495 1.05372 36 29 214
-0.248384 0.228965 0.929833 57 52 205
-0.0748806 -0.0590856 0.960059 16 17 218
-0.215791 0.134848 1.01381 47 28 212
-0.185014 0.229609 1.01521 39 49 210
-0.205116 0.156144 0.954435 48 37 211
-0.124147 0.251537 0.986232 26 55 211
-0.248056 0.0170715 0.952739 57 0 212
-0.115351 0.216058 0.980852 23 50 212
-0.18651 0.139686 1.04903 39 28 214
-0.110167 0.223169 1.03198 22 48 213
-0.142018 0.137933 0.995862 31 31 215
-0.211286 0.160969 0.983745 47 36 211
-0.192604 0.240953 0.946827 45 57 207
-0.0910281 0.172132 0.92784 19 42 214
0.0418257 0.088249 0.835804 18 23 217
0.0606901 -0.0539433 0.806548 19 18 218
-0.218707 0.220473 1.01925 46 48 209
-0.0902736 -0.0321575 0.904714 21 11 218
-0.145281 0.111148 0.819779 39 29 214
-0.0982844 0.112776 0.939001 21 27 217
-0.184691 0.23763 1.02494 39 51 210
0.139592 -0.0469806 0.833225 40 15 215
-0.0351963 0.251886 0.986029 5 57 212
-0.133213 0.213921 1.01833 27 47 212
-0.213434 0.207629 1.00882 47 46 209
0.0281378 0.10017 0.834733 13 26 217
0.0291236 0.0772922 0.817528 14 19 218
-0.180965 0.156672 1.01815 39 34 213
-0.071572 -0.057182 0.975698 15 16 218
-0.253106 -0.0826097 1.01215 53 19 212
-0.0959979 -0.0726185 1.03064 19 18 218
-0.00561996 -0.0062193 0.820037 3 7 219
-0.147584 0.218124 1.06321 28 45 213
0.0344201 0.0443025 0.813527 15 9 219
-0.140611 0.101043 0.790577 39 27 214
0.0949455 0.0273395 0.832855 28 5 218
0.0588699 0.126399 0.834249 22 34 215
-0.186477 0.139392 1.00995 41 30 213
-0.184139 -0.034015 0.965566 42 10 215
-0.0931766 -0.0281855 0.929479 21 10 218
0.062893 0.139355 0.824753 22 38 215
-0.10225 0.13754 1.00459 21 30 216
-0.230544 0.128964 0.976274 52 27 211
-0.1977 0.135331 0.964396 46 30 212
0.0330703 0.0834737 0.862763 13 21 218
0.020589 0.0090705 0.84239 11 1 219
-0.190707 0.241928 1.03872 40 51 210
0.0264657 0.142103 0.832987 13 39 215
-0.218196 0.0986297 1.04754 46 20 214
-0.11607 0.211473 0.997138 24 46 213
-0.210094 0.154818 0.98089 47 34 211
-0.235374 0.148471 0.996057 52 31 211
0.0516888 0.0506907 0.822832 20 11 218
0.0256754 0.0455289 0.802234 14 9 219
0.00373016 0.034954 0.832309 6 6 219
0.0603532 0.0682143 0.810047 23 17 218
-0.202594 0.082933 1.00975 43 16 215
0.0700073 0.0739884 0.897462 19 16 218
-0.167602 0.203775 0.951343 37 45 211
-0.219061 0.142844 1.0095 47 29 212
-0.225867 0.0983318 1.04198 46 19 214
-0.0821032 -0.0686591 1.02691 16 17 218
0.0417529 0.0464531 0.824466 14 10 219
0.0607211 -0.054081 0.810909 19 18 218
0.0281686 0.0243382 0.861598 10 3 219
0.0433848 0.0260085 0.84171 16 3 219
-0.127868 0.23113 1.01714 26 52 211
-0.0773118 0.0557262 0.901649 16 11 219
0.0234076 0.111386 0.828843 13 30 217
-0.237617 0.207648 1.02255 51 45 209
0.0295355 0.120587 0.88768 9 29 217
0.0245862 0.0441319 0.810104 12 9 219
-0.108652 0.207869 0.989533 22 48 213
-0.216396 0.111797 1.01885 47 23 213
-0.216231 0.210867 1.03832 45 45 210
-0.089283 0.13575 0.946094 18 33 216
-0.111884 0.21598 1.02215 22 48 213
-0.000439757 0.071518 0.792444 9 18 218
-0.117081 0.132343 1.02085 24 28 216
-0.125124 0.13513 0.978654 27 29 216
-0.20413 0.247759 1.00776 43 53 208
-0.120989 0.148734 1.02192 24 32 216
-0.264747 0.243046 0.988616 57 52 205
-0.213887 0.207876 1.01752 47 46 209
0.154096 0.0653812 0.822 50 15 213
0.0742859 0.0424637 0.838442 30 8 217
0.0739747 0.0422845 0.836306 30 8 217
-0.113535 0.137395 0.941947 25 32 216
-0.236002 0.0673089 1.01308 52 12 213
-0.1148 0.139373 0.951814 25 32 216
-0.102648 0.135328 1.01145 21 29 216
-0.203942 0.0594996 0.961794 47 11 214
-0.126145 0.152974 0.980932 28 34 215
-0.151659 0.237261 0.980954 33 54 210
-0.264496 0.250113 0.983377 57 54 205
-0.143217 0.226796 0.996482 30 51 211
0.0874245 0.0261872 0.838058 32 3 217
0.0941856 -0.0308688 0.863167 34 14 216
-0.214498 0.0842254 1.03489 46 16 214
-0.18103 0.167408 1.01769 39 37 213
-0.135918 0.209314 0.990976 29 48 212
-0.186939 0.129255 1.02083 41 27 214
-0.187062 0.129254 1.01958 40 27 214
-0.19997 0.222221 0.995799 44 50 209
-0.146496 0.158604 0.962343 33 37 214
-0.206914 0.101694 1.03104 45 20 214
-0.100494 0.133002 0.993498 21 29 216
0.0364158 0.127341 0.831515 16 35 216
0.0330188 0.0416272 0.790127 19 8 218
0.0514709 0.108454 0.828006 21 29 216
0.0499053 0.130993 0.81894 27 38 214
0.0541717 0.0636126 0.801527 20 15 218
-0.0315018 0.209194 0.841254 6 56 212
-0.19708 0.109181 0.977978 44 23 214
0.0390334 0.138943 0.834564 16 38 215
-0.154425 0.222719 0.983568 33 51 211
-0.141829 0.160776 0.970137 32 36 214
0.0400729 0.152598 0.822302 20 43 214
-0.156635 0.225547 0.996025 34 50 211
0.0286086 0.126808 0.834988 12 33 217
-0.174592 0.153238 0.950976 40 36 213
-0.114429 0.217882 0.995735 23 49 212
-0.204031 0.0886348 1.00981 45 18 214
-0.213699 0.239496 1.03346 44 51 209
-0.211674 0.23967 1.03405 43 51 209
-0.10545 0.114381 0.995636 21 25 217
-0.0941401 -0.0277058 0.938639 21 10 218
0.0522692 0.0239541 0.840683 20 3 218
0.0559165 0.137789 0.81779 22 38 215
-0.229586 0.0653373 0.98387 52 12 213
-0.155026 0.213258 0.989079 33 48 211
0.0655016 0.0520675 0.816825 28 11 217
0.0198063 0.107495 0.835061 11 28 217
0.109924 0.0696108 0.826561 42 17 214
-0.259433 0.0624818 0.976431 58 12 211
-0.00093914 0.0681452 0.812692 5 17 219
-0.247876 0.0756969 0.927675 59 16 211
-0.195454 0.0973661 0.975489 44 20 214
-0.253273 -0.00272587 0.980459 56 3 212
0.0278515 0.0347586 0.826252 9 6 219
-0.163625 -0.0243629 0.956611 37 8 216
-0.0886884 0.113572 0.964155 19 24 217
-0.1101 0.217708 1.03276 21 48 213
-0.130062 0.129786 0.990487 28 29 216
-0.11316 0.239734 1.00276 23 54 211
-0.0974454 0.163122 1.01362 20 36 215
-0.163158 0.136296 1.00593 36 29 214
-0.0931364 0.176524 0.949868 20 41 215
-0.20294 0.138413 1.02723 44 30 213
-0.223177 0.244945 1.02144 47 53 207
-0.182762 0.128565 1.02261 39 27 214
-0.18988 0.143509 1.06991 39 29 214
-0.145533 0.218521 0.971941 32 50 211
-0.145861 0.145892 1.01849 31 31 215
0.139898 0.0583395 0.818159 48 14 214
0.0539564 0.150718 0.830506 20 41 214
-0.124831 0.257108 0.990064 26 59 209
0.114175 0.0597177 0.834787 40 13 215
0.0548245 0.114802 0.835165 22 31 216
0.0551393 0.0219483 0.831165 24 1 218
-0.245125 0.237526 0.99994 54 52 206
-0.266741 0.173133 0.958752 59 37 208
-0.251821 0.172712 0.901185 60 40 207
-0.244899 0.225536 0.916353 57 52 205
0.0269586 0.070308 0.806791 15 18 218
-0.21063 -0.0303641 0.956923 49 9 214
-0.275243 0.254447 1.0225 57 53 205
0.0259889 0.125606 0.851511 10 33 217
-0.0313969 0.209393 0.814661 6 56 212
-0.218561 -0.011147 1.08822 44 4 215
0.0991431 0.162211 0.834293 33 43 212
0.0451494 0.0205033 0.806501 15 3 219
0.123949 0.0376302 0.823632 42 7 215
0.0553839 0.0642225 0.803482 21 15 218
0.135584 0.0681876 0.848537 42 16 215
-0.187473 0.0873777 1.18779 34 14 216
-0.170298 0.153929 0.955732 39 36 213
-0.206894 -0.0293716 0.941169 49 11 213
-0.191167 -0.0181566 1.00162 42 7 215
-0.125748 0.135917 1.01419 26 29 216
-0.103094 0.118782 0.981175 22 26 217
-0.186083 0.262283 1.00556 40 58 208
0.0467032 0.0205996 0.830496 19 2 219
-0.123306 0.204831 0.945293 28 49 212
-0.223601 0.235783 1.02029 46 50 208
-0.188625 0.169271 1.02022 39 35 213
0.033313 0.143808 0.837362 18 40 215
-0.15292 0.236233 0.995653 32 55 210
-0.204664 0.160923 0.978862 47 36 211
-0.117268 0.22121 1.0032 23 50 212
-0.202733 0.0959237 1.00524 45 19 214
-0.230654 0.14543 0.971612 51 32 211
-0.205433 0.152687 0.996938 46 34 212
-0.165605 0.220757 1.01401 35 49 211
-0.170855 -0.0255238 0.9907 38 8 216
0.112202 0.0633825 0.820195 34 16 216
-0.14369 0.225667 1.04558 29 48 212
-0.12686 0.237802 0.972958 27 54 211
-0.10451 0.148506 0.914824 24 36 215
-0.103386 -0.00924583 1.01478 21 4 218
-0.112943 0.0489642 0.894486 27 10 218
0.0308003 0.14145 0.857708 12 37 216
-0.174227 0.123823 0.980365 39 26 214
-0.183471 0.0986303 1.02565 39 19 215
-0.172241 -0.0364747 0.965795 39 11 216
-0.193834 -0.00608698 1.14812 37 4 216
0.0347053 0.141166 0.847242 11 35 216
-0.201773 0.120452 1.0292 43 24 214
-0.179387 0.108538 1.03645 38 22 215
-0.103768 0.156906 0.991081 21 35 216
0.0159753 0.149316 0.886858 6 36 216
-0.23581 0.0842075 1.01955 51 16 213
-0.236301 0.0953125 1.01131 52 19 212
-0.129119 0.12447 1.04789 25 24 217
0.0301407 0.0376611 0.884819 11 7 219
-0.109376 0.138735 0.986958 22 31 216
-0.133034 0.135385 0.987376 29 29 216
-0.114044 0.127252 0.988308 24 28 216
-0.189353 0.134276 1.02285 40 27 214
-0.198524 0.0501272 0.975522 44 8 215
-0.205769 0.125739 0.983083 46 26 213
-0.0977978 0.12014 1.03536 19 25 217
-0.0899698 0.134166 0.963435 19 31 216
-0.109685 0.145911 1.04111 22 30 216
-0.203909 0.087055 0.989769 46 18 214
-0.219609 0.0994702 1.05066 46 19 214
-0.187023 0.110089 0.922713 44 24 213
-0.19679 0.104105 1.01591 42 20 214
0.0170969 0.1409 0.836046 10 37 216
-0.194277 0.115883 0.992496 43 25 214
-0.186682 0.103681 1.03011 40 21 215
-0.262189 0.1178 0.963256 59 25 210
-0.206375 -0.0289255 0.939931 49 11 214
-0.234646 0.0865777 1.0159 51 17 213
0.0242974 0.112918 0.832585 12 30 217
-0.251563 0.0908623 0.934924 59 19 211
-0.246948 0.232087 1.02281 51 49 208
0.112798 0.0590301 0.836004 47 12 214
0.0273769 0.100179 0.825524 19 27 217
0.0176542 0.133039 0.819912 16 38 215
-0.070624 -0.0281942 0.942136 12 14 219
-0.213585 0.143397 0.923917 51 33 211
-0.194097 0.130675 0.942077 45 29 213
0.0265355 0.141091 0.831913 12 38 216
-0.233503 0.152309 0.954497 55 35 209
-0.239557 0.0999132 1.03844 51 19 212
-0.200693 0.097673 0.998925 45 20 214
-0.112287 0.154077 0.998202 24 34 215
-0.198677 0.149071 0.978776 45 33 212
-0.132917 0.242629 1.01117 27 56 210
-0.156985 0.231083 1.01742 33 49 211
0.0251943 0.0674028 0.813805 11 16 219
0.00417256 -0.00406263 0.845956 7 5 219
-0.109501 0.15589 0.896967 26 39 214
-0.16466 0.135841 0.996795 36 29 214
0.0345931 0.039277 0.824938 16 7 219
0.0328467 0.103313 0.853405 13 25 218
-0.217874 -0.0165464 0.85343 56 8 212
0.0322818 0.10197 0.841386 15 26 217
-0.103789 -0.0800684 1.11295 19 18 218
-0.209105 0.0969847 0.980593 47 20 213
0.0355314 0.141175 0.82412 12 38 216
-0.10261 -0.0659777 1.01456 21 17 218
0.0423601 0.0469969 0.831363 16 9 219
-0.216428 0.172318 1.0668 45 35 212
-0.0922807 0.138017 0.989501 19 30 216
0.0421213 0.109058 0.816412 19 29 217
-0.29353 -0.021396 1.04833 60 6 211
-0.107324 0.159817 1.01966 21 34 216
-0.11078 0.165589 0.956325 23 40 215
0.124405 0.035186 0.829438 41 7 215
-0.201517 0.017538 1.14128 39 0 216
-0.120793 0.149402 1.0001 24 33 216
-0.172827 -0.00595343 1.10823 33 4 217
-0.155456 0.21898 1.01529 32 48 212
0.0262377 0.0458517 0.807939 14 9 219
-0.242256 0.227382 1.02567 51 48 208
-0.171477 0.120162 0.96188 40 27 214
-0.204487 0.119727 0.973738 47 26 213
0.0253025 0.067755 0.817416 14 16 218
0.0408301 0.0871487 0.82498 20 23 217
-0.181343 0.234254 0.996012 38 52 209
0.0922993 0.159532 0.810843 42 48 210
-0.0925089 0.164837 0.943491 19 39 215
-0.241835 0.138646 1.02208 51 29 211
-0.196686 0.223756 1.02166 42 50 209
-0.234038 0.152512 0.956526 53 34 210
-0.216085 0.208401 1.01117 46 44 210
-0.21409 0.120652 1.01142 48 25 213
0.0557568 0.145777 0.824895 23 41 214
-0.171945 -0.0371015 0.965813 40 12 215
-0.151117 0.236764 0.977919 33 53 210
0.00428615 -0.00376734 0.842642 5 5 219
0.00577918 0.030983 0.825208 6 5 219
-0.183485 0.255892 1.00316 40 57 208
-0.08254 -0.0698081 1.0524 16 18 218
0.114762 0.0640345 0.831608 41 15 215
0.151002 0.0353074 0.821744 48 8 214
0.124785 0.0577766 0.833246 41 13 215
-0.240779 0.209147 1.03322 51 45 208
-0.190305 0.154963 0.971399 43 35 212
-0.216358 0.210758 1.022 46 46 209
0.114369 0.0447178 0.837253 37 9 216
0.156772 0.0345053 0.834765 47 6 214
0.0756136 0.0226765 0.839204 27 2 218
0.129497 0.0385853 0.868659 35 7 216
0.162528 0.0696292 0.83021 49 16 213
0.130765 0.0608284 0.871099 36 13 216
0.0741881 0.0499103 0.835577 24 10 218
0.105993 -0.0439409 0.8704 32 15 216
0.0606831 0.0609068 0.831062 23 14 218
0.142806 0.136354 0.82095 47 37 211
-0.213924 0.111768 1.0084 48 23 213
-0.215864 0.207967 1.00021 47 46 209
-0.194024 0.215406 1.03182 40 47 210
-0.0972297 0.162216 0.954514 20 37 215
-0.185717 0.150264 0.946744 43 35 212
-0.117583 0.224868 0.977708 24 51 212
-0.213961 0.208486 1.01859 46 45 210
-0.229825 0.231324 1.01151 49 51 208
-0.243361 0.141533 0.883256 59 33 208
-0.155777 0.217402 1.05128 31 47 212
-0.233729 0.139551 0.940842 54 31 210
-0.219195 0.200036 0.999484 48 44 209
-0.0874736 0.151258 0.901535 20 38 215
-0.183815 0.24638 1.00663 40 56 208
-0.125783 0.217799 0.993685 26 49 212
-0.115832 0.149005 1.01606 24 32 216
-0.107407 0.107046 1.02413 22 22 217
-0.0967942 0.0638518 1.09218 18 11 218
0.000498469 0.0459653 0.8409 5 9 219
0.0281602 0.0711846 0.818905 13 18 218
0.0363967 0.0444091 0.827222 13 9 219
0.0564873 0.0519468 0.829468 17 11 218
0.0575026 0.0598857 0.805853 24 14 218
0.061457 0.051274 0.810295 21 11 218
0.0650877 0.0681535 0.826743 24 16 217
-0.295825 -0.0214272 1.05664 60 7 211
-0.143236 0.173022 1.00958 30 38 214
-0.188121 0.184252 1.35447 29 28 216
-0.235704 0.118397 1.01804 51 24 212
-0.227064 0.0482428 1.06343 46 7 214
-0.238126 0.0882548 1.0318 50 17 213
-0.230808 -0.0319345 1.01514 49 9 214
-0.193919 0.157489 0.954063 45 36 212
-0.197493 0.0660175 1.02674 42 12 215
-0.17972 0.065744 0.997418 39 12 216
-0.153919 -0.0223124 0.967475 35 9 216
-0.183324 0.104393 1.0069 40 21 215
-0.181601 0.0574087 1.2309 32 8 217
-0.116171 0.172922 0.996334 25 39 214
-0.117605 0.117355 0.836245 30 29 215
-0.109738 0.172253 0.990838 23 38 215
-0.11602 0.128255 1.00433 24 28 216
-0.124956 0.143552 1.10732 23 27 216
-0.0961908 0.118697 1.02468 19 25 217
0.0175031 0.142645 0.843735 9 38 216
0.032244 0.0192576 0.860769 10 2 219
0.0252645 0.0447704 0.81536 13 9 219
0.0517668 0.0269996 0.836453 16 4 219
-0.150148 -0.0336261 0.916216 36 11 216
-0.189079 0.169749 1.02238 40 36 213
0.0638815 0.120888 0.830361 24 32 216
-0.26147 0.143658 1.07193 52 27 211
-0.269366 0.130404 1.1463 50 23 212
-0.180773 0.114903 1.13229 35 21 216
-0.231516 0.110162 1.023 49 22 213
-0.219096 0.159405 0.976279 48 34 211
-0.232852 0.219121 1.0955 46 43 210
-0.180481 0.0959806 1.05897 37 18 215
-0.112844 0.141335 1.01166 23 30 216
0.0268563 0.0463031 0.840373 10 10 219
0.0364156 0.139665 0.835758 16 38 216
-0.13102 0.221584 1.02996 26 47 213
-0.155314 0.184925 1.16049 28 33 215
-0.17787 0.107527 1.02885 38 21 215
-0.120964 0.131017 1.14767 22 23 217
-0.10969 0.234183 1.01483 22 51 212
-0.147751 0.124306 0.885297 36 29 215
0.0569564 -0.0570224 0.859069 16 17 218
-0.175645 0.152572 0.920908 42 36 212
-0.141535 0.148728 1.07285 28 29 216
0.0411502 0.0536362 0.833162 13 12 219
0.0505544 0.0463515 0.80925 21 10 218
-0.137946 0.174769 1.01703 28 38 214
-0.14194 0.147041 1.04661 29 30 215
-0.121955 0.147613 1.03271 25 30 216
-0.101889 0.134696 1.00513 21 29 216
-0.308924 -0.0650237 1.08266 61 14 210
-0.182064 0.0452824 1.12993 35 6 216
-0.229328 0.120535 0.987504 52 26 212
-0.108453 0.14582 1.04354 21 30 216
-0.168428 0.125002 1.01981 36 26 215
0.0251927 0.114474 0.840432 13 30 217
-0.214275 0.213371 1.38908 33 32 215
-0.110979 0.216545 1.02247 22 48 213
0.103733 -0.0429888 0.856422 32 15 216
0.127227 0.0250716 0.835544 43 3 215
0.147304 -0.0450937 0.813916 43 15 215
0.0866443 0.0583849 0.81252 33 13 216
0.0435069 0.0259645 0.843685 14 4 219
0.057727 0.0216606 0.837437 22 2 218
-0.168108 0.0679943 1.01659 35 12 216
-0.247722 0.116928 1.05786 50 22 212
0.0644675 0.151074 0.890681 22 39 215
0.0452673 0.0463069 0.818449 16 10 219
-0.206159 0.150008 0.959612 48 35 211
-0.214967 0.133735 1.00823 48 28 212
-0.138606 0.141739 1.03502 28 29 216
-0.237984 0.136279 1.01951 52 28 211
0.0279701 0.115598 0.845688 13 30 217
0.0517941 0.133681 0.836725 18 35 216
-0.134831 0.137585 1.00421 28 29 216
-0.256953 0.235507 0.962596 58 53 205
-0.172255 0.115597 0.990865 38 24 215
-0.233332 0.099859 0.866001 59 23 210
-0.104385 0.120391 0.994486 21 26 217
-0.224526 0.10383 1.05848 48 20 213
-0.213956 0.229799 1.00506 47 52 208
-0.202698 0.22402 1.02259 43 47 210
0.0421837 0.0201328 0.850239 15 3 219
-0.114323 0.163402 1.03521 22 36 215
0.0482263 0.155913 0.831743 19 43 214
-0.116578 0.142685 1.02006 24 31 216
-0.204274 0.131105 1.01428 45 27 213
0.114824 0.0611803 0.834975 37 14 216
0.143469 0.136846 0.823832 45 36 211
0.104095 -0.0509065 0.809073 31 17 216
-0.143313 0.162686 0.912339 33 37 214
-0.0914163 0.119975 1.00424 17 25 217
-0.102485 -0.0536276 1.00156 21 15 218
-0.134009 0.147747 1.03769 27 30 216
-0.194599 0.208361 1.2368 33 35 214
-0.186302 0.15029 0.948778 43 35 212
0.0513585 0.0488121 0.837604 18 10 218
-0.118011 -0.0788561 0.938893 26 21 217
-0.221319 0.157107 0.924022 52 36 210
-0.195496 0.152697 0.966707 44 34 212
-0.24161 0.138534 1.02307 51 29 211
-0.0935348 0.122615 1.02603 16 26 217
-0.1566 0.226728 1.00137 34 51 211
-0.131122 0.221325 1.02881 26 47 213
0.0319716 0.101294 0.837715 15 26 217
-0.0990376 0.161504 0.951754 20 39 215
0.0436676 0.110903 0.832554 19 29 216
0.0263842 0.139873 0.830518 14 39 215
-0.201264 0.217956 0.966244 45 48 209
-0.186366 0.248344 1.0141 40 54 209
-0.236471 0.246175 1.04304 48 50 208
-0.238061 0.224447 1.01017 52 49 207
-0.243117 0.234877 1.00583 52 50 207
-0.246197 0.153164 0.890739 59 36 208
-0.242263 0.165907 0.867035 60 40 207
-0.152504 0.238277 0.984914 33 53 210
-0.14586 0.231909 1.01499 31 52 211
-0.108205 0.215984 1.03866 21 46 213
0.0749518 0.0467091 0.828842 24 10 218
0.102282 -0.0418713 0.82114 33 15 216
0.0644648 0.0648745 0.808078 21 15 218
0.119856 0.0364612 0.809268 42 6 215
0.117577 0.0359473 0.818907 35 7 217
0.0711551 0.0239671 0.831726 27 2 218
0.0551716 0.0617494 0.814958 17 14 218
0.042824 0.0465316 0.805146 14 10 219
0.0440196 0.143249 0.819633 17 38 215
0.153565 -0.0423404 0.854513 46 14 214
0.145455 0.137329 0.827604 43 35 212
0.149308 0.0355178 0.815358 45 7 214
0.126921 0.0249822 0.831511 43 3 215
0.0574712 0.126192 0.834428 21 33 216
0.0612738 0.0972919 0.832665 21 25 217
0.0988472 0.165142 0.837098 31 44 213
0.152399 0.0361565 0.830814 47 7 214
-0.205207 -0.0748204 0.898909 49 20 213
0.0550645 0.142512 0.8501 18 36 216
0.04844 0.137356 0.823365 19 37 215
-0.25823 0.175422 0.923706 59 39 208
-0.23703 0.0258582 0.912045 57 3 212
-0.243962 0.0980698 1.04615 50 18 213
-0.184607 0.131636 1.00122 41 29 214
0.0969919 0.159231 0.819873 35 44 212
0.0193807 0.1365 0.836383 10 36 216
0.141933 0.134949 0.814881 46 36 211
0.0631 0.0608348 0.798438 23 15 218
0.0157471 0.14375 0.848694 9 38 216
-0.173519 -0.0257383 0.94215 41 9 215
-0.228137 0.102199 1.05408 47 19 213
-0.256893 0.0899589 1.17585 48 14 214
-0.214259 0.163679 0.992757 47 36 211
-0.22197 0.117663 1.03943 46 23 213
-0.229076 0.150544 1.12373 44 28 213
-0.204697 0.160094 0.984795 45 35 212
-0.209476 0.128731 0.99987 47 27 213
-0.23703 0.166523 1.18674 43 30 213
-0.224883 0.00893398 1.17463 41 0 215
0.0288848 0.127715 0.838728 17 35 216
0.0544964 0.0603284 0.798836 21 14 218
0.00333558 0.0345082 0.831416 6 6 219
-0.227555 0.23172 1.01963 49 50 208
-0.230966 0.19819 0.926849 56 48 206
-0.216209 0.228265 0.98892 47 51 208
-0.118167 0.122528 1.02298 24 26 217
-0.147991 0.0652287 0.946688 34 13 216
-0.126329 0.0682094 0.954518 28 14 217
0.0518923 0.14544 0.824039 21 40 215
-0.172691 -0.0367582 0.950282 40 11 215
-0.236167 0.149006 1.02698 50 30 211
0.041525 0.104607 0.833109 17 27 217
-0.214976 0.105712 1.1032 42 19 215
-0.104987 0.174664 1.00556 22 38 215
0.053159 0.125201 0.819694 17 32 216
0.149952 0.143577 0.820847 42 36 212
0.111073 0.0618537 0.803046 35 14 216
0.126607 0.0378464 0.854215 40 7 215
0.0715353 0.0292113 0.837867 26 4 218
0.0759447 0.0225103 0.839269 28 2 218
0.0852897 0.0843039 0.825019 29 21 216
0.127391 0.0261684 0.839875 39 4 216
0.0878097 0.0584885 0.815639 35 13 216
0.101461 -0.0400777 0.84839 34 16 216
0.102804 0.0708812 0.8275 34 17 216
0.123581 0.0584447 0.828558 42 13 215
0.152372 0.0334075 0.858242 41 6 215
0.150025 -0.0460047 0.825023 46 16 214
0.116188 0.0666424 0.829059 37 15 216
0.080417 0.0277516 0.840689 28 4 217
0.0971158 0.0294429 0.851225 28 4 218
0.140121 0.0675787 0.838199 39 15 215
0.0983599 0.162045 0.82892 34 44 212
0.0796287 0.0333637 0.838475 28 5 217
0.0784492 0.0251614 0.839375 28 3 217
0.0762913 0.0508593 0.854046 26 11 218
0.0710815 0.0489308 0.805414 23 10 218
-0.0877541 0.151171 0.900485 19 39 215
-0.205946 0.225012 1.00673 44 49 209
-0.200972 0.234514 0.991955 44 52 208
-0.220361 0.142092 1.03156 47 30 212
0.0557709 0.027169 0.834037 24 3 218
0.0566269 0.067219 0.799053 29 17 217
-0.211174 -0.0278708 0.960625 50 12 213
-0.12079 0.156123 0.957268 26 37 215
0.133247 0.0666854 0.863542 37 15 216
0.0815911 0.0527595 0.798162 31 12 217
0.0745484 0.0447305 0.829243 27 9 217
0.14006 -0.0464329 0.83216 39 15 215
0.104906 0.0878064 0.829103 37 22 215
0.143367 0.0524367 0.83197 46 11 214
0.11562 0.066433 0.83625 38 15 216
0.123826 0.0369341 0.826561 42 6 215
0.113064 0.0602819 0.833812 37 13 216
0.148233 -0.0453312 0.818581 43 15 215
0.11725 0.0240921 0.822723 40 3 216
0.0868239 0.0588689 0.815487 33 13 216
0.123901 0.0578803 0.828936 42 13 215
0.115368 0.0664459 0.833265 38 15 216
0.116448 0.0613113 0.851467 37 13 216
0.083928 0.082204 0.8155 32 21 216
0.121025 0.0622104 0.77419 41 16 215
0.0777132 0.0233492 0.858979 27 2 218
0.0705355 0.0288694 0.828687 27 4 218
0.143104 0.0513205 0.829055 44 11 215
0.0787928 0.0330537 0.834826 29 5 217
0.104192 0.0872396 0.827867 37 22 215
0.116516 0.117179 0.823495 38 31 214
0.124885 0.0374645 0.829682 42 7 215
0.119779 0.0242422 0.838884 40 3 216
0.125735 0.0670622 0.824745 43 16 215
-0.00746948 -0.000938211 0.786256 0 2 219
0.105854 0.0297626 0.82305 33 4 217
0.114589 0.0656286 0.829337 36 15 216
0.0743716 0.0298781 0.852585 24 4 218
0.0814292 0.0805032 0.802693 31 21 216
0.151272 0.052093 0.815954 43 12 215
0.0627917 0.0593048 0.811596 23 14 218
0.107056 -0.0452364 0.851074 31 15 217
0.136848 -0.0454129 0.81632 39 15 215
0.0741386 0.0234259 0.829465 26 2 218
0.0184892 -0.00549797 0.855338 10 6 219
-0.0946365 -0.0115685 1.04723 16 8 219
0.0428646 0.138374 0.828833 19 36 215
-0.232181 0.158537 0.979725 52 34 210
-0.18399 0.133977 0.926629 43 30 213
-0.145319 0.167177 0.980776 31 37 214
-0.201891 0.223833 1.00416 43 50 209
-0.250142 0.138659 1.02653 53 28 211
-0.146544 0.116071 0.833091 38 30 214
-0.000948955 0.0686138 0.820066 7 18 219
-0.1039 0.149677 0.996721 21 33 216
0.0302066 0.138756 0.840819 20 40 215
0.0312928 0.0538129 0.823182 19 12 218
-0.143754 0.213389 1.05663 27 46 213
-0.213747 0.22176 1.00321 46 49 209
-0.188777 0.136065 0.948111 43 30 213
-0.217482 0.14164 0.998569 47 30 212
-0.178343 0.128831 0.896818 44 30 213
-0.1781 0.126864 0.894078 43 30 213
-0.10488 0.171664 0.961777 21 42 214
-0.218251 -0.0226066 1.04067 48 9 214
-0.0986938 -0.0631161 0.987033 21 17 218
-0.110847 0.160913 0.956396 23 36 215
-0.216975 0.204522 1.02899 46 43 210
-0.289972 -0.0374814 1.04503 59 9 211
0.0866524 -0.0291161 0.843379 36 14 216
-0.105836 0.162493 1.01992 21 36 215
0.0343152 0.0436201 0.808643 17 8 218
0.0357977 0.152579 0.822376 16 41 215
-0.198046 0.0819783 0.962134 45 16 214
0.017758 -0.00446673 0.849084 13 7 219
0.0345656 0.0390336 0.821973 21 7 218
0.114313 -0.027155 0.830945 47 15 214
0.0878783 -0.0302701 0.848582 37 16 216
-0.146325 0.21869 0.973885 32 52 211
-0.245394 0.23289 1.02008 52 51 207
-0.147945 0.204922 0.998021 31 45 212
-0.223179 0.211835 1.02109 47 45 209
-0.202781 -0.0167096 1.07793 41 8 215
-0.207624 -0.00742658 1.09011 42 4 215
-0.109223 0.22618 0.973505 23 52 212
0.00654333 0.0298673 0.847776 4 5 219
0.0157115 0.00968225 0.739278 9 0 219
0.00325055 0.0337911 0.831668 6 5 219
0.0566589 0.0213701 0.835823 22 2 218
-0.00793017 -0.00174424 0.820275 3 5 219
0.0173326 0.0304312 0.841723 10 4 219
-0.0987515 -0.0715672 0.972857 21 19 218
-0.000235187 -0.00494127 0.90941 2 4 219
0.0650668 0.0709338 0.851294 25 17 217
0.0183212 -0.00499808 0.85081 10 6 219
0.138044 0.140453 0.82881 46 39 211
-0.198608 0.156785 0.955262 46 36 211
-0.237209 0.149042 0.971579 54 33 210
-0.225717 0.239635 1.01191 48 52 207
-0.212402 0.123898 1.00604 47 26 213
-0.102275 0.208366 0.988213 20 47 213
-0.0744197 -0.0608087 1.03399 14 17 218
-0.187092 0.161584 0.986297 42 37 212
-0.176948 -0.0144993 1.06873 36 8 216
-0.149948 0.217931 1.02609 31 48 212
-0.211806 0.224347 1.01126 45 49 209
-0.238756 0.20861 1.03575 49 43 209
0.0608117 0.0969749 0.831816 24 25 217
-0.215189 -0.0440878 0.853206 54 14 212
0.0536532 0.047875 0.845212 19 9 218
0.0578902 0.0215527 0.842955 23 1 218
-0.114396 -0.0755747 0.911216 27 22 217
-0.117823 -0.0784571 0.937984 27 21 217
0.0613126 0.0972733 0.833796 23 24 217
0.067636 0.0621432 0.858079 22 14 218
-0.245644 0.201515 1.0208 52 43 209
-0.220303 0.201111 1.00231 48 44 209
-0.258193 0.0286171 0.987452 57 3 212
-0.219273 0.138002 1.03651 47 28 212
-0.150203 0.237206 1.00632 32 54 210
-0.0953321 0.117236 1.00687 19 25 217
-0.264288 0.105279 0.976487 60 21 210
-0.214392 -0.0298014 0.971769 50 12 213
-0.232232 0.146339 1.08559 47 29 212
-0.171997 0.137406 1.03361 36 29 214
-0.152223 0.20828 1.00834 32 46 212
-0.213279 0.147394 0.945808 50 33 211
-0.0826292 0.100081 1.17009 14 17 218
-0.108662 0.117549 1.02263 22 24 217
-0.180565 0.152489 0.953246 41 34 213
-0.210461 0.237796 1.04154 43 48 210
-0.195375 0.144519 1.0761 40 29 214
-0.217715 0.203554 1.0202 47 44 210
-0.275072 0.0886039 1.02479 58 16 211
-0.102239 0.200349 0.970592 22 47 213
-0.104088 0.149573 0.997012 21 33 216
-0.221514 0.205841 1.00394 48 45 209
-0.0327798 0.218812 0.845187 6 57 212
-0.171103 0.154533 0.959212 39 35 213
-0.254348 0.105733 0.939414 59 22 210
-0.181815 0.0968382 1.13838 34 17 216
-0.173891 0.145551 1.04208 36 31 214
-0.107223 0.164214 1.03185 21 36 215
-0.213498 0.148039 0.972942 48 33 211
-0.200573 0.103612 1.00028 44 21 214
-0.164933 0.111713 0.952619 38 25 215
-0.230535 0.108523 1.0177 50 22 213
-0.144565 0.146251 1.04481 30 31 215
-0.234326 0.0969839 1.0161 51 20 212
-0.110712 0.214078 1.01333 22 48 213
-0.192992 0.15189 0.957743 44 35 212
-0.242138 0.1276 1.04002 51 26 212
-0.198171 0.131803 0.926638 47 31 212
-0.178399 0.137725 1.01214 38 28 214
-0.169804 -0.0235792 0.957005 40 9 216
-0.185313 0.175756 1.0554 37 35 213
-0.169533 0.131173 1.02146 36 28 215
-0.170338 0.136555 1.02187 36 29 214
-0.165673 0.161911 0.998272 35 34 214
-0.168171 0.0562126 1.02688 35 10 216
-0.169298 0.16078 1.09982 33 30 215
-0.19096 0.211498 1.31659 31 34 215
-0.183808 0.257954 0.989954 39 56 208
-0.238381 0.137472 0.864684 59 33 208
-0.249655 0.192864 0.884577 60 46 206
0.0252498 0.0344662 0.827457 13 6 219
-0.154468 0.262881 1.00906 32 57 209
-0.122352 0.253417 0.977441 26 58 210
-0.152793 0.261256 1.00807 32 57 209
-0.135569 0.251132 0.993776 29 56 210
-0.201503 0.25085 1.00054 44 55 208
-0.118507 0.212972 0.999388 25 48 213
-0.261208 0.14583 0.947386 59 32 209
-0.103193 0.235463 0.984133 21 53 212
-0.126611 0.237383 0.971984 27 54 211
-0.252274 0.181918 0.899148 60 43 207
-0.170698 0.226107 0.996442 37 52 210
-0.102914 0.21599 1.00588 21 48 213
-0.115361 0.219871 1.00429 23 49 212
-0.103781 0.215119 1.0168 20 49 213
-0.146799 0.225285 0.993331 31 51 211
-0.229362 0.231895 1.02356 48 49 208
-0.190383 0.236732 0.949005 43 55 208
-0.205422 0.239371 1.01373 44 53 208
-0.183306 0.230031 1.00957 39 50 210
-0.198597 0.221002 0.990739 43 50 209
-0.232845 0.145155 1.01103 51 32 211
-0.167247 0.162654 0.916282 39 38 212
-0.233046 0.145049 0.968371 52 31 211
-0.214755 0.149522 0.980957 47 32 212
0.0281314 0.0720652 0.823522 11 18 218
0.0310037 0.0535077 0.817427 15 12 219
-0.13257 0.211702 1.00971 27 47 213
-0.18361 -0.0053095 1.06063 39 5 216
-0.186496 0.0871798 1.17764 34 14 216
-0.160502 -0.00368036 1.04944 33 5 217
-0.215856 0.256011 1.00717 46 55 207
-0.205562 0.14314 1.034 44 30 213
-0.18089 0.249358 0.993956 39 56 208
0.0182785 0.0360866 0.804593 14 6 219
-0.191741 0.21309 1.02283 41 48 210
-0.238136 0.220883 1.01983 50 47 208
-0.198742 0.149547 0.970407 44 33 212
-0.212309 0.148367 0.971773 48 33 211
0.0609662 0.00301433 0.798488 26 4 218
-0.139447 0.213736 1.0137 29 48 212
0.0267306 0.153681 0.83608 12 42 215
0.0277304 0.150077 0.841486 13 40 215
-0.218413 0.213253 1.01952 46 45 210
-0.215498 0.11321 1.01516 47 23 213
-0.210839 0.0497914 0.994134 48 9 214
-0.206985 0.259914 1.01033 44 55 208
-0.189132 0.260403 1.00432 40 56 208
-0.112655 0.228964 1.00388 23 50 212
-0.00681425 -0.00350942 0.844968 4 6 219
0.00253096 -0.00531205 0.839148 6 6 219
0.0013583 0.0044709 0.839656 6 3 219
-0.219058 0.209298 1.06516 45 43 210
-0.000400224 0.0695342 0.812196 4 17 219
-0.200492 0.229133 1.00643 44 51 209
0.0450183 0.144404 0.823447 20 41 215
-0.200656 0.221672 1.01292 43 47 210
0.0170958 0.14049 0.831874 11 39 216
0.0321946 0.0520335 0.811889 15 12 218
0.0263243 0.045999 0.811566 16 9 219
0.0519014 0.109157 0.833613 22 29 216
-0.171682 0.25079 0.996964 37 55 209
0.0174271 0.0311171 0.841727 12 4 219
-0.205825 0.258724 1.00535 44 56 207
-0.202714 0.125366 1.00783 44 26 213
-0.224489 0.236427 0.995501 49 52 207
-0.169967 0.224683 0.993134 37 52 210
0.0640354 0.0609928 0.801373 30 15 217
0.134635 0.0558032 0.78332 44 14 214
-0.136488 0.164047 0.965668 30 38 214
-0.184541 0.253603 1.00362 39 55 209
-0.149779 0.162944 0.971584 33 38 213
-0.0324714 0.217092 0.868359 5 56 212
-0.153601 0.214852 0.993323 33 48 211
-0.125549 0.220662 0.982821 27 51 212
-0.0908834 0.164635 0.92805 19 41 215
-0.211245 0.0248077 1.10121 42 2 215
-0.173451 0.254074 1.00764 37 55 209
-0.116517 0.22211 1.0146 23 49 212
-0.194858 0.157537 0.959851 44 36 212
-0.196942 -0.00460016 1.12725 38 4 216
-0.155644 0.232466 0.983782 33 55 210
-0.111493 0.212858 0.932631 25 52 212
-0.129762 0.224574 0.980062 27 51 212
0.0724785 0.0286043 0.828417 29 4 217
-0.177571 0.0912821 1.00419 39 18 215
-0.168767 0.153552 0.948448 39 35 213
-0.272623 0.174677 0.977115 60 37 208
-0.219792 0.242154 1.0113 48 54 207
-0.169887 0.151668 1.0417 35 32 214
-0.176614 0.157267 0.956635 41 37 212
-0.187571 0.215387 0.938597 45 53 208
-0.196297 0.211316 1.00141 42 47 210
-0.208648 0.104786 1.07305 43 20 214
0.0274648 0.0347678 0.818197 9 7 219
-0.200457 0.103318 1.00055 44 21 214
-0.209788 0.128775 1.00171 46 27 213
-0.138183 0.111816 1.01569 29 22 216
-0.128248 0.230622 1.15174 26 46 213
-0.104712 0.0335637 0.986203 23 1 218
-0.189305 -0.0439156 1.02771 45 14 214
-0.127068 0.0291297 1.00432 30 2 217
0.0555257 0.100063 0.99426 16 22 218
0.0845399 0.0909936 0.926273 31 22 216
0.0303174 0.142141 0.938839 25 42 213
-0.168456 0.0954808 0.640391 66 34 206
-0.026697 0.123201 0.781196 1 40 215
0.0269088 0.0262979 0.995265 41 8 215
0.00730301 0.0162001 1.00253 9 1 219
-0.0944299 0.0225449 0.981599 20 0 218
0.0545768 0.106945 0.699215 40 43 211
-0.0196595 0.122937 0.983466 8 34 216
0.110668 0.104567 1.19748 38 19 215
0.0536678 0.104697 1.22723 27 19 217
-0.0712408 0.0263085 0.986997 10 2 219
-0.145035 0.00536115 1.00689 35 7 216
-0.122322 0.0259096 0.986688 29 1 217
-0.291827 0.148877 1.14495 60 28 209
-0.132464 0.169554 0.96694 26 32 215
-0.14455 0.121383 0.979744 45 39 211
-0.0413019 0.119635 0.975393 9 39 216
-0.137461 0.105374 0.7619 46 31 212
-0.122238 0.145189 0.681658 44 50 209
-0.0299237 0.0952544 0.973864 1 23 218
-0.116603 0.148601 0.691936 44 53 208
-0.133362 0.103042 0.743183 47 33 212
-0.14514 0.105189 0.978471 36 25 215
-0.171283 0.109148 0.968684 42 25 214
-0.109673 0.139867 0.659613 41 49 210
-0.202145 0.189822 0.980785 50 46 208
0.0744944 0.0944775 0.57913 32 39 213
-0.1224 0.104957 0.685107 46 36 211
0.0583297 0.0997078 0.516248 27 46 213
-0.032359 0.0976195 0.983738 3 22 218
-0.0051785 0.122097 0.982498 9 31 217
0.00229449 0.105556 0.986149 7 25 217
-0.144678 0.125026 0.979446 37 32 214
0.037647 0.11801 0.841474 9 31 217
0.0628394 0.133552 0.981584 16 31 217
-0.0859325 0.17631 0.98222 17 45 214
-0.0842758 0.175775 0.97838 16 49 213
-0.114606 0.124027 0.978174 28 33 215
-0.0128391 0.104733 0.981799 9 27 217
-0.032933 0.109422 0.980238 3 26 218
-0.102305 0.133246 0.982775 22 34 215
0.0178689 0.150758 0.997226 3 33 217
-0.207326 0.113141 0.982562 48 24 212
-0.0279293 0.120046 1.01343 6 26 218
-0.0212496 0.123194 0.782372 2 43 215
0.0317313 0.0199373 0.998848 35 8 216
-0.00466071 0.12285 0.983414 25 38 214
-0.0280374 0.181714 1.15962 5 30 217
-0.0391213 0.0943756 0.986092 1 22 218
-0.0309293 0.0263155 1.00477 1 1 219
-0.106932 0.0169598 1.00648 24 2 218
0.0187286 0.141691 0.934572 3 33 217
-0.0157721 0.128336 1.10397 4 25 218
-0.192022 0.186241 0.987761 46 45 210
-0.00786348 0.0800061 0.98298 8 17 218
-0.0208255 0.10507 0.981778 1 24 218
-0.0927062 0.0279026 0.990944 19 2 219
-0.042986 0.108066 0.980965 2 28 217
-0.204441 0.0260486 0.978254 46 3 214
-0.0393356 0.221149 0.980147 5 55 212
-0.0230939 0.0831913 0.984571 13 19 218
-0.0318923 0.115943 0.982498 12 35 216
-0.0207906 0.08848 0.982713 0 20 218
-0.1728 0.110096 0.975429 43 25 214
0.00238857 0.105726 0.986786 10 26 217
0.0841334 0.100015 0.927655 30 25 216
-0.0285774 0.031264 0.998402 0 2 219
-0.0777914 0.239042 0.992216 18 55 212
0.00219046 -0.0468718 1.00377 2 15 219
-0.0158204 0.0815529 0.997543 5 17 218
-0.0616529 -0.056261 1.02396 13 13 219
0.0131243 0.136535 0.952642 22 41 214
0.0130242 0.0262899 0.989184 10 1 219
-0.13411 0.00735457 0.996969 32 3 217
-0.209502 0.107015 0.787351 66 30 207
0.142389 -0.0385858 1.01102 30 9 217
0.105656 -0.068223 1.00202 23 16 218
-0.300111 0.20182 1.1389 64 41 206
0.0699136 -0.0146993 1.0174 47 18 213
0.140477 0.0347011 1.03503 32 6 217
-0.192995 0.0931021 1.00146 48 20 213
-0.0852339 -0.00339104 0.973836 21 4 218
0.0860839 0.0995447 0.948578 20 23 217
-0.0879465 -0.00374008 0.99982 20 5 218
0.0861771 0.0226711 0.991455 41 2 215
0.0272674 0.022289 0.997293 40 10 215
-0.475283 0.112587 0.915765 88 21 200
-0.0799186 0.199175 0.978378 16 55 212
0.0816386 0.00322986 1.07754 12 0 219
-0.376644 -0.0299863 0.854433 76 5 206
-0.0404219 0.111003 0.981991 0 29 217
-0.0716939 0.0229437 0.985933 10 4 219
-0.0938434 0.204518 0.982493 18 59 210
-0.0551391 0.126083 0.982911 2 38 216
-0.0282117 0.123913 0.987291 9 36 216
-0.0561665 0.217258 0.978719 11 50 213
-0.145026 -0.00178178 0.985299 37 7 216
-0.16091 0.0244929 0.976997 42 0 215
-0.0115823 0.0825203 1.00658 5 17 219
-0.0688466 0.0235178 0.986389 12 0 219
-0.0690464 0.023143 0.988681 11 1 219
-0.13289 0.124383 0.978747 34 34 214
-0.178204 -0.00960013 0.981157 40 4 216
0.0504496 0.107448 1.02537 46 27 213
0.0758453 0.116398 1.20072 44 23 214
0.0280689 0.0267903 1.00427 31 4 216
0.0789714 0.11343 1.21075 43 22 214
-0.0338786 0.116429 0.973234 6 25 218
-0.154307 0.128249 0.980618 43 37 212
0.0137654 0.0130095 1.00319 28 10 217
0.0337208 0.0262365 0.99238 40 6 215
0.0310578 0.027157 0.970065 5 5 219
-0.200085 -0.00925305 0.995637 38 1 216
-0.29316 0.215709 1.20923 58 41 208
-0.0316422 0.0265082 1.02514 0 0 219
-0.129054 0.0841325 0.976323 34 19 216
-0.0946233 0.0144903 0.995066 18 6 219
-0.188774 0.025674 0.969651 51 0 213
-0.0232504 0.0313829 1.00217 9 1 219
0.0868971 0.0692061 0.92845 44 14 214
-0.0655027 0.0283167 0.988447 5 5 219
0.132596 0.0356735 1.05769 28 5 218
0.131488 0.0358534 1.05148 28 6 218
0.0837611 0.0329928 0.96571 26 4 218
0.149074 -0.0199491 0.985276 33 6 217
0.0877848 0.0904677 0.837507 26 24 216
0.118299 0.0408033 0.934352 29 8 217
-0.0604319 0.045144 0.104253 50 40 210
-0.298482 0.128855 1.16856 61 24 209
-0.302895 0.224483 1.13539 63 45 205
-0.285553 0.216005 1.20667 57 42 208
-0.0858382 0.175947 0.981519 17 50 213
0.053677 0.0129953 0.992718 13 0 219
0.137813 0.00754087 0.979208 31 1 217
0.132101 0.00347632 0.933615 32 0 217
0.141628 0.0480156 1.0962 29 8 217
0.0540456 0.0293528 0.993575 22 2 218
0.0960148 0.0959551 0.908731 24 23 217
0.147465 0.044433 0.954743 35 9 216
0.0974736 0.013222 0.922716 24 2 218
0.0852889 0.0278371 0.805977 23 6 218
0.138285 0.0404956 1.17644 26 7 218
0.114132 0.0210876 0.844371 30 4 217
0.0768322 0.00272238 1.00593 20 2 218
0.148887 0.0442298 0.96365 34 9 217
0.104467 0.0237531 0.95778 24 4 218
0.176482 0.00465018 1.48852 26 0 218
-0.0601443 0.131933 1.05387 12 26 218
-0.0359666 0.121086 0.978665 4 29 217
0.0759006 -0.0111775 1.00098 22 6 218
-0.0718286 0.022579 0.99031 13 0 219
-0.289642 0.211504 1.14046 54 38 209
-0.0479909 0.219501 0.979467 8 52 213
-0.0922116 0.0238892 0.973294 18 0 219
-0.107935 -0.0623764 1.00202 25 17 217
-0.156445 0.0409189 0.986837 34 8 217
0.0434735 -0.0243854 0.988658 11 8 219
0.0365172 -0.0608602 0.975821 8 15 219
-0.164549 -0.049652 0.975761 41 15 215
-0.0309987 0.0293931 0.998753 2 2 219
-0.0845998 0.219186 0.987654 18 49 213
-0.132205 0.00497914 0.992992 32 5 217
-0.189078 0.0181651 0.972439 52 3 213
-0.121742 0.0826881 0.971723 31 19 216
0.08405 0.100151 0.926552 39 26 214
0.0492718 0.108308 1.02037 20 25 217
-0.132724 0.182832 0.97581 32 52 210
-0.0750303 0.200368 0.97689 17 50 213
-0.054678 0.213656 0.964955 10 55 212
-0.152227 0.0830511 0.980563 37 18 215
0.0478779 0.102545 1.01217 12 22 218
-0.0513155 0.0379674 0.981196 11 6 219
-0.0571376 0.0319899 0.986407 9 2 219
-0.0246106 -0.0732794 1.01275 5 14 219
0.0828957 0.0974954 0.918142 20 23 217
-0.102829 0.134075 0.987373 22 34 215
-0.158292 -0.0510248 1.02122 35 11 216
0.129789 0.0313378 0.961133 30 6 217
0.118503 -0.115656 1.05093 24 26 217
0.061757 0.131161 0.958579 14 30 217
0.0719103 0.112961 1.19575 14 20 218
0.0142842 0.134168 0.948798 18 38 215
-0.0866121 0.191329 0.977129 17 54 212
-0.0951504 0.022535 0.987446 20 2 218
0.00265162 0.109299 1.01724 0 24 218
-0.0573988 0.134284 0.981943 7 36 216
-0.204225 0.0130609 0.977952 49 0 214
-0.150631 0.100482 0.97381 38 24 215
-0.0871303 0.0208313 0.986875 18 0 219
-0.196785 0.0196092 0.984106 48 1 214
-0.529815 -0.0405533 1.01812 89 5 200
-0.130457 0.241018 1.19446 23 61 209
-0.397178 0.168511 0.855088 78 33 202
-0.176908 0.092197 0.98942 46 21 213
-0.167121 0.020185 0.969175 46 3 215
-0.0295208 0.118966 0.897512 1 32 217
-0.125867 0.0838878 0.981987 33 19 216
-0.0793964 0.0194863 0.980855 15 0 219
-0.180827 0.0288056 0.969501 46 1 214
-0.141392 0.125047 0.979323 39 35 213
-0.153989 0.0939456 0.911531 45 26 213
-0.020432 0.114942 0.981957 13 33 216
-0.155325 0.20801 0.999554 38 52 209
0.133586 -0.113877 0.974753 29 26 216
0.0845988 0.106038 0.631543 28 37 214
0.151728 0.0268284 0.98164 35 5 217
0.140025 -0.0169484 0.961859 32 5 217
0.12837 -0.112072 1.01312 27 25 216
0.131373 -0.0172085 0.964277 30 5 217
-0.0172502 0.0308622 0.999576 9 1 219
0.0322044 0.0200253 1.00112 22 2 218
0.0438488 0.106921 0.73963 12 32 217
0.141787 0.0464574 1.08455 28 9 217
0.101146 0.114162 0.885866 25 28 216
-0.104096 0.0913977 1.02127 23 22 217
0.103702 -0.0661331 0.980257 22 15 218
-0.132667 0.090392 0.975561 37 23 215
-0.0400664 0.0307413 1.01471 0 0 219
-0.0115704 0.0591356 1.01902 5 10 219
-0.120304 0.0993041 0.738444 44 35 212
0.0662325 0.108835 0.96021 16 25 217
0.0769701 -0.00361261 1.00465 35 9 216
-0.0158015 0.102131 0.983031 2 23 218
-0.0977868 0.217617 0.975923 22 55 211
-0.161444 0.112617 0.988127 40 27 214
-0.176691 0.0917799 0.987248 44 20 214
-0.165752 -0.00853006 0.97975 39 5 216
-0.0777736 0.0249366 0.984186 15 1 219
-0.193059 0.0119883 0.987719 50 3 214
-0.104234 0.016472 0.98149 23 0 218
-0.146239 0.0966492 0.98271 37 22 215
-0.206289 -0.0484585 0.977633 46 12 214
-0.0111394 0.124828 0.827688 4 34 217
0.0298491 0.0236556 0.991093 47 12 214
-0.0536142 0.219893 0.978801 9 53 213
-0.163801 0.00662471 0.95544 43 3 215
-0.0826942 0.218491 0.979139 18 52 212
-0.100107 0.220834 0.978799 22 53 212
-0.332147 0.034814 0.846249 68 7 208
-0.112631 0.0472224 0.98918 26 3 218
-0.0214762 0.0297306 0.997967 6 0 219
-0.0794703 0.21817 0.978641 17 55 212
-0.0449355 0.121222 0.980941 1 33 217
-0.144311 0.107851 1.02055 31 22 216
-0.0133506 0.116695 0.940039 2 26 218
-0.0408254 0.232232 1.17031 3 58 211
-0.192014 0.0330679 0.976666 46 4 214
-0.0826309 0.0188875 0.973898 10 10 219
-0.126639 0.0197695 0.99082 29 1 217
-0.204197 0.00402664 0.978629 48 1 214
0.0229408 0.142808 0.912949 5 35 217
-0.153886 0.206304 0.982504 39 56 208
-0.148185 0.171076 0.960485 39 52 209
-0.0808872 0.0291719 0.986096 15 1 219
-0.289125 0.199989 1.12635 63 41 206
0.0927216 0.120872 1.20211 26 22 217
-0.203888 0.112022 0.986997 49 25 212
-0.0484164 0.20363 0.981785 8 50 213
-0.0555256 0.132099 0.982966 7 33 216
-0.126766 0.115881 0.97028 33 34 214
0.0830589 0.0628839 0.855347 24 15 218
0.0786884 -0.00681694 1.01243 24 5 218
0.0759711 -0.0119883 1.01208 24 7 218
0.0750457 -0.0165119 1.01252 24 8 218
-0.0316061 0.0817888 0.977891 9 18 218
-0.107689 0.097347 1.05996 22 20 217
-0.154748 0.0402675 0.975334 37 6 216
-0.125871 0.166179 0.946266 30 38 214
-0.138854 0.0840257 0.979095 36 19 216
0.0597574 0.12387 0.77642 16 35 216
-0.147077 0.0833817 0.992074 35 17 216
0.0775319 -0.0122223 1.00658 22 6 218
-0.0185942 -0.066575 0.991938 4 18 219
-0.182246 0.0320454 0.975343 45 3 215
-0.0198413 -0.00355105 -0.123705 91 5 199
0.137674 0.00572098 0.978408 34 0 217
-0.144817 -0.00260573 1.00553 34 8 217
-0.0231024 0.12238 0.981392 12 36 216
-0.0744303 0.0236076 0.987433 13 1 219
-0.0678461 0.218915 0.982998 13 59 211
-0.0758509 0.222211 1.00184 18 49 213
-0.0293634 0.104312 1.0057 2 25 218
-0.109339 0.124426 0.978779 24 35 215
-0.194449 0.00530406 0.977127 46 2 214
0.0863659 0.0289588 0.950761 15 5 219
-0.115974 0.111029 0.973798 30 31 215
-0.0871685 0.18422 0.975494 16 63 209
-0.0795533 0.0193899 0.989825 12 7 219
-0.143743 0.109594 0.98214 39 29 214
0.100122 0.159958 1.07318 20 32 216
0.0684944 0.103183 0.727506 23 33 216
0.0891135 0.0911368 0.843575 26 24 217
0.0677475 0.124612 0.730145 19 37 215
-0.0128279 0.12556 1.00065 15 35 216
0.0860427 0.103048 0.85472 23 27 216
-0.143293 0.117903 0.982427 38 32 214
0.0766143 0.120804 0.818382 20 33 216
0.0897773 0.079878 0.757516 25 23 217
-0.0736548 0.196989 0.972183 11 59 211
0.0850595 0.0939253 0.906468 40 24 214
-0.127952 0.0255066 0.992491 31 1 217
0.0114551 0.0191733 0.986314 26 7 217
-0.094713 0.0226397 0.982148 19 3 219
-0.109111 0.208438 0.993285 24 56 211
-0.158865 0.1234 0.975291 43 35 212
-0.0790816 0.0263718 0.981651 15 0 219
-0.0888961 0.0224482 0.987109 17 1 219
-0.122901 0.0959339 0.98277 32 24 216
-0.175395 0.0917088 0.983209 47 21 213
-0.0337303 0.120733 0.980849 10 37 216
-0.120576 0.0175329 0.996664 28 3 218
-0.135441 0.100727 0.981293 36 25 215
-0.170886 0.0312027 0.972889 45 1 215
-0.114282 0.124677 0.979381 28 39 214
-0.0356855 0.136876 0.947849 11 49 213
-0.0740077 0.0229917 0.982158 8 6 219
-0.202002 0.0160059 0.979727 52 0 213
-0.0247694 0.0290659 1.00114 7 2 219
-0.513971 0.117888 0.951223 91 21 198
-0.188938 0.109293 0.991884 49 26 212
-0.447606 0.115965 0.855554 88 24 200
0.0335856 0.0239111 0.998569 41 7 215
-0.125347 0.124276 0.975935 35 40 213
-0.316111 0.239347 1.16012 63 46 205
-0.0719238 0.0228135 0.988543 13 1 219
-0.125766 0.102649 0.979711 33 28 215
-0.0110554 0.0591351 1.01494 19 7 218
0.11951 0.125496 1.17388 61 27 209
0.0127393 0.0267558 0.994407 33 7 217
0.0287247 0.0237881 0.997095 38 8 216
0.0284134 0.107975 0.597425 20 48 213
-0.180011 0.0917705 0.985241 47 21 213
-0.127679 0.238062 1.18452 22 52 212
-0.0262468 0.121565 0.780377 20 57 211
-0.159828 7.41685e-05 0.966199 42 7 215
-0.0828982 0.0187028 0.984375 13 6 219
-0.0841478 0.0221601 0.978201 12 7 219
-0.197504 0.092568 0.990554 51 20 212
-0.121584 0.111695 0.972796 29 27 216
-0.289782 0.213063 1.14265 61 43 206
-0.00260002 0.124943 0.982431 19 37 215
-0.0188479 0.0275278 1.01023 3 0 219
-0.202928 0.0894007 1.00712 48 18 213
-0.0379482 0.13503 0.949679 2 42 215
0.117368 0.0461318 0.928549 27 10 217
-0.198971 0.0878944 0.987213 51 19 212
-0.204614 0.11294 0.991414 49 25 212
-0.200643 0.122132 0.954117 47 27 213
-0.06967 0.125864 1.00298 17 28 217
-0.205161 0.138767 1.00758 47 31 212
-0.0752797 0.127814 1.00845 13 32 216
-0.102595 0.129775 1.01324 22 33 216
0.0125751 0.113621 0.993843 2 25 218
-0.122617 0.177009 0.9797 30 50 211
0.0229889 0.136675 0.950548 26 41 213
-0.181819 0.00469284 0.989652 46 2 215
-0.0688266 0.0229376 0.982981 9 4 219
-0.121054 0.17988 1.01545 27 48 212
-0.120987 0.12448 0.978413 30 37 214
-0.12119 0.124507 0.979474 30 36 214
-0.118232 0.125329 1.05102 22 22 217
0.0636392 0.109596 1.21267 33 20 216
0.0802479 0.118152 1.09071 37 26 215
-0.01315 0.10489 0.980096 10 27 217
-0.0934448 0.211617 0.997729 17 63 209
-0.099665 0.196992 0.997668 19 58 211
-0.182896 0.186093 0.979763 49 55 206
0.0537584 0.0121665 0.994103 45 11 214
0.0162677 0.0205998 0.999582 25 6 217
-0.110125 0.162223 0.899812 23 33 216
-0.327843 0.0704993 1.2114 65 11 209
-0.0876299 -0.0858321 0.981216 21 23 217
0.078015 0.0187572 0.991916 26 0 217
0.0229748 -0.0493863 1.02273 7 16 219
-0.0364572 0.031419 1.00299 3 1 219
-0.168244 -0.00818077 0.977193 41 4 216
0.0236253 0.149845 0.938084 41 54 208
0.012808 0.12702 0.842597 2 34 217
-0.121875 0.095148 0.976571 29 22 216
-0.0554837 0.217763 0.979927 5 64 210
-0.110062 0.124415 0.975891 27 42 214
-0.106378 0.204379 0.979815 24 53 211
-0.101996 -0.0575849 0.99094 22 12 218
-0.0536393 -0.0539043 1.01842 10 18 218
-0.0874061 0.127345 0.985059 18 30 216
-0.0402278 0.0274526 1.0163 8 8 219
-0.0440789 0.103038 0.990065 6 29 217
-0.0194258 0.0803596 0.984084 5 18 218
-0.0658721 0.179381 0.916703 15 46 214
0.0556159 0.105369 0.993412 17 24 217
-0.160617 0.163165 0.855347 42 41 211
-0.0357282 0.13664 0.946556 5 45 214
-0.17405 -0.010626 0.989563 38 3 216
-0.202636 -0.0292508 1.0115 45 8 214
-0.130355 0.219924 1.1011 27 44 213
-0.0313241 0.120109 0.973858 7 27 218
0.143896 -0.0166687 0.955116 35 5 217
0.0876311 0.0975761 0.767555 24 28 216
0.0395257 0.129856 0.921396 9 31 217
0.12321 0.103893 1.33304 20 17 218
-0.173387 0.1894 0.980191 45 52 208
0.00924092 0.0152446 0.996686 15 4 219
0.0746028 0.0884119 0.865674 19 22 218
0.0571542 0.118782 1.20259 30 23 216
0.131479 0.0348791 0.990829 30 6 217
-0.15217 0.0423738 0.972965 39 5 216
-0.128481 0.108664 0.974373 34 30 214
-0.142058 0.184158 0.977788 37 62 207
-0.192358 0.00994765 0.980164 44 0 215
-0.208045 0.035225 0.980634 48 5 214
-0.0790151 0.175282 0.979935 16 41 215
-0.141147 0.237336 1.18299 27 50 212
-0.16128 0.00711495 0.943745 39 0 216
0.0491059 0.117309 1.03196 13 25 217
0.0614889 0.0994636 0.637871 18 31 216
-0.115329 -0.0541069 1.02188 26 16 217
-0.0045823 0.0364194 0.985917 18 0 218
0.0739148 0.0251996 0.990441 49 5 213
0.0640211 0.114739 1.18728 40 23 214
0.0274761 0.022473 0.998854 41 10 215
0.00137653 0.0306532 0.992636 18 1 218
-0.0469405 0.121004 0.981808 4 38 216
-0.331187 0.0390275 0.872787 66 8 209
-0.144772 0.184673 0.982612 36 51 210
-0.0792188 0.201139 0.979641 17 49 213
-0.201014 -0.0097211 0.992712 49 4 214
-0.160653 0.000272076 0.958103 42 6 215
-0.0690377 0.203554 0.980471 13 53 212
-0.0349329 0.116132 0.983715 10 36 216
-0.123137 0.112554 0.975976 29 28 216
0.0432286 -0.0561372 0.988535 10 14 219
0.0329391 0.0205574 0.998355 33 7 216
0.052708 0.136705 0.936852 40 41 212
0.0401284 -0.0614126 1.00227 7 13 219
0.00979057 0.130482 0.938701 35 46 211
0.069507 0.0219942 0.990623 28 0 217
0.0772328 -0.0267978 1.01301 22 10 218
-0.0232604 -0.126144 1.03197 5 23 218
-0.318808 0.0432899 0.8578 65 9 209
-0.163064 0.00717514 0.954609 33 1 217
0.0540332 0.132907 0.946172 35 38 213
-0.125072 0.119892 0.953096 29 28 216
-0.104078 0.136185 1.00256 23 28 216
-0.0895675 0.0279517 0.985777 19 3 219
0.0169426 0.134615 0.950725 16 37 215
-0.127535 0.124393 0.984171 28 27 216
-0.0862981 0.178057 0.987561 17 44 214
0.00273594 0.113759 0.996825 2 25 218
-0.00995909 0.0944755 0.989389 12 23 217
0.00222732 0.136782 0.949677 35 51 210
-0.139999 0.0554056 1.01282 39 4 216
-0.190505 0.0324487 0.980986 45 4 215
-0.0167228 0.0890967 0.989932 0 20 218
-0.0820768 0.026767 0.987767 12 5 219
0.048559 0.115458 1.01451 16 26 217
-0.0115778 0.0591273 1.01978 8 9 219
-0.0975054 0.178688 0.983031 18 59 210
0.0229641 0.136285 0.949721 42 48 210
-0.0519278 0.0374794 0.987573 2 2 219
-0.0220503 0.0244065 1.00221 15 8 219
0.044771 0.120285 1.18237 31 25 216
-0.0197281 0.0275779 1.00851 10 3 219
-0.101266 0.236577 0.99144 23 54 211
-0.0195671 0.0801723 0.983111 3 17 218
-0.0515695 0.0378563 0.988437 7 4 219
-0.179892 0.0244757 0.9856 45 1 215
-0.0784689 0.175472 0.979712 14 50 213
-0.0860764 0.208775 0.980226 19 51 212
-0.142097 0.0848741 0.986171 34 18 216
0.0389532 0.12262 0.871663 9 32 217
-0.00287686 0.124474 0.981021 9 32 216
-0.136289 0.0844511 0.982998 35 19 216
-0.121811 0.205574 0.987918 28 52 211
-0.111504 0.124417 0.978358 25 31 216
0.049207 0.108823 1.02354 16 24 217
-0.202413 0.179292 0.980681 49 41 210
-0.132241 0.199584 0.977453 32 51 211
-0.19253 0.0915113 0.983775 46 19 213
-0.123259 0.0835336 0.98068 29 18 217
-0.136077 0.17957 1.02171 31 42 213
-0.0045225 0.0760235 0.977558 2 16 219
-0.16554 0.0339251 0.998658 38 4 216
-0.0259035 0.152923 0.809053 4 47 214
-0.0209959 0.116077 0.692215 0 45 215
0.00678223 0.0182612 1.00129 14 3 219
-0.125193 0.107328 0.695206 53 46 208
-0.0748687 0.0133763 1.0055 10 7 219
-0.0471217 0.119335 0.946002 11 26 218
0.042102 0.0938554 0.524418 22 47 213
-0.208536 0.0850403 1.01391 53 18 212
-0.19097 -0.0101181 0.98373 49 8 214
-0.292685 0.206346 1.22207 56 37 209
-0.178015 0.0999994 0.666856 67 34 206
0.00191068 -0.0442742 0.979896 0 13 219
0.0224421 -0.0497873 1.02816 5 12 219
-0.193958 0.183908 0.974428 46 42 210
-0.29055 0.11552 1.16457 52 20 212
0.0414866 0.100541 0.697324 24 37 215
0.0549879 0.107485 0.701329 25 38 214
-0.124279 0.106352 0.691806 53 45 208
-0.0254751 -0.112484 1.02225 6 22 218
-0.0248075 0.112519 0.979509 12 32 217
-0.199572 -0.00995682 0.984986 54 12 212
-0.19605 0.200769 1.20741 39 42 212
-0.0281863 0.0302673 0.984197 7 1 219
-0.0268084 0.0250514 0.996996 15 8 219
-0.0272461 0.0297553 0.997206 14 6 219
-0.0268262 0.0296196 1.00281 12 5 219
-0.0686904 0.125408 1.01127 5 41 216
0.0336759 0.0263192 0.990466 36 5 216
0.0648906 0.135477 0.957956 49 41 209
-0.00897764 0.094331 0.984616 27 26 216
-0.132261 0.104836 0.977034 43 33 212
-0.026904 0.0297264 1.00443 16 8 219
-0.0449879 0.113235 0.991983 8 37 216
-0.0126214 0.0804457 0.986349 11 17 218
-0.184328 -0.0102708 0.988403 49 12 213
0.0485324 0.0302047 0.989685 49 5 214
0.0679226 0.0188579 0.992833 54 9 212
0.0305211 0.143004 0.941283 46 52 208
-0.040244 0.101765 0.984088 0 26 218
-0.16168 0.0238013 0.95187 44 0 215
-0.0890642 0.0285785 0.985941 18 2 219
-0.0152068 0.178859 1.16651 3 30 217
-0.202655 0.179572 0.981519 48 41 210
-0.110998 0.041721 0.976414 25 5 218
0.0220192 0.104613 0.513323 10 50 213
-0.133337 0.094321 0.981552 29 19 217
0.0621473 0.132152 0.976644 16 31 217
-0.161794 0.0149024 0.976941 36 2 216
0.118274 -0.0684051 0.905256 28 17 217
0.0852488 0.0864949 0.848898 29 23 216
0.111721 -0.11186 0.992652 24 25 217
0.10414 -0.0160913 0.95383 25 5 218
0.104204 0.0132731 0.982703 24 1 218
-0.0303033 0.0820133 0.983433 0 18 218
-0.194969 0.0332805 0.946647 58 0 212
0.0553349 0.133353 0.949487 45 41 210
-0.0152073 0.0794729 0.962999 0 17 219
-0.162992 0.0344802 0.988015 39 4 216
-0.166135 -0.0505009 0.984286 38 12 216
-0.190003 0.0915413 0.986233 48 20 213
-0.0385124 0.0978703 0.982562 3 23 218
-0.0184672 0.120198 0.972605 3 30 217
-0.0416952 0.105944 0.960815 5 26 218
-0.163252 0.0173665 0.960551 40 2 216
0.0529234 0.0759486 0.842944 14 20 218
-0.0486426 0.205237 0.988204 10 45 214
-0.183003 -0.0418703 0.999083 44 13 214
-0.0458 0.114002 0.98482 0 31 217
-0.152897 0.081402 0.97999 40 18 215
0.0620146 0.107219 0.58138 23 42 214
0.0734577 0.0913131 0.547814 30 38 214
0.0996402 0.124295 0.732435 31 39 214
0.0732535 0.0910617 0.545643 30 38 214
-0.198975 -0.0287664 0.990751 40 5 216
-0.194802 0.0861364 0.978366 42 17 215
0.118558 0.0431228 1.04146 25 8 218
0.146849 -0.0199547 0.97567 34 6 217
0.141984 -0.0161594 0.942428 33 4 217
0.11744 0.0270042 1.02846 26 4 218
0.139123 0.0221992 0.927987 33 4 217
0.0676761 0.10261 0.722323 23 33 216
-0.100224 0.125754 0.993711 21 25 217
-0.161348 0.109989 0.981649 38 25 215
-0.0832322 0.218612 0.983064 18 52 212
-0.107119 0.221416 0.98172 24 52 212
-0.207682 0.0440171 1.01232 48 7 214
-0.194216 0.033642 1.00801 40 5 216
-0.175433 0.191771 0.989751 44 49 209
0.00579328 0.013313 1.0112 18 7 218
-0.13918 0.23535 1.17366 26 55 211
-0.0562696 0.132658 0.98499 12 28 217
-0.206629 0.0353531 0.9758 49 5 214
-0.111295 0.125043 0.977296 28 42 213
0.034942 0.0233235 0.997495 43 9 215
0.030365 0.0203608 0.992666 48 14 214
0.0289742 0.0228787 0.99337 47 12 214
0.0766721 0.00650987 1.00679 23 2 218
-0.00422098 0.0788953 0.984114 13 17 218
0.0381888 -0.0625051 0.985117 12 19 218
-0.94588 0.0422836 1.83793 93 4 198
-0.0207549 0.105021 0.982295 9 28 217
-0.0558386 0.124986 1.00622 2 36 216
-0.122643 0.113119 0.98326 30 30 215
-0.139602 0.202077 0.985854 34 55 209
-0.498977 -0.0539504 0.99106 86 8 201
-0.099453 -0.0562323 0.963489 23 11 218
-0.159598 -0.0473907 0.941694 36 10 216
0.0687894 0.102732 0.726313 20 31 216
0.00276868 0.112333 0.991787 15 28 217
-0.0256644 0.152629 0.801166 0 53 213
-0.00933793 0.0799277 0.98592 23 17 217
-0.0286298 0.122637 0.979133 13 38 216
-0.0871128 0.0208821 0.989077 17 3 219
-0.0752107 0.110397 1.20682 9 21 218
-0.146206 0.184304 0.978766 37 52 210
-0.132344 0.176772 1.00687 31 47 212
-0.132906 0.0175365 1.00356 27 3 218
-0.123698 -0.00400521 0.9946 24 0 218
-0.0707834 0.188448 0.966345 14 45 214
-0.156839 0.0409664 0.987785 35 8 216
-0.169126 -0.00768054 0.980941 38 4 216
-0.0153522 0.122857 0.780316 5 43 215
-0.183536 0.0885055 1.04537 45 18 214
-0.0141793 0.0886706 0.980511 12 21 218
-0.0247374 0.109557 0.977162 3 28 217
0.0119598 0.016149 1.00217 5 0 219
0.0892284 0.0915417 0.847214 28 24 216
0.0309898 0.109729 0.741455 9 35 216
-0.00920777 -0.067418 1.00028 1 18 219
-0.0389187 0.195786 0.953782 8 50 213
-0.143462 0.0834417 0.981201 36 18 216
0.0300333 0.147613 0.956443 7 35 216
0.00349078 0.11268 0.997483 7 26 218
-0.12114 0.100858 0.983708 28 24 216
-0.0147497 0.0942225 0.995183 2 21 218
0.0308926 0.135896 0.941541 16 35 216
0.00236623 -0.0474513 1.00617 0 10 219
0.0277729 0.0220365 0.991449 11 1 219
0.0456613 0.0265242 0.99095 25 0 217
0.00361576 0.0276819 0.99099 10 0 219
0.020971 0.0191025 1.00821 8 1 219
-0.0543765 0.220098 0.981571 9 52 213
0.106372 -0.0695135 0.991837 26 18 217
0.0769335 -0.00733056 1.00924 22 5 218
-0.106803 -0.0622036 0.995353 22 12 218
-0.0226723 0.0279767 1.00037 0 2 219
0.0111936 0.013591 0.961815 1 2 219
0.0123854 0.0164299 0.99712 32 12 217
-0.483523 0.131682 0.96698 85 23 201
-0.47241 0.115215 0.931106 86 21 201
0.0233628 0.0231418 0.936667 3 5 219
-0.0736074 -0.10187 1.00785 17 23 218
-0.201611 0.0840944 0.984319 47 17 213
-0.0305968 0.0955943 1.00257 1 22 218
-0.123476 0.028729 0.978758 30 3 217
-0.0918295 0.187189 0.97692 17 62 209
-0.506879 -0.0521655 0.994861 87 8 201
-0.123091 0.147483 0.679812 43 50 209
-0.123716 0.106175 0.690573 46 36 211
-0.0339342 0.098688 0.97727 11 27 217
0.0242173 0.150787 0.940951 44 56 207
-0.0794928 0.0263016 0.986543 14 0 219
-0.136451 0.0982604 0.673807 58 38 208
-0.034886 0.220437 0.94464 2 63 210
-0.052058 0.213133 1.28166 8 32 217
0.0453213 -0.0585326 0.993984 8 13 219
0.0733824 -0.00499163 1.01069 23 5 218
0.0732459 -0.00552815 1.01101 23 5 218
-0.168953 0.0146089 0.978762 44 2 215
0.0386298 -0.0584337 0.995944 10 16 218
-0.170408 -0.0095847 0.971497 39 4 216
-0.00538717 0.0361491 0.954666 1 7 219
-0.338593 0.0716309 1.23565 65 11 209
-0.332624 -0.0181547 1.222 66 7 209
-0.0114788 0.114573 0.98083 11 31 216
-0.0949159 0.154183 1.00933 18 47 213
0.0500852 0.12762 1.20395 24 25 216
0.0367507 -0.062969 0.988458 6 13 219
0.0338018 -0.0619088 1.00519 5 12 219
0.0202116 0.140554 0.945038 26 43 213
-0.0679116 0.132349 1.07967 14 25 217
0.0679978 -0.0201794 1.01375 35 16 216
0.08921 0.0963713 0.926312 41 25 214
-0.0529493 0.0200416 1.031 9 1 219
-0.161431 0.00706789 0.94333 44 5 215
-0.0264429 0.121314 0.779143 0 43 215
0.0177195 0.0191331 0.975433 28 7 217
-0.0310026 0.0259791 1.01197 1 0 219
-0.0750423 0.0244922 0.997295 15 3 219
0.0378229 -0.0574755 0.98516 14 21 218
0.106433 -0.0575553 0.989716 25 15 217
-0.00711794 -0.0639844 0.990093 2 14 219
-0.0718334 0.126683 0.984813 11 35 216
-0.10532 0.0938651 1.03567 21 21 217
-0.0886016 0.0226369 0.978147 15 7 219
0.0224438 0.0172361 0.995357 32 9 217
-0.147414 0.143393 0.821256 33 31 215
-0.172778 -0.0241864 1.01681 39 7 216
-0.0493699 0.0403127 0.988968 5 4 219
0.0188927 0.0208075 0.99084 35 9 216
0.0482284 0.106681 0.999324 11 24 218
0.111058 0.00705262 0.979909 25 0 218
-0.172969 0.110018 0.980007 42 25 214
-0.117196 0.12448 0.976274 29 38 214
0.0124585 0.136345 0.949296 18 39 214
-0.0551381 0.131768 0.981708 6 37 216
-0.0436441 0.0963761 0.978611 5 25 218
-0.0124137 0.0599295 1.00735 18 8 219
-0.176038 0.181292 0.990673 45 48 209
0.0746473 0.121594 1.0712 22 26 216
-0.011138 0.0995628 0.975732 12 25 217
-0.0433566 0.0938404 0.981323 7 25 218
-0.201018 0.136352 0.991927 55 36 209
-0.204204 -0.0293459 1.01906 44 7 215
-0.107346 0.0970404 1.05812 22 20 217
-0.0254925 0.151222 0.79463 2 56 212
-0.104365 -0.0514508 1.00499 22 11 218
-0.10454 0.016715 0.984428 23 0 218
-0.0120949 0.10406 0.504023 8 52 213
-0.0250214 0.0969304 0.9913 2 22 218
-0.0323431 0.0858498 0.987253 8 20 218
-0.0308115 0.0245575 1.02458 10 6 219
-0.297795 0.209722 1.23758 56 38 208
-0.202205 0.0320158 0.977704 46 5 214
0.0169174 0.0255121 0.992426 19 1 218
-0.171187 0.162677 1.03589 40 35 213
0.0207099 0.126049 0.815915 5 35 217
-0.142529 0.0389827 0.987085 38 0 216
-0.476253 0.103377 0.956657 85 19 201
0.145026 0.0160126 1.02268 32 2 217
0.0308663 0.143361 0.942675 52 56 205
-0.0334947 0.117493 0.989277 9 35 216
-0.143201 0.134554 1.04826 30 29 215
-0.127035 0.0862536 1.00584 28 18 217
-0.129305 0.24197 1.19876 22 52 212
-0.0708458 0.200853 0.971121 11 58 211
0.0109014 0.0276796 1.01173 2 4 219
0.0128474 0.136261 0.949287 16 39 215
-0.0262703 0.137536 0.949634 5 41 215
-0.0335676 0.12054 0.981962 12 38 216
-0.0117422 0.116156 0.992869 11 31 216
-0.171696 0.0242708 0.983797 40 2 216
-0.0779049 0.0192584 0.9351 16 1 219
-0.391209 -0.00955163 0.891215 76 1 206
0.0825801 0.104274 0.912407 22 25 217
-0.118405 0.097945 0.730104 45 36 212
0.0913692 0.0988695 1.00259 24 22 217
-0.133031 0.183088 0.978624 34 63 207
0.0380224 -0.0349865 1.01303 26 21 217
-0.128734 0.0965229 0.983266 32 22 216
-0.0183613 0.102598 0.972007 3 25 218
0.123707 -0.110598 1.00508 26 25 216
0.150087 -0.0179647 0.987129 33 5 217
-0.181847 0.0918682 0.991436 46 20 214
-0.0840209 0.0242131 0.982831 15 2 219
-0.148635 0.098696 0.969098 37 23 215
0.0665595 0.107569 0.994522 46 28 212
-0.0288871 0.0259513 0.997245 11 6 219
-0.0377518 0.0859696 0.989177 10 20 218
0.0780552 0.00924241 1.00932 53 12 212
0.0511027 0.103531 1.21115 30 19 216
-0.0119613 0.114232 0.983926 7 29 217
-0.107813 0.127189 0.981409 24 32 216
-0.0682457 0.137783 1.11019 14 28 217
0.00925533 0.0179825 0.996945 19 4 218
0.0405994 0.0992596 0.691162 33 40 213
-0.175803 0.111968 0.989192 47 28 212
-0.071052 0.0266579 0.9859 10 2 219
0.0627989 0.134417 0.982169 49 40 209
-0.151827 0.113876 0.981175 43 32 213
0.00981788 0.0144364 1.00116 28 10 217
0.0880859 0.0247877 0.992779 39 0 216
0.0166521 0.134141 0.950798 29 43 213
0.0487197 0.0299923 0.991156 42 3 215
0.0584909 0.132338 0.946603 59 45 206
-0.102439 0.132912 0.982691 22 44 214
-0.127642 0.0954821 0.98195 36 26 215
-0.00933883 0.0928885 0.981257 25 24 217
0.0362047 0.0262353 0.990718 41 6 215
0.0665218 0.107316 0.994186 57 29 210
-0.0318643 0.103318 0.978962 9 30 217
0.0280014 0.0212669 0.998179 40 9 215
0.00630503 0.0158227 0.994398 30 11 217
0.0147639 0.0260976 0.989025 29 5 217
-0.198197 0.0362493 0.946106 59 1 211
0.00703213 0.0165273 1.00355 30 12 217
-0.149513 -0.0677851 1.05389 27 11 217
0.0169606 0.0264903 0.992364 31 6 217
-0.0122347 0.0599687 1.00737 21 7 218
-0.0595592 -0.062341 0.986753 13 13 219
-0.0697524 0.170276 1.00318 15 36 216
-0.0139059 0.11505 0.981882 22 36 215
-0.004853 0.12261 0.982986 18 35 215
-0.196353 0.0324933 0.992625 44 4 215
-0.160483 0.000314195 0.958634 44 9 215
-0.0314793 0.101981 0.993322 4 23 218
0.0544689 0.136662 0.943988 60 48 205
0.0780809 -0.0126726 1.00965 29 9 217
0.0224278 -0.0495911 1.02459 5 13 219
-0.0566093 0.133643 0.990812 11 30 217
-0.0213585 0.0836752 0.987108 4 17 219
-0.122712 0.0862493 1.00352 28 18 217
-0.156828 -0.0595615 0.980246 34 13 216
-0.172872 0.109673 0.983682 38 23 215
-0.138445 0.115116 0.990126 32 25 216
-0.180039 0.101229 0.672353 68 34 206
0.146626 -0.0396976 1.0368 30 9 217
-0.202125 0.042821 0.990048 55 4 212
-0.179294 0.197126 0.984337 46 53 208
-0.290098 0.212101 1.19619 56 39 208
-0.140566 0.034283 0.97801 35 0 217
0.0492434 0.122439 1.19334 31 25 216
-0.0334447 0.104235 0.996857 3 23 218
-0.123326 0.125339 0.984637 30 32 215
0.048853 0.118372 1.04475 10 25 218
-0.0679575 0.218894 0.983874 14 51 213
-0.151851 0.0423976 0.972112 40 5 216
-0.291724 0.197415 1.13027 63 40 206
-0.0401215 0.108122 0.979485 2 27 218
-0.005418 0.137153 0.948353 8 38 216
-0.0264762 0.123402 0.790502 4 39 216
0.033218 0.136144 0.949123 44 47 209
-0.117432 0.103265 0.980817 28 23 216
0.0811439 0.0628289 0.840517 23 16 218
0.0970397 0.064573 0.864243 25 16 217
-0.167285 0.0991844 1.01445 38 21 215
0.0771831 -0.016625 1.01202 20 6 218
0.00328663 0.111784 1.03993 0 23 218
0.0391138 -0.0363775 1.02475 12 12 219
-0.208655 -0.0505788 0.977537 44 11 214
-0.12506 0.177496 0.988558 30 41 213
0.105291 -0.0671755 0.99824 27 19 217
0.103142 -0.0553207 0.958428 24 15 218
-0.152523 0.080588 0.979335 35 17 216
0.106174 -0.0164136 0.976029 24 5 218
-0.0434362 0.123068 0.980698 7 40 216
-0.0211751 0.142554 0.785278 8 56 212
-0.0784968 0.0221813 0.981846 10 7 219
0.0282552 0.0232067 0.99842 47 12 214
0.0860579 0.0189265 0.98825 24 1 218
0.106853 -0.069434 0.993428 24 16 217
-0.0250939 0.120911 0.985901 20 42 214
-0.161723 0.141315 0.683635 61 49 205
-0.0157553 0.0935006 0.983073 24 25 217
-0.129184 0.110158 0.980057 37 34 214
-0.0395263 0.221362 0.981286 5 53 212
-0.0328757 0.123124 0.981062 13 40 215
-0.0442884 0.0586684 0.990534 4 10 219
0.0162555 0.0260633 0.991116 28 4 217
0.0653754 0.0740516 0.583228 31 30 215
0.0818568 0.0316543 0.955225 25 4 218
-0.119886 0.116046 0.980145 36 39 213
-0.075277 0.0132169 1.0122 12 6 219
-0.0841083 0.175804 0.977884 15 54 212
-0.0782083 0.219238 0.981802 15 61 210
-0.0286332 0.0459738 1.02305 10 1 219
-0.0473845 0.110251 0.979067 9 24 218
-0.0770701 0.17629 0.979932 11 54 212
0.0830637 0.0630677 0.856467 23 15 218
-0.0432166 0.10484 1.00831 2 25 218
-0.0877813 0.193325 0.982016 20 44 214
-0.205503 0.12797 0.976838 47 28 212
-0.290808 0.213444 1.14565 56 40 208
-0.0103495 0.117217 0.686175 8 50 213
-0.105243 0.202494 0.973018 23 59 210
-0.116006 0.144695 0.741274 40 47 210
0.106777 -0.0564665 0.983785 23 14 218
0.105538 -0.0674991 1.00174 27 19 217
-0.160106 0.104654 0.984498 40 25 214
-0.0940001 0.196549 0.978125 20 49 213
-0.0377744 0.134704 0.946574 8 31 217
-0.20772 0.04367 1.01107 53 6 213
0.0371194 -0.0613422 0.970186 7 15 219
-0.127959 0.116825 0.976749 35 35 214
-0.178787 0.0242454 0.979607 42 2 215
-0.0267516 0.160626 0.841329 6 45 215
0.0843091 0.0641966 0.869967 22 16 218
-0.143834 0.0840183 0.999877 31 17 216
0.129971 0.122075 1.17762 58 25 210
-0.0479669 0.220563 0.981839 8 53 212
-0.205805 0.112399 0.993277 46 24 213
0.0269835 0.0210002 0.986653 4 4 219
0.0538761 0.139365 0.938942 55 48 207
-0.152911 0.0874811 1.05555 31 17 217
-0.0816072 0.221863 0.994599 18 48 213
0.134451 0.0309569 1.15366 27 4 218
0.137371 0.0461833 1.05228 30 8 217
-0.131052 0.0319953 0.991764 28 5 217
0.139207 0.0148626 0.985102 32 2 217
-0.0155607 0.0826921 1.00504 3 17 219
0.0937183 0.021971 0.869332 24 4 218
0.0689221 0.108537 1.15201 13 20 218
0.136903 -0.0369774 0.975742 32 10 217
-0.12483 0.0176618 0.994335 29 7 217
-0.140806 0.126481 0.984897 37 35 213
0.0818632 0.134682 1.18371 26 27 216
-0.0163842 0.0271655 0.995481 1 2 219
-0.11669 0.124528 0.976459 28 39 214
-0.0393228 0.102991 0.981292 1 26 218
-0.197365 0.185204 0.973734 47 42 210
-0.195611 0.0869911 0.984067 44 18 214
-0.172081 0.0841503 0.990327 41 18 215
0.0178318 0.0224439 0.993234 36 9 216
-0.0321696 0.0930298 0.986135 5 20 218
-0.120736 0.0150393 0.996115 28 6 217
0.0627206 0.108436 0.982428 16 25 217
-0.065518 0.124831 1.01462 12 26 218
-0.144299 0.0336101 0.999224 32 5 217
0.0834469 0.0990864 0.925066 34 25 215
0.137126 -0.115 0.994774 30 26 216
0.0892269 0.107478 0.887433 22 27 217
-0.122936 0.106593 0.686971 45 35 212
-0.0365359 0.121566 0.981116 1 30 217
-0.280709 0.115514 1.13796 58 21 210
0.00700317 0.0185196 0.999773 28 10 217
-0.0974121 0.176338 0.978761 19 58 211
0.0810309 0.0975235 0.907011 30 24 216
-0.175141 -0.0148403 1.11767 39 12 216
0.00914315 0.017988 0.997979 20 5 218
0.0836558 0.0855061 0.834872 28 23 216
-0.122863 0.111936 0.980259 27 24 216
0.10663 0.00274288 0.995488 26 1 218
-0.169012 0.0226026 0.966004 45 1 215
0.0648926 0.110203 1.2212 36 21 215
0.0757032 -0.00303289 1.00902 34 9 216
-0.193389 0.0916272 0.984763 51 20 212
-0.198834 0.0141007 0.974772 56 4 212
0.138191 0.0497088 1.19944 25 8 218
-0.135213 0.0841628 0.974552 34 19 216
0.175724 0.0319854 1.5821 31 2 217
-0.0430848 0.120485 0.979381 6 37 216
-0.133642 0.109759 0.976014 36 31 214
0.0608109 0.117148 1.20166 34 23 215
0.107469 -0.0167426 0.987949 27 6 218
-0.120612 0.124259 0.976421 31 37 214
-0.128015 0.116507 0.976535 41 40 212
-0.126762 0.183362 0.978189 30 52 211
-0.160832 0.0236908 0.946903 44 1 215
0.0668891 0.0197482 0.990918 25 0 217
-0.0512592 0.037499 0.976775 4 4 219
-0.495117 0.0968106 0.885488 93 18 198
-0.0259527 0.0224621 1.00425 13 8 219
-0.202472 0.189526 0.982809 50 45 209
-0.158987 0.20679 0.983682 41 66 205
-0.102361 -0.0587875 0.984976 20 10 218
-0.113418 -0.141527 0.962527 24 28 216
0.111252 0.00436115 0.931758 26 0 218
-0.148177 0.186615 0.989445 37 50 210
0.0847973 0.0192559 0.9817 23 1 218
0.0317247 0.11299 0.760654 9 35 216
0.0782317 0.0229061 0.991991 53 5 213
-0.0448673 0.12281 0.981715 4 38 216
0.0774277 -0.0168113 1.00619 21 7 218
0.0532798 0.0127511 0.991841 19 1 218
0.0669507 0.0203592 0.991049 21 1 218
0.0788094 0.0677711 0.970644 21 14 218
0.0548196 0.131087 1.14825 21 27 216
0.0860592 0.0977684 0.847824 22 24 217
0.0879272 0.0953511 0.865179 27 25 216
0.131724 0.0393061 1.12751 26 7 218
-0.122779 0.176624 0.979642 29 48 212
-0.200194 0.0871093 0.991033 44 17 214
-0.0305505 0.0964219 0.989069 1 23 218
-0.0115418 0.0592529 1.02151 3 10 219
0.00148243 -0.0553808 0.989115 1 16 219
0.00732319 0.0238101 0.987649 18 3 218
0.0200129 0.140451 0.944022 40 50 209
0.0625209 0.133382 0.981899 15 31 217
-0.202727 0.184333 0.9943 48 41 210
-0.146907 0.0829231 0.985974 33 17 216
-0.194302 0.00306906 0.981669 47 3 214
-0.079631 -0.0907421 0.94203 20 23 217
0.0448358 0.000360938 0.991645 16 4 219
-0.134863 -0.0723493 1.00357 32 18 216
-0.000707417 -0.0577728 0.99133 0 13 219
-0.0568362 0.0323131 0.983849 7 1 219
-0.190202 0.00411493 0.973 50 5 214
-0.0392472 -0.138502 1.00534 9 31 217
-0.114736 -0.0705081 0.975382 28 17 217
0.0868737 0.0946244 0.850528 30 25 215
-0.033712 -0.0893461 1.00677 8 22 218
-0.0822136 -0.0792787 0.982841 20 20 218
0.0669783 0.0195151 0.990956 37 4 215
-0.0286252 0.0314149 0.998733 0 2 219
-0.130247 0.0331348 0.988792 32 2 217
-0.126145 -0.0261632 0.992691 31 9 217
-0.0821807 -0.0946281 1.0099 19 23 217
-0.193395 0.0332874 0.983835 48 4 214
-0.148133 -0.108193 1.01499 33 24 216
-0.118449 -0.077738 0.966056 29 19 217
-0.12332 -0.0799394 0.996195 28 18 217
0.0428586 -0.0551546 0.979198 15 19 218
-0.194552 0.00525599 0.977425 50 3 213
0.146948 -0.0594219 0.966194 33 15 216
0.119394 0.0145037 1.12315 23 2 218
-0.0387121 -0.115926 1.01864 9 26 218
-0.162183 0.0345266 0.984521 43 2 215
-0.0827986 0.0188731 0.983937 17 0 219
-0.0410773 -0.124011 1.01751 10 28 217
0.0619343 0.0977731 1.03586 13 21 218
-0.120967 0.138242 1.18984 23 28 216
-0.0964475 0.0139369 1.0086 20 0 219
-0.0291003 -0.0736277 1.00733 7 18 219
0.0630994 0.115422 0.99687 18 26 217
-0.177441 -0.0101201 0.979434 45 7 214
-0.0266259 0.0196127 1.00794 0 0 219
-0.000195601 0.125503 0.824467 1 34 217
0.113255 0.0714429 1.07188 24 14 218
-0.105194 -0.0759694 0.976404 26 19 217
-0.077506 0.0250934 0.986021 15 0 219
0.138521 0.0031717 0.963672 33 0 217
0.0459635 0.0277164 0.989198 48 7 214
0.15899 0.0467561 1.35997 26 7 218
0.17957 0.0365695 1.25201 31 6 217
0.0131754 0.013553 0.998025 28 10 217
0.0884477 0.0572842 0.857083 27 13 217
-0.131845 -0.0220932 1.05715 24 3 218
0.101698 0.0143595 0.95767 40 2 215
0.104969 -0.0602834 0.995478 25 16 217
-0.18134 0.00206533 0.975185 49 9 214
0.0825255 -0.0179056 1.09396 12 2 219
-0.0104784 0.11702 0.685525 0 45 215
0.085876 0.0218819 0.979761 24 2 218
0.115214 0.0726487 1.09162 24 14 218
0.0871443 0.119353 1.14567 17 23 218
0.110199 0.10504 1.19355 53 20 212
0.110468 0.105268 1.19404 49 20 213
0.108634 0.0455826 0.85864 30 10 217
0.132695 0.00477025 0.994176 30 0 217
-0.0381645 0.10149 0.980974 9 29 217
-0.0772098 -0.0886109 0.997927 18 22 218
0.0783967 0.021562 0.992942 26 1 217
-0.0493085 0.0402093 0.988438 5 4 219
-0.0296566 -0.107871 1.1357 6 23 218
-0.109962 0.224471 0.997926 23 46 213
-0.0318965 0.0932384 0.984176 0 22 218
-0.0262593 -0.135154 1.01911 6 30 217
-0.0309997 0.0294611 0.998238 1 1 219
-0.129284 0.0153259 0.989731 31 2 217
-0.1057 0.0950715 1.03916 22 21 217
-0.0465794 -0.121286 0.970613 11 28 217
-0.158074 -0.128635 1.04759 34 27 215
0.0460749 0.0270799 0.991407 31 1 216
-0.0349104 0.0260371 1.01898 1 1 219
-0.108911 0.0389118 0.980464 26 2 218
-0.138358 -0.140741 1.02898 30 31 215
-0.163237 -0.0519946 0.976929 35 11 216
0.0873998 0.0247958 0.9894 28 2 218
-0.107206 0.132727 0.985701 24 40 214
-0.374028 -0.0108882 0.817038 78 1 205
-0.111313 0.0414938 0.983135 26 1 218
-0.175761 0.0256229 0.995607 36 4 216
0.14374 0.0466781 0.950262 34 10 216
0.132368 0.00466787 0.93215 32 0 217
0.204251 0.032473 1.34643 39 3 216
0.0557633 0.112405 0.994379 18 26 217
0.154409 0.0269586 0.998649 35 4 217
0.127529 0.052182 0.977598 29 11 217
0.0532189 0.0125403 0.991296 21 2 218
0.135928 0.0535325 1.03218 30 10 217
0.0536847 0.0300064 0.992292 28 0 217
-0.162472 0.00227515 0.9699 42 4 215
-0.155163 -0.0623347 0.981968 38 16 215
-0.0269919 -0.080934 0.981118 7 19 218
-0.158478 -0.0594228 0.987405 39 17 215
0.0787083 -0.0166461 1.01019 25 9 217
0.0750667 -0.0162785 1.01187 25 9 217
0.0132687 0.0143365 0.998761 14 3 219
0.0327491 0.0214969 0.977153 7 3 219
0.00155125 0.0304174 0.993731 11 0 219
-0.111088 0.124513 0.976643 27 34 215
-0.152646 0.126141 0.982377 40 33 213
-0.172536 0.0840904 0.993691 44 18 214
-0.0172438 0.0994426 0.989202 4 22 218
-0.102935 0.134445 0.989574 22 32 216
-0.194361 0.0327127 0.9847 46 4 214
-0.0722212 0.126517 0.984358 11 34 216
-0.0851084 0.218942 0.982977 18 51 212
-0.0751715 0.0283318 0.990667 8 6 219
-0.04251 0.114621 0.973182 9 39 216
-0.0670135 0.202188 0.974833 17 48 213
-0.195385 0.188929 1.20298 39 39 212
0.0896178 0.121827 1.17343 17 23 218
-0.161093 0.112106 0.98453 37 25 215
0.0884936 0.0570929 0.859809 24 14 218
0.0839409 0.0642916 0.865944 21 16 218
0.114416 0.0714335 1.04488 25 14 218
0.150341 0.047864 0.995315 35 9 216
0.101937 0.0685664 0.906762 26 16 217
0.152384 0.0385475 1.12755 31 6 217
0.139588 0.0238813 0.961125 33 4 217
0.0837768 0.099572 0.925903 29 24 216
0.137829 0.0542975 1.09122 28 10 217
0.0672669 0.108848 0.692233 22 36 215
-0.0547589 0.132024 0.984391 1 43 215
-0.182338 0.0317525 0.976543 43 4 215
-0.129838 0.125165 0.983808 31 31 215
-0.00233542 0.125338 0.98346 26 39 214
0.104824 -0.056854 0.977024 26 16 217
0.00715814 0.0163731 1.0044 23 8 218
-0.031941 0.0916303 0.980148 4 20 218
-0.0729565 0.177217 0.978306 14 45 214
0.00553219 -0.0346773 1.0114 1 11 219
-0.121319 0.174348 0.976885 32 66 207
0.0886667 0.0287681 0.967689 26 3 218
0.0376461 0.119806 0.85458 9 31 217
0.0779745 0.00284738 1.01038 29 5 217
-0.0612617 0.154372 1.01254 0 52 213
-0.0102149 0.120934 0.979825 0 27 218
-0.0966596 0.183562 0.978547 17 66 209
0.00533794 0.018328 1.00783 3 1 219
0.0548973 0.136498 0.944743 58 48 206
0.0530996 0.0124442 0.991454 27 4 217
0.0070833 0.0162121 1.00409 12 3 219
0.00568813 -0.0356597 1.02942 1 10 219
-0.163074 -0.00498376 0.981776 40 6 216
-0.0353498 0.0277103 1.02179 0 1 219
0.0777935 -0.0268057 1.01524 28 13 217
-0.0249019 0.112712 0.981446 10 32 217
0.0342183 0.136599 0.952093 50 49 208
-0.122725 0.140197 1.18802 24 29 216
0.0281529 0.0212917 0.998163 40 10 215
-0.143206 0.0258219 1.04128 34 5 217
-0.0690281 0.0257082 0.988339 10 0 219
-0.0214376 0.12243 0.981424 9 35 216
0.0502864 0.1034 1.20403 26 19 217
0.050195 0.103344 1.2052 36 19 215
0.0532091 0.109078 0.685273 16 36 216
-0.093744 0.111429 1.19912 13 22 218
-0.0550267 -0.148621 0.99054 12 29 217
0.149073 0.0257673 0.966899 35 4 217
-0.203924 -0.00859793 0.977661 46 3 214
0.0667583 0.0224504 0.990411 37 2 216
0.0646883 0.120744 1.07614 46 30 212
-0.194951 0.107523 0.916018 39 22 215
0.101882 -0.0543115 0.94721 24 15 218
-0.0556254 0.126045 0.983594 5 33 217
-0.179143 -0.01065 0.987453 49 16 213
-0.136313 0.0844104 0.984731 35 19 216
0.0122551 0.11833 0.787964 2 34 217
-0.0708828 0.189453 0.974302 17 45 214
-0.283286 0.208414 1.17289 57 40 208
-0.0937551 0.0148125 0.98105 18 9 219
0.0839668 0.0221965 0.992711 38 1 216
0.146594 0.0441601 0.947254 36 9 216
0.107201 0.172458 1.25243 15 26 217
-0.139597 0.201908 0.986171 34 54 210
-0.516404 -0.0534225 1.06101 85 8 202
-0.0213918 0.0857944 0.979519 22 22 217
-0.205866 0.03297 0.983348 54 3 212
0.084568 0.071517 0.85487 44 18 214
0.0290574 0.107936 0.598446 31 54 210
-0.122228 0.145061 0.681228 42 47 210
-0.0322399 -0.111939 0.959647 7 23 218
-0.0789388 0.0218432 0.983921 13 4 219
-0.127643 0.116278 0.97448 36 37 213
-0.187879 -0.00907507 0.972007 46 5 214
-0.0552801 0.126205 0.983739 4 36 216
0.087221 0.0981862 0.854213 23 26 217
0.0597051 0.10234 0.527428 26 45 213
-0.1294 0.0848281 0.979687 31 18 216
-0.123939 0.0307118 0.987288 30 4 217
-0.131889 0.242413 1.2006 24 58 210
0.00158088 0.136426 0.947824 30 48 212
-0.181229 0.168204 1.19428 29 27 216
-0.0193851 0.114613 0.68623 7 52 213
-0.123834 0.105327 0.976098 28 24 216
0.0736184 0.0920013 0.550316 31 39 214
0.0718586 0.0630334 0.607976 29 23 216
-0.129773 0.183076 0.975102 32 62 208
-0.0345883 0.0262311 1.01758 8 6 219
-0.0564381 0.214009 0.969365 10 52 213
0.0724642 0.144226 0.923128 16 34 216
0.0662395 0.104522 1.10669 14 20 218
-0.217325 0.0561853 0.978868 49 11 213
-0.153179 -0.101163 0.9616 32 20 216
-0.0725827 0.126466 0.984693 13 32 217
-0.0581569 0.134768 0.982666 9 33 217
-0.149754 0.122731 0.95514 36 28 214
-0.176575 0.0912818 0.985144 42 19 214
-0.0107289 0.12204 0.981431 6 30 217
0.0128821 0.123563 0.829774 2 32 217
-0.00980334 0.0795301 0.974824 2 16 219
0.0673229 0.107842 0.687542 20 34 216
0.0858737 0.0937264 0.847564 24 25 217
0.0281433 0.13588 0.88461 6 34 217
-0.100216 0.136542 0.987357 21 33 216
-0.00541369 0.121709 0.800554 2 35 217
-0.00325153 0.123738 0.979334 8 31 217
-0.156355 0.0407303 0.984047 36 6 216
-0.0301958 0.0950175 0.983075 5 21 218
0.0610807 0.10601 0.980633 18 24 217
0.00262791 0.10666 0.994632 4 24 218
-0.149344 0.062744 1.01114 36 11 216
-0.0568425 0.0405549 0.999159 1 5 219
-0.193246 0.0031723 0.983389 44 1 215
0.0634121 0.107005 0.990243 17 24 217
-0.152477 0.0809976 0.977973 37 17 216
0.0655193 0.105444 0.679205 21 35 216
-0.135277 -0.137256 1.00787 27 26 216
-0.00364061 0.122648 0.9754 0 28 218
-0.00475599 0.0783323 0.983528 14 17 218
0.0946258 0.118886 0.701421 30 38 214
-0.122794 -0.0640159 0.992682 26 12 218
0.0829339 0.104379 0.915899 22 26 217
0.0375042 0.143327 0.944295 8 34 217
0.083705 0.0989228 0.926396 20 23 217
-0.0432714 0.0946731 0.984605 2 22 218
-0.0912788 0.171474 0.96015 17 67 208
0.0860828 0.110563 0.941104 21 26 217
-0.123506 0.0242697 0.99448 29 1 217
-0.229602 0.0593511 1.02923 55 11 212
0.0307363 0.143009 0.942129 28 44 212
0.0834191 0.0188663 0.972013 33 1 217
-0.128551 0.0156304 0.984046 29 0 217
0.0264699 0.0221602 0.990851 42 10 215
-0.0556985 0.147829 0.982579 8 39 216
0.00516314 0.0167588 1.00222 27 11 217
-0.160869 0.0320308 0.957582 40 4 216
-0.0878842 0.128138 0.990251 17 33 216
-0.189303 -0.00975988 0.977684 46 5 214
-0.0331748 0.11004 0.984095 2 29 217
0.080772 0.0222139 0.99214 39 2 215
-0.0879938 0.128017 0.989696 17 35 216
-0.0806232 0.215663 0.967162 20 55 211
-0.0872774 0.191217 0.977868 18 52 212
-0.132103 0.178438 1.01424 32 46 212
0.0635443 0.113734 0.995126 28 27 216
-0.0951738 0.157057 1.02066 19 41 215
-0.0668898 0.194845 0.994048 15 49 213
-0.595628 0.30585 1.67095 67 34 206
-0.071744 0.126858 0.98583 11 35 216
-0.0112798 0.0809338 0.972961 14 18 218
-0.170992 -0.042763 1.00324 41 15 215
-0.0124143 0.122798 0.983214 18 36 215
-0.158433 0.207221 1.00996 39 57 208
-0.0762794 0.21632 0.973545 16 51 213
-0.0652531 0.214192 0.987189 13 57 211
-0.137491 0.198936 0.973408 34 57 209
-0.0739728 0.178055 0.979769 11 54 212
-0.0450946 0.108378 0.98418 0 29 217
-0.00513372 0.0368433 0.985783 6 3 219
-0.0808737 0.211739 0.993433 18 53 212
-0.00879181 0.0883315 0.98234 19 21 217
-0.168685 -0.00853503 0.980175 45 12 214
-0.138905 0.202393 0.983892 33 63 207
-0.151697 0.0634502 1.02399 38 11 216
-0.111969 0.0425278 0.976176 25 7 218
-0.202298 0.0331174 0.975478 48 4 214
-0.100452 0.221016 0.981879 22 52 212
-0.160789 0.0306872 0.958055 37 5 216
-0.147722 0.0911434 0.338318 62 40 207
-0.150269 0.0345081 0.982266 41 0 215
-0.0349979 0.084073 0.979683 8 17 219
-0.0392351 0.215538 0.960302 3 61 211
0.0454753 -0.00184328 1.00635 21 8 218
-0.00716666 0.108814 0.60087 8 55 212
-0.04128 0.234513 1.20669 5 62 210
-0.00980223 0.100259 0.983343 24 28 216
-0.302982 0.223302 1.13256 63 44 205
-0.200652 0.00487829 0.976515 53 3 213
-0.18886 -0.0436454 1.02726 47 17 214
-0.194271 0.00555246 0.976634 45 1 215
-0.123003 0.0210274 0.995017 28 0 218
0.0717644 0.118988 1.04604 17 25 217
-0.190463 0.0315625 0.98011 45 4 215
-0.127512 -0.0623564 0.985444 29 15 217
-0.180307 0.0310992 0.984166 45 2 215
-0.00708088 0.109394 0.603272 8 55 212
0.0190657 0.120507 0.783991 18 42 215
-0.108407 0.0390954 0.974428 24 4 218
0.0961246 0.108657 0.846833 25 28 216
0.0885587 0.116355 1.16035 18 22 218
-0.00813425 0.0799383 0.98131 7 17 218
-0.163128 0.0843778 0.994888 37 17 215
-0.0872222 0.125168 1.00326 17 29 217
-0.0119194 0.0275732 1.0046 13 3 219
-0.195447 0.0326372 0.972072 52 2 213
0.0850763 0.0305098 0.964221 41 0 215
0.0138688 0.0224276 0.994133 27 7 217
0.00350568 0.0283958 0.99146 20 3 218
0.0136018 0.0189423 0.998385 22 6 218
0.0837078 0.0997185 0.922608 32 25 215
-0.128212 0.0153006 0.983741 31 5 217
0.00457015 0.0135591 0.999273 14 5 219
0.0129379 0.0267751 0.99467 28 5 217
-0.0104408 0.104827 0.983114 18 29 217
-0.0364587 0.0311348 1.00729 1 1 219
-0.019037 0.105322 0.983521 15 30 216
-0.0883713 0.194166 0.979546 16 59 211
0.00091892 0.106627 0.976303 28 31 215
-0.198623 0.0159894 0.981142 53 3 213
-0.308499 0.224103 1.13893 63 44 205
-0.0844634 -0.0947306 1.00648 18 20 218
-0.0725496 0.184288 0.977786 10 57 211
-0.0228205 0.105132 0.98213 5 26 218
-0.0277713 0.12339 0.984616 3 33 217
-0.0324843 0.111335 0.980804 11 33 217
0.0778543 0.0250678 0.991149 39 1 215
-0.118803 0.104984 0.98016 29 27 216
0.0311167 0.0202223 0.989815 9 2 219
0.0849628 0.0818319 0.849144 31 22 216
-0.163372 0.0130223 0.959934 42 0 215
-0.120679 0.121865 0.737661 42 42 211
-0.0665869 0.192998 0.986995 13 50 213
-0.121849 0.02462 0.97964 29 5 217
-0.0475087 0.121974 0.990937 3 36 216
-0.140768 0.126808 0.984886 41 41 211
0.0439348 -0.0567498 0.992912 15 20 218
-0.012304 0.102401 0.983764 15 26 217
-0.0854151 0.0264743 0.986231 16 1 219
-0.0265816 0.0196472 1.00555 6 5 219
-0.132795 0.108267 0.97999 37 31 214
0.0815345 0.0852474 0.85774 21 22 217
-0.124848 0.105483 0.97807 34 30 215
-0.117245 0.12412 0.975478 27 32 215
0.0984553 0.0132252 0.931055 24 2 218
-0.147835 0.087153 1.03389 35 18 216
-0.103997 0.0408933 1.00918 21 1 218
-0.196429 0.0917578 0.985221 49 20 213
0.00239674 0.105192 0.987471 8 25 218
-0.0999895 0.13572 0.983348 22 40 215
0.0563892 0.114053 1.00447 14 26 217
0.0548492 0.0991062 0.987839 17 22 218
0.144201 -0.0850021 1.02839 30 19 216
-0.0995399 0.174889 0.984402 21 45 213
-0.073087 0.195969 0.976547 16 46 214
-0.113231 0.128219 0.689312 43 47 210
-0.123564 -0.103803 0.986201 29 24 216
-0.192044 -0.0104482 0.994215 53 15 212
-0.154871 0.127015 0.992368 37 31 214
-0.149592 -0.0786487 0.957842 35 18 216
-0.0859906 0.193971 0.977348 13 63 210
-0.0173153 0.113905 0.977406 2 25 218
-0.145378 -0.061549 0.977412 35 17 216
0.100036 0.062513 0.934092 33 13 216
-0.00739317 0.0394088 0.985224 6 4 219
-0.171523 0.104194 0.993041 43 24 214
0.116457 -0.0688059 0.986151 27 18 217
0.0261219 0.102201 0.574718 18 47 213
-0.0760837 0.217273 0.975443 15 56 211
-0.023918 0.115116 0.98182 6 31 217
-0.158743 -0.00338894 0.962541 43 9 215
0.152293 0.0251401 1.00207 34 4 217
-0.158832 0.11704 0.975328 42 31 213
0.107622 0.0316209 0.94926 38 3 216
-0.129128 0.100216 0.971167 33 25 215
-0.287719 0.216848 1.21309 55 40 208
-0.0660088 0.133525 1.08058 14 27 217
-0.0734147 0.127147 1.01239 16 26 217
-0.189368 -0.00867186 0.978619 42 3 215
-0.025591 0.0233623 1.00215 5 3 219
-0.0733024 0.177382 0.977949 14 44 214
-0.142171 -0.0601997 0.95984 37 17 216
-0.107629 0.198866 0.993964 24 44 214
-0.1234 0.018114 0.984792 27 0 218
-0.0972999 0.188651 0.981651 20 57 211
-0.148619 -0.0755196 0.939187 32 15 217
0.00480084 0.0133923 1.00414 25 10 218
-0.0458091 0.113372 0.981604 4 33 217
-0.0260636 0.0823873 0.961329 6 17 219
-0.120567 0.125181 0.984637 29 32 215
-0.0994275 0.010408 1.07177 21 1 218
-0.016589 0.0956193 0.948452 4 21 218
-0.107387 0.0975386 1.05919 22 19 217
-0.178233 0.0918607 0.9913 46 20 213
-0.126527 0.0196152 0.989998 30 5 217
0.0588452 0.143285 0.954566 59 49 205
-0.201921 0.179795 0.979314 47 40 210
0.0685272 0.112766 0.705297 27 39 214
-0.120243 0.0995139 0.739457 45 36 212
-0.152073 0.0841779 0.979723 37 18 215
-0.16515 0.0170448 0.998506 41 0 215
-0.486752 -0.0506027 0.990478 85 8 202
-0.507874 0.100411 0.963981 89 18 199
-0.124146 0.0884153 0.979245 36 22 215
-0.090071 -0.000720253 1.00618 19 1 219
-0.132229 0.10754 0.975873 35 29 215
-0.145739 0.0886823 0.979077 44 22 214
-0.139485 0.0552927 1.0101 39 4 216
-0.0216791 -0.127659 1.00244 5 24 218
-0.485558 0.101394 0.962617 86 18 201
-0.0331144 0.121727 0.988081 9 36 216
-0.289091 0.122933 1.21556 57 22 211
-0.0687581 0.0269495 0.978202 4 8 219
-0.194851 0.00548593 0.978552 40 1 216
-0.189142 0.108167 0.986081 49 26 212
-0.171843 0.0313378 0.978643 40 3 216
-0.0255032 0.149827 0.798121 2 55 212
0.148495 0.0243797 0.996159 35 3 217
-0.0369885 0.0837965 0.998807 0 19 219
-0.0106299 0.116685 0.684177 4 47 214
-0.178071 -0.00928365 0.978601 44 5 215
0.0783352 0.00293659 1.01129 36 8 216
-0.159642 0.103675 0.974923 34 21 216
0.144768 -0.0647914 0.953288 33 16 216
-0.0876795 0.174957 0.971487 14 61 210
0.0266827 0.129149 0.842801 6 34 217
0.0693885 0.0228334 0.98541 58 8 211
0.0187417 0.13618 0.950276 19 38 215
-0.328044 0.0708337 1.20619 66 11 209
-0.0822811 0.181874 0.978727 11 66 209
-0.20842 0.127892 0.991663 45 26 213
-0.201669 0.136632 0.994211 53 34 210
-0.190553 0.0103243 0.968512 40 2 216
0.137656 0.0385339 1.10583 28 7 218
-0.0427515 -0.0679632 1.01219 10 20 218
-0.132163 0.12447 0.976006 36 38 213
-0.055567 0.12518 0.977528 10 29 217
0.107492 -0.019563 0.980205 23 6 218
-0.115108 0.110443 0.978487 28 30 215
-0.0451126 0.108085 0.982788 5 31 217
-0.163891 0.00209495 0.964892 45 10 214
-0.0482697 0.203247 0.980579 7 54 212
-0.047689 0.117898 0.975543 4 30 217
-0.144379 0.000232055 0.981347 36 5 216
-0.121597 0.111877 0.682383 45 37 211
0.0186689 0.136241 0.950283 28 43 213
-0.0678202 0.217556 0.979757 14 53 212
-0.0558149 0.124423 1.00199 2 34 217
-0.122026 0.021168 0.988043 28 5 218
-0.167272 -0.0397225 0.984226 43 14 215
-0.146769 0.180227 0.980976 39 54 209
-0.126477 0.124497 0.97991 30 32 215
-0.0213295 0.123066 0.781385 1 43 215
-0.16861 0.103222 0.978929 45 25 213
0.0568656 0.11318 1.00287 15 25 217
-0.142071 0.112865 0.974583 36 28 215
-0.152083 0.0427437 0.973844 37 6 216
-0.0325961 0.0835807 0.980185 4 18 219
-0.102128 0.12888 1.0089 21 32 216
-0.117685 0.123128 0.973103 26 30 216
-0.130281 0.136026 1.0011 31 34 214
-0.0356183 0.137439 0.948774 0 39 216
-0.207783 0.113913 0.985559 45 24 213
-0.000644797 0.138357 0.954755 11 38 215
-0.143859 0.0331356 0.997219 32 5 217
-0.205225 0.128303 0.975598 47 28 212
-0.164019 0.0326605 0.960026 37 5 216
0.0843385 0.100373 0.838692 24 27 216
-0.0383414 0.0305195 1.01267 7 4 219
0.0589667 0.103123 0.554415 19 36 215
-0.0490386 0.0407658 0.990543 8 6 219
0.137714 0.0567697 1.06033 29 11 217
0.128844 0.0486483 0.93488 31 11 217
0.0849771 0.0866195 0.847283 24 23 217
-0.18201 0.0903329 0.979153 35 17 216
-0.0378317 0.134653 0.947361 2 36 216
0.0561575 0.11285 0.998246 15 25 217
-0.109443 0.0393184 0.978954 24 5 218
-0.153874 0.127527 0.978846 39 32 213
-0.124095 0.177401 0.985035 27 41 214
-0.125662 0.0854651 0.999317 28 18 217
-0.00153055 0.154922 1.01743 1 33 217
-0.0200462 -0.0674121 0.997382 5 14 219
-0.121748 0.180611 1.01712 27 47 212
-0.0876857 0.192582 0.977103 19 47 213
-0.0949795 0.0223125 0.98758 20 1 218
-0.126228 -0.101232 0.957166 28 22 216
-0.128692 0.0159949 0.983051 29 0 217
-0.0759545 0.10989 1.19919 12 19 218
-0.0864304 -0.0992741 0.988667 19 20 218
-0.0823891 0.0191954 0.979942 17 0 219
-0.0234638 0.139354 0.741861 9 43 215
0.00159192 0.0299347 0.992829 7 2 219
0.00807693 0.0160718 1.00446 9 1 219
0.0395108 -0.0368022 1.02731 9 10 219
-0.156241 -0.0799346 0.991752 33 16 216
-0.0473476 0.12207 0.978668 2 34 216
-0.0758196 0.109844 1.19869 11 20 218
0.0338493 0.0237738 0.993516 11 2 219
-0.0919222 -0.102452 0.987761 19 20 218
-0.212093 -0.0117532 1.01024 46 4 214
-0.180505 -0.0090395 0.972408 43 5 215
-0.0608604 -0.063265 0.987976 13 12 219
-0.132858 0.138889 1.0178 31 33 215
-0.110161 -0.0603141 0.964912 24 13 218
-0.0157835 0.027195 1.00222 3 0 219
-0.167548 0.0999467 0.974027 40 22 215
-0.115526 -0.102331 0.976436 24 20 217
0.0118341 0.0139934 0.987211 3 1 219
-0.0575335 0.0154329 0.977598 10 0 219
-0.105506 0.0329699 0.998278 23 3 218
-0.0782063 0.0245649 0.980667 15 1 219
-0.000890301 -0.0577853 0.99513 0 13 219
0.0366557 0.137549 0.908712 8 34 217
-0.0362516 -0.0759258 0.967655 8 16 219
-0.024113 -0.0767395 0.995935 6 16 219
-0.0962983 0.00163861 1.05358 21 2 218
-0.152048 -0.123535 1.00789 31 24 216
-0.0320377 0.0297473 1.03155 1 1 219
-0.0260741 0.023317 1.01179 2 1 219
0.0368342 0.0262344 1.01115 16 1 218
0.0332552 0.0235694 0.989223 9 3 219
-0.173959 0.0845794 0.996865 40 17 215
-0.10183 0.128151 1.00647 21 32 216
-0.0660756 0.0233842 0.980701 12 1 219
0.0341453 0.0237429 0.99452 20 0 218
-0.0224609 0.0247717 0.998352 3 0 219
0.0393397 0.000391873 0.91383 9 0 219
-0.171072 -0.00970715 0.974678 39 3 216
-0.0222565 0.0293835 0.984893 1 1 219
-0.0329214 -0.0899438 1.01021 7 18 219
-0.0192619 -0.0672546 0.99823 5 13 219
-0.0419579 -0.0666091 0.99532 9 14 219
-0.0174164 0.0308255 0.999587 4 1 219
-0.0659177 0.0261899 0.983915 12 1 219
-0.0661083 0.0230757 0.984128 12 0 219
0.0338776 0.11784 0.808143 8 31 217
0.0126974 0.0139522 0.994398 8 0 219
-0.02607 -0.0773384 0.979586 6 16 219
-0.11784 -0.0862479 0.986203 25 17 217
-0.0421439 -0.0664458 0.995315 9 14 219
-0.154803 -0.0620483 0.976284 33 13 216
-0.104572 0.0333895 0.987305 23 2 218
-0.0367273 -0.081693 0.978667 8 18 219
-0.0933467 -0.101567 0.989754 20 20 218
-0.1931 0.00620223 0.972489 43 0 215
-0.167846 -0.00767861 0.984604 37 2 216
-0.123273 -0.0994654 0.96791 26 20 217
-0.110908 0.0398356 0.98967 24 7 218
0.0472861 0.0281975 0.992297 10 4 219
0.0210241 0.0211367 0.995931 3 3 219
0.0166807 0.025443 0.993617 5 3 219
-0.0286323 0.0302882 0.98914 5 4 219
0.00401018 0.0210811 1.00273 1 2 219
0.0419412 -0.0546514 0.979137 8 13 219
-0.0521288 -0.0700064 1.01936 11 14 219
-0.0416013 -0.0676621 1.00173 9 14 219
-0.0530875 -0.0635561 0.990495 12 13 219
-0.084307 -0.100462 0.991325 18 20 218
-0.103096 -0.0585368 0.99378 22 12 218
-0.157201 -0.0627417 0.98926 33 13 216
-0.156742 -0.102795 0.982537 32 20 216
-0.0417154 0.0827856 0.987428 6 17 219
0.0062818 0.0136093 1.02667 2 0 219
-0.154326 0.0846478 0.991795 34 18 216
-0.0605343 -0.0773497 0.9786 13 16 218
-0.105486 -0.0762746 0.981666 23 16 218
-0.00803685 -0.0657956 1.00634 2 13 219
-0.168288 0.112491 0.996678 39 25 214
0.0499822 0.113777 1.06859 8 22 218
-0.129124 0.0167747 0.97837 29 1 217
-0.165776 -0.0486465 0.974617 36 11 216
-0.00533986 0.1369 0.947788 11 40 215
-0.130537 0.237546 1.18327 25 52 212
0.00367624 0.0201838 0.994869 13 2 219
-0.132413 0.240374 1.19203 26 53 211
0.00246946 0.105807 0.989901 7 25 218
-0.172547 0.109777 0.975129 44 26 213
-0.0848774 0.218467 0.980819 18 52 212
0.12986 0.121848 1.17761 58 25 210
0.0823673 0.0218755 1.14507 12 3 219
-0.129805 0.101248 0.977046 30 22 216
-0.206705 0.0441154 1.00841 47 7 214
-0.147885 0.0619656 1.00879 39 9 216
0.0762885 0.0659936 0.931519 14 14 219
0.0480494 0.0377132 1.02569 32 1 217
0.0778861 -0.00681696 1.00772 21 4 218
0.0748277 0.00987439 1.00547 20 0 218
-0.0828126 0.00390335 0.972382 20 2 219
-0.0956375 0.155023 1.01325 20 36 215
-0.160415 0.127877 0.981086 40 32 213
0.0629808 0.109708 0.997536 14 23 218
-0.201037 0.0846682 0.985526 46 17 214
0.129841 0.117493 1.1836 59 23 210
0.0498173 0.103437 1.02788 17 22 217
0.129651 0.11744 1.18217 57 23 210
0.0175712 0.0259332 0.987998 36 9 216
0.0560478 0.133861 0.951367 62 47 205
-0.0899339 -0.0894098 1.00256 19 18 218
-0.164704 -0.00801506 0.972666 38 4 216
-0.00104725 0.123797 0.750875 1 37 216
-0.0537378 -0.0628701 0.99315 12 15 219
-0.152637 0.177676 0.983753 37 45 211
-0.141015 0.238133 1.18373 27 51 212
0.0274097 0.0215478 0.992534 7 2 219
-0.122447 0.124816 0.980175 32 35 214
-0.17492 0.0316111 1.00566 44 2 215
-0.099155 0.174521 0.98024 21 50 212
-0.174489 0.0870654 1.00786 44 19 214
0.0780424 0.0188483 0.991596 36 2 216
0.0537087 0.136046 0.940826 55 46 207
-0.125698 -0.0637536 0.982427 27 13 217
-0.118683 0.203258 0.978652 28 53 211
-0.107572 0.205486 0.983584 25 52 211
-0.150063 0.180654 0.984154 38 47 211
-0.0604868 -0.0633752 0.994535 13 14 219
-0.0104948 0.117287 0.684235 2 46 214
-0.0689145 0.203728 0.980239 14 49 213
0.0771961 0.00250386 1.00781 26 4 218
-0.115012 -0.0637557 0.990975 25 13 218
-0.0778581 0.0240035 0.931063 18 4 219
-0.121674 0.0258574 0.983108 29 1 217
0.0307287 0.143236 0.942595 37 48 210
0.0135222 0.0184043 0.999908 10 0 219
-0.118508 0.0254455 1.0006 27 4 218
0.0714852 0.115438 1.02367 20 25 217
0.0294032 0.020541 1.0001 10 2 219
-0.0279661 0.124895 0.994225 11 36 216
-0.0745549 0.0285792 0.976448 8 7 219
-0.00901285 0.0795436 0.974957 4 17 219
-0.107152 0.124911 0.970948 24 29 216
-0.153464 0.126996 0.97658 39 32 214
0.0649115 0.104259 0.666145 20 34 216
0.0836211 0.105296 0.920276 23 26 217
-0.13122 0.0866813 0.995229 29 18 217
0.079881 0.0190544 0.985384 33 1 216
-0.00482342 0.0765491 0.977395 0 16 219
-0.0602686 0.137922 1.00034 13 28 217
-0.100752 0.138486 0.996894 22 29 216
0.0297063 0.0224305 1.00007 34 6 217
-0.0156636 0.0801646 0.984035 17 18 218
-0.0859792 -0.00266997 0.973599 18 7 219
0.069826 0.0187632 0.98908 46 7 214
-0.344803 0.020837 0.694784 81 5 204
-0.197941 -0.0223876 1.24073 39 12 216
0.108509 -0.050902 0.999942 25 13 218
-0.580542 0.0245174 1.06916 93 4 199
-0.120678 0.179214 1.01323 27 48 212
-0.00501308 0.122321 0.982842 20 37 215
-0.147179 0.184844 0.98211 37 50 210
-0.192122 0.00355388 0.98082 45 2 215
0.0776596 0.00610193 1.01047 32 5 217
0.0363716 -0.0637989 0.990884 10 19 218
0.0695306 0.0189716 0.988478 27 0 217
0.126524 0.00713954 0.900885 31 0 217
0.104325 0.00152843 0.973796 27 2 218
0.146248 -0.0591839 0.960438 33 15 216
0.0555222 0.104825 0.991281 20 24 217
0.0777439 0.097585 0.580285 25 33 215
0.0625662 0.120232 1.06063 27 27 216
0.0127392 0.123824 1.07959 1 24 218
-0.0788344 0.175285 0.979134 15 47 214
-0.104142 0.0163844 0.979851 23 0 218
-0.124083 -0.0626369 0.970634 26 12 217
-0.0880459 -0.00309688 0.996529 20 3 218
-0.0751406 0.243615 1.00533 18 57 211
-0.306621 0.226192 1.14499 62 44 205
0.0864822 0.0729548 0.929027 36 16 216
-0.14534 -0.00106652 0.986496 34 4 217
0.0781803 0.0185543 0.991166 36 2 216
-0.0659156 0.20402 0.973824 13 53 212
-0.0225745 0.0822943 1.00284 19 18 218
-0.0850651 0.0265088 0.985002 17 1 219
-0.00969843 0.0972974 0.983503 21 26 217
-0.0127413 0.104487 0.981671 21 30 216
-0.148016 0.178224 0.973228 37 48 211
-0.00719537 -0.0545262 1.01785 4 22 218
-0.478114 0.129914 0.955055 85 23 201
-0.0758548 0.197142 0.935042 19 48 213
-0.209137 -0.0494715 0.988974 51 14 213
-0.0493721 0.125674 0.981253 5 32 217
-0.206645 0.0578047 1.01044 47 11 214
-0.127747 0.0254818 0.993895 29 0 217
-0.0109237 0.122456 0.981435 10 33 216
-0.0737734 -0.0975856 0.989364 15 19 218
0.0777251 -0.0177079 1.00831 28 11 217
-0.0307764 0.0871126 0.989803 5 20 218
-0.132005 0.182141 1.02847 33 62 208
-0.0163256 0.12284 0.984097 17 38 215
-0.0119584 0.0840685 1.02924 10 18 218
-0.00683484 0.0390555 0.987229 18 0 218
-0.125542 0.18501 1.03869 26 38 214
-0.0551825 0.214258 0.968162 11 55 212
-0.203329 0.185152 0.996869 46 40 211
-0.0621159 0.218125 0.982329 13 49 213
-0.2809 0.212027 1.18763 55 40 208
-0.122787 0.14689 0.678043 45 52 208
0.0201515 0.103706 0.505553 9 51 213
-0.0991937 -0.0591075 0.979447 23 14 218
-0.000786544 -0.0566425 0.979156 1 12 219
-0.130738 0.0326623 0.990023 30 3 217
-0.103941 0.0410661 1.01406 21 1 218
-0.0308364 0.095445 0.973762 16 27 217
0.0769123 0.112034 1.20391 46 22 213
0.0754082 0.0189658 0.992254 52 7 213
-0.0845473 0.203136 0.980972 18 55 211
-0.170412 -0.0237408 1.00751 43 12 215
-0.139291 -0.0245159 0.994275 36 11 216
0.140161 0.047707 1.07189 30 9 217
0.131422 -0.0168858 0.982671 30 5 217
0.116477 0.125639 1.17967 55 26 211
-0.510316 0.130381 1.01279 87 22 200
-0.0115189 0.115589 0.980849 28 39 214
-0.0213463 0.0833016 1.00115 1 17 219
0.0276288 0.107783 0.591832 23 51 212
0.08426 0.101024 0.835346 26 27 216
-0.054188 -0.057856 0.993676 11 13 219
-0.0367216 0.0308313 1.00644 2 2 219
-0.0403281 0.199608 0.972854 7 47 214
0.045066 0.0257232 0.989166 14 2 219
0.0211804 0.0179921 0.987744 21 4 218
-0.0557493 0.14816 0.984313 11 34 216
-0.294436 0.199042 1.13842 56 37 209
-0.122076 0.122805 0.744206 42 42 211
-0.0649982 0.126446 0.984565 7 37 216
-0.0450904 0.108535 0.988008 1 28 217
-0.122362 0.122972 0.745592 42 42 211
-0.0204726 0.0896788 0.982885 21 23 217
-0.0935912 0.203703 0.978606 21 51 212
0.00261003 0.102966 0.98907 27 28 216
-0.0741671 0.0268152 0.985379 8 6 219
0.0233558 0.0247736 0.977795 10 2 219
0.0856355 0.0911414 0.929853 42 22 214
-0.111111 -0.0619591 0.961017 25 13 218
0.0293515 0.027235 0.99382 19 0 218
0.0494373 0.127535 1.21947 12 23 218
0.103203 0.00663165 0.9766 25 0 218
0.0489933 0.110243 1.03142 10 22 218
0.0357237 0.126342 0.691013 19 46 213
0.122624 0.0493286 0.906063 32 11 217
0.0628223 0.113094 0.980228 16 25 217
0.0442666 0.107893 0.742692 14 33 216
0.133866 -0.0182263 0.983605 29 5 217
0.122953 -0.0166108 0.975402 28 5 218
-0.179382 0.0321578 0.983072 44 3 215
0.0325392 0.0220643 1.07014 7 2 219
-0.163173 0.0315949 0.957555 37 4 216
-0.168868 0.101805 0.979599 40 23 214
-0.129306 0.0944234 0.983498 41 26 214
-0.142564 0.0335968 0.988926 33 3 217
0.0089698 0.018223 0.994737 29 10 217
-0.136469 0.200283 0.978542 34 53 210
0.0850498 0.0863967 0.847367 35 23 215
0.0273256 0.0268852 0.993039 37 6 216
0.0780481 0.00901961 1.01062 34 5 216
0.10048 0.112132 1.0304 21 24 217
-0.029771 0.0935514 0.980498 3 22 218
0.00476563 0.136541 0.94879 26 45 213
0.0316143 0.0280075 0.993353 15 1 218
-0.172535 -0.00976966 0.980185 44 8 215
0.0772858 0.00642899 1.0087 24 2 218
0.00153896 -0.0548472 0.985812 0 13 219
0.0839525 0.0997057 0.926209 28 24 216
-0.204301 -0.00933715 0.979532 48 5 214
-0.193253 0.0922945 0.990409 47 20 213
-0.005302 -0.0647424 0.551213 4 29 217
-0.155479 -0.0800205 0.987639 37 21 215
-0.163517 -0.052617 0.982219 36 12 216
-0.207302 -0.0505607 0.972523 48 13 214
-0.0152322 0.0273098 1.00178 5 0 219
-0.154801 0.128543 0.983033 39 32 213
-0.0339355 0.117326 0.988322 2 29 217
-0.0417177 0.112275 0.985249 4 27 218
-0.183422 0.10871 0.985274 47 25 213
-0.0418962 0.0824215 0.984424 1 18 219
-0.00671111 -0.0637993 0.988599 1 18 219
0.0457033 -0.0586416 0.986531 11 16 218
-0.0326464 0.113623 0.983107 12 34 216
-0.088441 0.193643 0.981162 19 47 213
-0.114178 0.124043 0.976981 29 34 215
-0.127642 0.102989 1.01224 29 23 216
-0.172167 0.0868319 1.00792 36 17 216
-0.0309659 0.0992709 0.964642 0 25 218
0.062169 0.112816 0.974574 15 26 217
-0.160863 0.10991 0.978103 39 25 214
-0.120175 0.125314 0.982886 29 33 215
-0.0696327 0.194345 0.969402 14 48 213
-0.0254646 0.169258 0.844037 8 45 214
-0.160644 0.0243313 0.974813 39 0 216
-0.0297104 0.093527 0.96401 2 21 218
-0.0477616 0.115807 0.984655 8 27 218
-0.0877102 0.12845 0.992964 18 32 216
-0.209955 -0.0510109 0.982835 46 11 214
-0.0851242 0.0263402 0.989321 17 1 219
-0.0558482 0.132211 0.982999 9 32 217
-0.0865857 0.0305392 0.954572 15 7 219
0.0784896 0.00933752 1.01283 39 6 215
-0.0601031 -0.054361 1.01126 12 19 218
-0.126687 0.0161206 0.973716 30 10 217
-0.153472 0.17842 0.98764 40 56 208
-0.0106112 0.0881253 0.982846 17 21 218
-0.0286119 0.0258438 1.00132 8 5 219
-0.078842 0.0219683 0.986985 12 4 219
-0.0480229 0.220151 0.979875 4 64 210
0.00561793 0.0182744 0.995036 7 0 219
-0.0891083 0.0290876 0.990096 15 5 219
0.00508186 0.01404 1.00538 10 3 219
0.0162052 0.0260928 0.991895 19 1 218
0.00528034 0.0140239 0.992035 0 2 219
0.0166092 0.0210997 0.992131 16 2 218
0.0319737 0.0202224 0.996752 19 1 218
0.0307379 0.137448 0.9436 35 44 211
-0.190841 0.00937433 0.974471 45 0 215
-0.0210611 0.142604 0.786009 5 54 212
0.0689032 -0.0128085 1.01154 26 9 218
0.0495775 0.12318 1.20839 21 24 217
0.0301691 0.0274013 0.995284 26 2 217
0.0135944 0.0264578 0.995819 15 0 218
-0.171721 0.0840884 0.982212 36 17 216
0.124889 0.0299321 0.927874 31 5 217
-0.180712 0.0202968 0.970835 50 3 214
-0.290554 0.123445 1.21754 54 21 212
-0.089402 0.178796 0.983075 18 46 213
-0.162722 0.0848764 0.988675 38 18 215
0.0101241 0.0143171 1.00216 26 10 218
-0.13001 0.134756 0.993663 31 35 214
0.0700197 0.105167 0.739566 22 33 216
0.00255342 -0.0497946 1.02926 1 12 219
-0.0509094 -0.0649334 0.981541 11 13 219
-0.0987183 -0.0587906 0.977322 21 13 218
-0.126145 0.108439 0.699643 49 39 210
-0.336729 0.0693295 1.22534 61 11 210
-0.283606 0.119079 1.1213 59 23 210
0.0442202 0.0010802 0.989449 17 5 219
-0.292595 0.201545 1.20115 59 39 207
-0.0298593 0.0824626 0.988832 15 18 218
-0.120813 0.123684 0.976757 31 36 214
-0.0867047 0.196125 0.98398 18 54 212
-0.303212 0.226996 1.13123 64 46 205
-0.342053 -0.0170153 1.24875 63 5 210
-0.0535291 -0.054453 1.0161 12 16 219
-0.056832 0.0152559 0.985377 7 3 219
-0.118852 0.20376 0.979936 28 53 211
-0.0146225 0.0936626 0.984664 0 21 218
-0.113974 0.0962157 0.700117 48 43 210
-0.0414798 0.0859824 0.98095 2 21 218
-0.0469219 0.120691 0.980886 5 38 216
-0.0442708 0.101969 0.983837 6 29 217
-0.0386638 0.193775 0.949521 3 55 212
-0.0748947 0.0236415 0.986523 10 6 219
-0.150906 0.21888 0.970351 38 59 208
-0.0207486 0.0257727 1.01172 4 0 219
-0.0413231 0.233465 1.20123 5 62 210
0.127138 0.120294 1.1701 59 25 210
-0.172062 0.18036 0.961308 46 48 209
-0.0956055 0.155368 1.01471 19 38 215
-0.152899 0.177971 0.985695 38 48 211
-0.0572081 0.134123 0.981884 3 41 215
-0.0550488 0.131909 0.982789 3 39 216
-0.0525837 0.0206047 1.02336 7 1 219
-0.0421835 0.0853704 0.982197 7 20 218
-0.00764921 0.0796556 0.982134 24 17 217
-0.0842795 0.0219707 0.981682 13 7 219
0.0551133 0.0952035 0.515995 26 43 213
0.127799 -0.0155765 0.930201 32 5 217
0.0773294 -0.0268092 1.01396 24 11 218
0.10287 0.0689286 0.911282 28 16 217
0.141432 0.035725 1.0446 31 6 217
0.0764321 -0.0260954 1.00603 21 10 218
0.0714619 0.1172 0.731481 25 38 215
-0.0922043 0.028572 0.988226 18 0 219
-0.084468 0.0215068 0.986605 16 2 219
-0.078229 0.218606 0.980115 15 59 211
-0.0302212 0.115013 0.981228 0 29 217
-0.0415469 0.120218 0.98218 1 31 217
-0.162473 0.0960239 0.993195 38 21 215
-0.111896 -0.0607257 0.987064 24 13 218
-0.117674 -0.0649629 0.996755 27 15 217
0.0805334 0.0194457 1.02379 13 3 219
-0.0744398 0.0133576 1.00425 10 5 219
-0.0474539 0.116161 0.981472 7 27 218
-0.176804 -0.00105645 0.972841 46 6 214
0.042922 -0.0512014 1.01322 7 10 219
-0.0185132 0.0275125 1.00186 7 1 219
0.0785 -0.00322236 1.00883 52 16 212
-0.0349137 0.110525 0.974291 9 33 217
-0.128443 0.124042 0.974309 31 31 215
-0.141173 0.23676 1.17922 27 50 212
-0.0880254 0.192607 0.977435 19 47 213
-0.135772 0.0829771 0.988069 30 17 217
-0.20163 0.0843091 0.98538 47 17 214
-0.153336 0.127254 0.975033 39 32 213
-0.137451 0.124688 0.978646 36 33 214
-0.205655 0.128903 0.976675 48 28 212
0.018281 0.135543 0.94648 20 39 214
0.0167859 0.13947 0.925111 10 37 215
-0.0147177 0.121634 0.9809 9 32 216
-0.120868 0.0151284 0.99841 30 4 217
-0.0460914 0.115672 0.981997 2 31 217
-0.0495834 0.126019 0.98114 0 37 216
0.0437352 0.0280257 0.981291 55 9 212
0.0669112 0.137599 0.996513 60 44 206
0.0543381 0.132198 0.944362 60 46 206
0.0319402 0.0209081 0.993943 46 12 214
0.159859 0.0660579 1.19383 39 10 216
-0.128942 0.231624 1.1584 26 47 213
0.0689556 -0.0205617 1.01895 30 13 217
0.0634903 0.135139 0.950005 54 43 208
-0.0903762 0.189067 0.994348 16 59 210
-0.0276841 0.0464756 1.02376 11 2 219
-0.0154028 0.0986002 0.981221 15 26 217
-0.189182 -0.0119155 1.00837 50 14 213
-0.191188 0.00384451 0.977275 52 8 213
-0.0867924 0.191681 0.978226 18 53 212
-0.122263 0.175302 0.979034 30 58 209
-0.0673134 0.195056 0.987242 13 46 214
-0.0264193 0.101107 0.98244 3 24 218
-0.00996137 0.0969382 0.981975 11 24 217
-0.0232688 0.0309852 1.00849 11 3 219
0.02725 0.0262349 0.99646 32 4 217
-0.154222 0.0840548 0.986357 31 16 217
0.0865415 0.0978359 0.848524 28 25 216
-0.0183371 0.114024 1.06636 4 21 218
0.149955 0.0255528 0.976989 35 4 217
0.0563253 0.103205 0.605063 21 39 215
0.124697 0.0258236 0.928321 31 4 217
0.0838787 0.0541406 0.814175 24 14 218
-0.0901698 0.177817 0.976555 20 38 215
-0.119909 0.0867674 0.986775 26 18 217
-0.163326 0.0848966 0.99019 36 17 216
-0.0184841 0.121112 0.981069 0 29 217
-0.206925 -0.0483083 0.981321 45 11 214
-0.209573 -0.0597265 1.00549 48 14 214
-0.0493107 0.124597 0.978282 6 31 217
-0.159864 0.0155863 0.967762 38 1 216
-0.208739 -0.0508069 0.978295 44 10 215
-0.137872 0.202361 0.987178 33 56 209
-0.0637785 0.219129 0.982198 9 61 210
-0.0380031 0.134954 0.949398 10 48 214
-0.0390983 0.0819998 0.981882 10 19 218
-0.0402618 0.232613 1.17127 6 66 209
-0.125344 -0.0258892 0.981081 32 12 217
-0.128559 -0.0309273 1.01628 31 12 217
-0.150544 0.183479 0.994066 38 56 209
-0.0327092 0.109141 0.98154 5 24 218
0.0200803 0.018294 0.985523 24 5 217
-0.17729 -0.0374915 1.01857 40 11 215
-0.1842 0.106148 0.964762 51 26 212
-0.130715 0.135717 1.00027 31 34 214
-0.143435 0.0294251 1.01054 34 0 217
-0.0422858 0.0973652 0.985581 5 26 218
-0.104656 0.0161979 0.982799 23 5 218
-0.113323 0.115981 0.976217 28 35 215
-0.100271 0.136134 0.984888 24 51 212
-0.0399028 0.127683 0.922668 14 56 212
-0.15476 -0.140949 0.956014 33 29 215
-0.403096 0.00861027 0.839622 81 1 204
0.100346 0.0171357 0.951144 42 2 215
0.0522345 0.120797 0.522084 21 50 212
-0.0311699 0.121485 0.980779 2 28 217
-0.328548 0.327786 1.68183 46 46 209
-0.133259 0.108406 0.982525 39 32 213
-0.139127 0.0836711 0.979644 39 19 215
-0.0142455 -0.0809759 1.01487 3 18 219
-0.196724 0.0919416 0.986067 47 19 213
-0.0599586 -0.0782984 0.984592 13 16 218
-0.28828 0.122385 1.21087 55 21 211
-0.20872 0.10647 0.785711 67 30 207
-0.105921 -0.0768132 0.984691 23 16 218
0.0684816 -0.0206271 1.01446 32 15 216
-0.0425397 0.0928965 0.971895 2 24 218
-0.0103916 0.102 0.980674 12 26 217
-0.134799 0.180062 1.02066 31 48 212
-0.113076 -0.0625574 0.976077 25 13 218
-0.0649631 0.125332 1.01657 13 26 218
-0.175937 0.190633 0.988854 45 47 209
-0.0474265 0.122249 0.978254 0 36 216
-0.0676036 0.204222 0.983027 15 46 214
-0.0766962 -0.0882907 0.994387 16 18 218
-0.137155 -0.0813022 0.985779 27 14 217
-0.115925 -0.0864368 0.985899 28 23 216
-0.0735535 0.197527 0.98129 16 48 213
-0.105479 -0.0520554 1.01382 25 16 217
-0.0891074 -0.0881836 0.996056 21 22 217
-0.0957565 0.20192 0.97385 20 56 211
-0.0727307 0.184491 0.978868 13 51 213
-0.0256257 -0.0975863 1.00822 5 24 218
-0.0999214 0.176088 0.991984 22 40 214
-0.131901 -0.0656071 1.00851 30 17 217
0.07899 0.0204382 0.992474 21 2 218
0.0732625 0.0194269 0.98742 23 0 218
0.0782175 -0.00607789 1.00749 25 6 218
-0.403967 0.00268868 0.856693 80 0 204
-0.225593 0.151427 0.832912 48 32 212
-0.115124 0.131965 1.13505 23 29 216
-0.0739777 0.177535 0.978288 7 59 211
-0.0125101 0.0592064 1.01283 21 6 218
-0.125677 0.124234 0.976261 33 38 213
-0.142275 0.184725 0.979361 35 58 209
-0.0754049 0.127447 1.00797 9 37 216
-0.0399921 0.0312893 1.00686 7 4 219
-0.122291 0.175865 0.981028 30 59 209
-0.0825356 0.177298 0.982968 12 59 211
-0.149279 0.042124 0.957922 40 4 216
0.0300366 0.0274767 0.994672 34 5 216
0.112848 -0.0170824 0.981907 28 6 218
0.0111944 0.0269773 0.964308 6 3 219
0.00360817 0.0282471 0.992095 16 1 218
-0.0486817 0.206032 0.990301 10 45 214
-0.160511 0.0233615 0.972409 37 2 216
-0.162296 0.109906 0.989468 34 22 215
0.0231767 0.0225397 1.00958 10 1 219
-0.129091 0.139309 0.731569 50 58 206
-0.0403601 0.0824108 0.983385 3 19 219
-0.014869 0.112941 0.612974 8 44 215
-0.0494541 0.0399464 0.986199 0 0 219
-0.0566397 0.0325134 0.987732 4 1 219
-0.307585 0.232728 1.12937 66 48 203
-0.142496 0.183071 0.974804 36 53 210
-0.0302475 0.101422 0.978112 7 26 218
-0.0771635 0.0252231 0.987174 9 7 219
0.0145702 0.133355 0.945854 35 46 211
0.0353886 -0.0577126 0.986551 10 17 218
0.0499169 0.115447 1.02401 18 26 217
-0.131508 0.0836148 0.987822 42 19 214
-0.010658 0.105075 0.982437 10 26 217
-0.0147025 0.122676 0.984069 10 34 216
-0.0897124 -0.100007 0.962739 19 20 218
0.0634101 0.109373 0.990711 21 25 217
-0.124947 0.0847546 0.994719 27 17 217
-0.193324 0.00561606 0.973431 42 1 215
-0.00974365 0.157758 1.11642 9 38 216
0.0485913 0.121156 1.1854 22 23 217
0.00539407 0.136741 0.949528 30 47 212
0.0462201 0.027657 0.991004 43 5 215
0.0125701 0.0128011 0.99999 20 7 218
-0.0946082 0.0801489 0.766553 29 26 216
-0.094512 0.184163 0.978187 19 56 211
-0.124299 0.109103 0.979103 32 30 215
-0.174682 0.0844302 0.972257 47 19 213
-0.11402 0.12402 0.976781 30 40 213
-0.145608 0.0295271 1.02361 35 0 217
-0.073791 0.0265717 0.982857 10 2 219
-0.0751426 0.127269 1.00629 9 38 216
-0.0866565 0.208268 0.975144 19 58 211
-0.085487 0.0264447 0.986231 15 3 219
0.0617893 0.133276 0.945834 51 42 209
-0.158989 0.0241661 0.938018 45 1 215
-0.0330574 0.0302939 1.01858 6 2 219
0.00358561 0.0201603 0.993417 28 10 217
0.110903 -0.0160362 0.988181 25 4 218
0.030718 0.023979 0.972428 13 2 219
0.0857565 0.0217859 1.00107 25 2 218
0.120964 -0.0767363 1.01195 26 17 217
0.0682125 -0.0130737 1.00823 24 8 218
0.0499342 0.114067 1.0236 35 28 214
-0.0996385 0.134897 0.979595 21 43 214
0.00361837 0.028028 0.992982 13 0 219
0.0923689 0.0968621 1.23873 24 16 217
-0.131731 0.234414 1.1727 26 46 213
-0.203573 0.185269 1.01058 45 40 211
-0.128049 0.174971 0.977424 31 59 209
0.083859 0.0709943 0.854989 22 18 218
0.0971988 0.0325275 0.919797 23 7 218
0.13177 0.0250837 0.967351 31 4 217
0.129556 0.0537969 0.998193 29 11 217
0.102834 0.0690869 0.9117 31 16 216
0.151042 0.0444307 0.972937 35 9 216
0.10114 0.0337896 0.956908 23 7 218
0.128829 0.0425938 1.00873 28 8 217
-0.0326358 0.109553 0.989444 8 30 217
-0.0569746 0.0401313 1.01424 1 3 219
-0.130339 0.0254164 0.980569 33 4 217
-0.0721717 0.196641 0.977109 9 61 210
0.0125995 0.017338 1.00132 3 2 219
-0.127374 0.183484 0.979896 30 50 211
0.0527571 0.104316 1.2221 29 19 216
-0.523306 0.0398951 0.920671 95 8 198
0.0343648 0.026331 0.992995 43 7 215
0.05531 0.141423 0.944718 48 46 208
0.111774 0.105857 1.20503 42 19 214
0.0622261 0.133622 0.98227 49 40 210
-0.0151066 0.0863018 0.963182 8 19 218
-0.0152436 0.0847997 0.947631 13 21 218
-0.0388807 0.199888 0.974186 0 60 211
-0.201409 -0.0103277 0.99062 55 13 212
0.0640411 0.133807 0.952877 51 41 209
-0.151571 0.0422772 0.969935 41 4 215
-0.159908 0.0120973 0.948931 43 5 215
-0.126932 0.184078 0.981061 30 57 210
-0.203915 0.0157667 0.987542 55 3 212
-0.00130731 0.13687 0.947203 9 37 216
-0.141575 0.0258713 1.02887 34 1 217
-0.0231423 0.122496 0.979714 12 36 216
-0.115416 0.111136 0.981435 28 29 216
-0.133357 0.144724 0.74935 49 60 205
0.108647 0.00342792 1.0049 40 5 215
-0.0798143 0.203825 0.976078 16 54 212
-0.144614 0.000291387 0.983639 36 7 216
0.0456536 -0.026595 1.00221 23 16 218
0.0793213 -0.0126479 1.0186 35 12 216
0.0192377 0.119695 0.780019 34 47 211
0.0229048 0.136473 0.950072 31 43 212
0.0492308 0.126878 1.20306 23 25 217
0.11098 0.104928 1.19813 44 19 214
-0.0272354 0.0469014 1.00778 6 4 219
-0.106778 0.204619 0.979801 23 58 210
-0.0771601 0.163728 0.896761 16 34 216
0.0232848 0.114579 0.694476 34 51 210
0.0477999 0.0292102 0.989817 21 1 218
0.042217 0.136466 0.949871 39 43 211
0.055174 0.112028 0.990007 28 27 216
0.0701122 0.0224955 0.993375 40 3 215
0.069086 -0.0201985 1.01809 34 15 216
-0.674684 -0.0390857 1.26927 93 5 199
0.00353922 0.122728 0.992771 24 35 215
-0.204581 0.0133771 0.978509 46 0 214
-0.0762171 0.217236 0.974533 15 52 212
0.0896292 0.0221224 1.0382 14 4 219
-0.204 0.112963 0.990007 53 26 211
-0.145284 0.0826182 0.983059 38 18 215
-0.148565 0.125365 0.979255 41 37 212
-0.528294 0.115534 0.936489 94 21 197
0.0844451 0.0847496 0.842822 25 22 217
0.0247346 0.025228 1.02268 7 3 219
0.0458475 0.026632 0.991855 19 1 218
-0.128452 0.118604 1.0153 29 27 216
-0.291978 0.152427 1.14525 59 29 209
-0.168101 0.102505 0.976122 44 25 213
-0.081342 0.0271104 0.973813 16 0 219
-0.206023 0.0297512 0.984693 50 3 214
-0.0278681 0.104125 0.995539 5 23 218
-0.183742 0.186262 0.982119 46 48 209
-0.289651 0.147717 1.13751 61 29 208
-0.0688981 0.217947 0.985868 14 54 212
-0.178061 0.0303929 0.951336 38 6 216
0.00731013 0.0234167 0.988314 26 7 217
-0.132665 0.20009 0.978757 32 53 210
-0.1001 0.135676 0.983468 22 41 214
-0.0897605 0.127665 0.992789 19 32 216
-0.131175 0.0487775 1.0043 33 5 217
-0.154068 0.209906 0.9861 38 56 209
0.0226486 0.138944 0.947346 20 39 214
0.00344882 0.109543 0.994902 27 30 216
-0.0849751 0.175512 1.00019 14 50 213
0.00462911 0.135995 0.946431 27 46 212
-0.0244227 0.0267351 0.999117 16 8 219
0.0784058 0.00282035 1.01347 47 12 214
-0.107381 0.127425 0.981602 25 37 215
-0.130036 0.033312 0.987758 32 1 217
-0.12077 0.106836 0.980286 25 21 217
-0.11098 0.124331 0.975042 26 37 215
-0.190059 0.00588079 0.959765 53 7 213
-0.127293 0.125487 0.978364 34 36 213
-0.1672 0.0995119 1.01383 33 19 216
-0.0808464 0.0296538 0.982896 11 8 219
-0.111558 0.0413882 0.985159 27 2 218
-0.00596534 0.12913 0.942007 1 30 217
-0.183524 0.0028466 0.93103 40 1 216
-0.168791 0.0887956 1.01744 42 19 214
-0.0188937 0.136145 0.942432 10 42 215
0.0654594 0.127249 0.902004 59 43 207
0.00366426 0.012535 0.997205 25 10 218
-0.108042 0.0957723 1.05882 24 22 217
-0.137126 0.183798 0.977584 36 64 206
-0.109089 0.123106 0.973424 26 31 215
-0.0187806 0.115515 0.983228 11 32 217
-0.124449 0.124392 0.971688 34 37 213
0.0551063 0.136656 0.945672 58 47 206
-0.0351199 0.138616 0.955422 6 45 214
-0.175098 0.0863033 1.00436 41 19 215
-0.291244 0.201161 1.19712 59 39 208
-0.0293946 0.107602 0.985562 7 29 217
-0.152612 0.177302 0.983551 39 54 209
-0.152218 0.125977 0.980586 42 36 212
-0.102493 0.13307 0.98333 22 42 214
0.0641256 0.109988 1.21552 36 21 215
0.00568095 -0.0356985 1.0259 2 10 219
0.0244762 0.0257911 1.0251 10 2 219
0.0277556 0.147466 0.945425 7 36 216
0.0845316 0.090672 0.925404 28 22 216
0.0225338 0.139499 0.94648 22 41 214
-0.0397857 0.200582 0.975383 6 50 213
-0.0400064 0.200993 0.97709 6 48 214
-0.0125097 0.126061 0.835334 2 35 217
0.0131383 0.0265843 0.995398 18 1 218
0.0348979 0.0234511 0.998126 30 4 217
-0.124428 -0.0643888 0.997658 30 17 217
-0.0257435 0.152848 0.800768 4 48 214
-0.0409596 0.107241 0.98423 0 28 217
-0.0131624 0.116103 0.989725 10 31 217
-0.0933451 0.202748 0.975853 20 54 212
-0.13183 0.123713 0.972483 34 35 214
-0.123125 -0.0781169 0.972664 25 13 218
-0.0708316 0.0267681 0.983761 7 4 219
-0.0714876 0.127429 0.988434 6 40 215
-0.158568 0.0936169 0.974751 43 22 214
-0.0360423 0.107192 0.979692 8 31 217
-0.00796571 0.0796151 0.981598 24 18 217
0.0136573 0.0221893 0.993936 30 8 217
-0.0564908 0.226293 1.00978 11 46 214
-0.159918 0.0828864 0.979742 43 18 214
-0.148644 0.106866 0.996738 39 27 214
-0.16095 0.0171536 0.97525 45 6 215
-0.0157233 0.122893 0.981518 21 40 215
-0.123611 0.0951107 0.987716 34 25 215
-0.131962 0.108306 0.974861 33 30 215
-0.120534 0.107766 0.981188 31 30 215
0.0483482 0.037726 1.02433 44 1 215
0.0489685 0.113821 1.01989 40 29 214
0.00465191 0.0165214 1.00409 19 6 218
-0.029895 0.028961 0.986587 10 4 219
-0.0247588 0.122903 0.982035 17 41 215
0.134815 0.0442016 1.05549 27 8 218
0.132178 -0.0176576 0.982081 29 5 217
0.101732 0.068488 0.903766 27 16 217
0.0631377 0.113979 0.991138 21 26 217
0.134155 -0.0350356 0.953846 32 10 217
0.147393 -0.0598478 0.969906 34 15 216
0.132114 0.00364561 0.927783 32 0 217
0.125452 0.00937296 0.928449 32 0 217
0.0470554 0.0966278 0.608652 18 37 215
0.13891 -0.0543466 0.933004 33 14 216
0.0273433 0.105671 0.589783 15 46 214
0.152525 -0.0214495 1.01222 34 6 217
0.142946 -0.0387493 1.01396 31 10 217
0.130993 -0.0165466 0.986474 28 4 218
0.151545 0.0233441 1.04955 32 4 217
0.127338 -0.0150792 0.913179 31 5 217
-0.20749 0.0575877 1.01586 46 10 214
-0.129914 -0.0641349 0.983597 31 16 217
-0.0751493 0.0282875 0.992468 10 3 219
-0.0451368 0.0604319 1.01278 2 9 219
-0.104672 0.0410616 1.02019 22 3 218
0.0131085 0.0161467 1.00236 23 7 218
-0.0971955 0.182432 0.980803 19 57 211
-0.127482 0.102124 0.98843 33 26 215
0.0330945 0.137197 0.953151 43 46 210
0.0538093 0.0121642 0.994984 47 12 214
0.0548259 0.134817 0.948905 51 44 209
-0.0410073 0.117379 0.98604 7 35 216
0.0562058 0.102044 1.03027 42 24 214
0.0228055 0.137204 0.950649 12 33 216
-0.0798657 0.0238049 0.989203 12 5 219
-0.134298 0.180887 0.969141 32 56 209
0.0629721 0.134151 0.984477 42 38 212
-0.156401 -0.106731 0.984006 32 21 216
-0.169969 0.108428 0.964904 35 22 215
-0.0744351 -0.0936342 0.991687 18 24 217
-0.134003 -0.0819314 0.987005 29 18 217
-0.0834714 -0.0913788 0.983656 18 21 218
-0.0193294 0.114456 0.686012 6 51 213
-0.0256302 0.151796 0.797283 0 53 213
-0.0142101 -0.0819466 1.02348 3 16 219
-0.088762 -0.0882979 0.99443 19 18 218
-0.108437 0.134119 0.991075 24 36 215
-0.0977512 0.216553 0.973798 22 55 211
0.0199504 0.140185 0.94319 27 44 212
-0.0354419 -0.116819 1.01476 8 22 218
0.0772536 -0.01168 1.00398 13 1 219
-0.119258 0.0252398 1.00539 27 4 218
-0.0394822 0.0855675 0.982999 4 20 218
-0.0771203 0.177604 0.983726 10 63 210
-0.05399 -0.0635847 1.00148 12 13 219
-0.122035 0.140106 1.19903 24 30 216
-0.126606 0.052355 1.01687 28 8 217
0.00460977 0.111207 1.00368 27 31 216
-0.00665508 0.0392214 0.989741 19 0 218
0.0783723 -0.016882 1.01028 22 7 218
-0.134817 0.199911 0.980006 33 50 211
-0.0338 0.122427 0.980217 1 33 217
-0.184308 0.00938879 0.98737 48 3 214
-0.30567 0.232509 1.12712 64 47 205
-0.155013 0.208642 0.988037 38 52 210
0.0456584 -0.0587707 0.991942 9 14 219
0.0717115 -0.018277 1.04506 30 13 217
-0.144325 0.184225 0.980457 37 55 209
-0.292348 0.169606 1.12757 64 34 207
-0.0134732 0.0881941 0.988071 5 20 218
-0.133365 0.0825533 0.980619 39 19 215
0.0344666 0.0264542 0.991906 43 7 215
-0.136438 0.118597 0.978657 37 35 213
-0.0116259 0.0587313 1.01718 1 10 219
-0.0443125 -0.0081782 -0.0713704 90 4 200
0.0395722 -0.0369583 1.03201 9 10 219
0.0927982 0.0590034 0.876024 24 14 218
0.046281 -0.0267598 0.990973 13 9 219
0.0768774 -0.0230249 1.011 23 9 218
-0.144414 0.116923 0.970642 36 29 214
-0.124471 0.0306902 0.992164 31 5 217
-0.0966647 0.186555 0.980215 18 68 208
-0.139486 0.0554336 1.01036 39 4 216
-0.122456 0.097032 0.983067 34 26 215
-0.129621 0.100668 0.974396 35 26 215
0.0133979 0.0257829 0.993519 34 9 216
-0.106131 0.221028 0.97843 24 57 210
-0.0359227 0.119926 0.980955 4 30 217
-0.164226 0.00657754 0.967299 33 1 217
0.089532 0.0279654 0.970666 18 5 219
0.0792059 0.00977643 1.00963 25 2 218
-0.20008 0.0128464 0.963735 57 5 212
-0.133556 0.0488302 1.0176 35 1 216
-0.0139022 0.115014 0.982107 19 34 216
0.0557508 0.117892 1.19307 35 24 215
-0.15863 0.0932874 0.975081 44 24 214
-0.144868 -0.00164134 0.984327 36 6 216
0.0904799 0.0280375 0.986884 15 5 219
0.0291371 0.023937 0.99898 45 10 214
-0.0932586 0.187362 0.978134 20 55 211
-0.0419882 0.0824686 0.984786 3 18 219
-0.0427039 0.0853302 1.01836 9 16 219
-0.140839 0.125374 0.978273 41 40 211
-0.0758797 0.184893 0.976606 8 68 208
-0.0965256 0.186953 0.977426 18 69 207
-0.129417 0.109521 0.979908 34 31 214
-0.149443 0.0628519 1.01487 42 8 215
-0.144 0.125845 0.980483 43 40 211
-0.198292 0.202621 1.22051 39 44 211
-0.191574 0.0338728 0.977615 52 2 213
-0.143086 0.117153 0.980715 39 33 213
-0.0247023 0.112808 0.981784 14 34 216
-0.124631 0.100418 0.976039 33 27 215
-0.00930289 0.105706 0.989785 26 31 216
-0.121657 0.0333653 0.986162 30 1 217
-0.432192 0.0782617 0.944424 79 14 204
0.0391568 -0.0370434 1.03371 6 6 219
0.104115 -0.0597105 0.987602 22 14 218
0.143739 -0.0857437 1.02188 28 18 217
0.103608 -0.0593476 0.981965 22 14 218
0.140673 -0.0838619 1.00501 31 20 216
0.11827 -0.0744309 0.959525 26 18 217
0.139804 -0.0834914 0.999063 31 20 216
0.0348145 0.0234515 0.997397 41 8 215
0.065695 0.110766 1.22365 38 21 215
-0.00678136 0.0389991 0.985789 24 2 218
-0.0400955 0.0305482 1.01231 0 0 219
-0.230411 0.0978576 0.932745 45 19 214
-0.0744 0.127245 1.00761 8 43 215
-0.0724947 0.180927 1.00532 15 37 216
-0.00832503 0.0877061 0.984311 29 22 216
-0.0109888 0.116231 0.984055 27 38 214
-0.0418865 0.10223 0.982897 0 26 218
-0.01467 0.122526 0.981811 18 37 215
-0.0619365 0.217716 0.978607 13 52 213
-0.111049 0.0415413 0.980005 26 4 218
-0.0816993 0.0283759 0.996222 16 1 219
-0.0556869 0.122151 0.961207 0 36 216
-0.160479 0.128512 0.983105 41 32 213
0.0312552 0.0245215 0.984181 44 9 215
0.0206138 0.140668 0.946204 31 45 212
-0.163282 0.0294285 0.985823 46 4 215
-0.131574 0.0178975 0.986876 30 0 217
-0.12749 -0.0638804 0.993691 31 16 217
0.139891 -0.0176471 0.981041 33 6 217
-0.00460477 0.112864 0.607073 2 51 213
0.0436757 -0.0565487 0.99058 10 15 219
0.0280269 0.0218947 0.999272 16 0 218
0.033719 0.0275518 0.998331 26 1 217
-0.154122 -0.0639166 0.992021 37 16 216
-0.157091 -0.103683 0.985875 32 20 216
-0.120809 0.143374 0.675071 41 45 210
-0.0121994 0.104486 0.505434 8 51 213
-0.121977 0.146298 0.675118 47 54 207
-0.137146 0.0993576 0.677113 54 35 210
0.0280415 0.106907 0.593331 18 47 213
-0.129783 0.0842302 0.9793 37 20 215
-0.140316 0.0828338 0.968945 41 19 214
0.105918 -0.056614 0.979536 23 13 218
0.0551615 0.0952692 0.516866 26 44 213
0.0723921 0.00618128 0.631836 27 0 218
-0.134531 0.103232 0.748871 46 31 212
-0.35629 -0.0209669 1.28468 64 5 210
-0.354381 0.0709052 1.27717 64 11 209
-0.33002 -0.0174912 1.20786 57 4 212
-0.198705 -0.00937975 0.981044 50 5 214
-0.137324 0.0994443 0.677856 55 35 209
-0.194878 0.015987 0.976433 48 0 214
-0.132144 -0.063668 0.987318 31 16 216
0.0101488 0.0145437 1.00328 26 9 218
-0.375098 -0.00649688 0.692026 87 0 201
-0.128362 0.12494 0.979306 34 37 213
-0.143053 0.113566 0.979662 39 31 213
-0.0993599 0.174225 0.981077 21 46 213
-0.149295 0.117936 0.986452 33 24 216
-0.141951 0.115442 0.959844 35 26 215
-0.10654 0.220976 0.97908 23 53 211
-0.161648 0.105167 0.989472 39 24 214
-0.199179 0.185835 0.979528 49 45 209
-0.111428 0.123947 0.976945 25 30 216
-0.097625 0.176655 0.980714 21 47 213
0.0680725 0.0256617 0.989278 51 6 213
-0.0255656 -0.088377 0.995901 6 19 219
-0.130153 0.12396 0.975333 36 37 213
-0.026233 0.137387 0.948488 12 47 213
-0.0263131 0.0250562 1.00058 15 8 219
-0.0274336 -0.126302 1.01168 6 25 218
-0.126259 -0.0812125 1.03563 24 14 218
0.0329407 0.136172 0.949095 36 43 211
-0.142289 0.18385 0.977426 35 53 210
-0.160393 0.0119844 0.950815 44 5 215
-0.127194 0.235396 1.17655 22 52 212
-0.28356 0.116711 1.14716 62 22 209
-0.176031 0.0321213 0.979004 45 3 215
-0.12052 0.121702 0.990177 27 32 215
-0.0923927 0.0226378 0.98752 17 5 219
-0.391779 -0.0350148 0.895008 76 6 206
-0.0374078 0.0963195 0.981478 1 23 218
-0.197111 0.0330484 0.973027 56 0 212
-0.097301 0.175658 0.97666 21 52 212
-0.0652227 0.126808 0.98687 6 38 216
-0.146793 0.0224081 0.96695 40 4 216
-0.105005 0.0406911 1.02426 21 1 218
-0.0750876 0.0283254 0.989714 9 4 219
-0.0441925 0.102296 0.986007 0 26 218
-0.00752194 0.0391263 0.982557 29 5 217
-0.0495805 0.0396413 0.989805 3 1 219
-0.154457 0.0402831 0.973312 42 2 215
0.0232064 0.11425 0.693151 30 49 211
-0.026098 0.137113 0.948202 11 45 214
-0.139896 0.182972 0.976115 35 52 210
-0.125168 0.123557 0.973288 32 36 214
-0.0277164 0.11988 0.981806 5 32 217
-0.127639 0.0256041 0.987353 32 1 217
-0.0394805 0.08552 0.987111 1 20 218
-0.0449733 0.0598117 1.0219 6 11 219
-0.0655284 0.0284822 0.984787 9 0 219
0.0566566 0.112525 1.00598 18 26 217
-0.00906351 0.0878964 0.980487 11 20 218
-0.160799 0.0167499 0.975498 36 0 216
-0.0655897 0.0263629 0.98443 8 2 219
-0.151315 0.203512 0.97845 38 53 209
0.0519714 0.0336502 0.96458 12 5 219
-0.17389 0.190642 0.98402 44 49 209
-0.015085 0.0274216 1.00139 10 2 219
-0.026583 0.0840785 0.976024 0 19 218
-0.0285599 0.0462924 1.01579 8 3 219
-0.17434 0.17816 0.977076 39 38 212
-0.081489 0.192847 0.978169 18 45 214
-0.125708 0.107646 0.697411 52 44 208
0.0684192 -0.015125 1.01545 27 11 217
0.0774351 0.00945819 1.00751 33 5 216
0.00340252 0.012466 0.995502 18 8 218
-0.0206931 0.0811809 0.984558 11 18 218
-0.175824 0.184359 0.975952 46 48 209
-0.0743046 0.0261515 0.989489 13 0 219
-0.203851 -0.00897515 0.977232 46 4 214
-0.12192 0.176544 0.977203 29 54 210
-0.13245 0.00540532 0.995621 32 6 217
-0.301112 0.164702 1.23374 58 30 209
-0.145303 -0.00948844 0.975182 37 10 216
-0.0293946 0.107358 0.98332 2 27 218
-0.133186 0.0101112 0.972463 33 4 217
-0.14681 0.0287786 1.01638 36 1 216
0.0268859 0.0262413 0.993394 32 5 217
-0.10239 0.133393 0.983844 23 38 215
-0.0397639 0.0310137 1.01473 1 1 219
-0.161067 0.0345932 0.97999 43 1 215
-0.024661 0.0290989 1.00114 12 4 219
0.0134258 0.0226458 0.992098 35 10 216
-0.140281 0.104211 0.982298 38 29 214
-0.163625 0.0250986 0.990583 44 4 215
-0.082626 -0.0796841 0.98633 18 18 218
-0.503568 0.0409231 0.934136 91 7 200
-0.32165 0.0386337 0.841938 67 8 209
-0.290975 0.199236 0.81283 62 43 206
-0.193635 0.00175684 0.981483 40 0 216
-0.209826 0.0899451 1.04087 41 17 215
-0.203327 0.0876767 1.00969 40 17 215
-0.201951 0.0338312 0.954184 42 7 215
-0.382661 0.0703258 0.817245 79 14 204
-0.123211 0.105677 0.687469 52 42 209
-0.153883 0.206551 0.98289 39 55 209
-0.0477586 0.11939 0.981699 3 31 217
-0.0448424 0.0612067 1.01901 8 11 219
-0.118812 0.123826 1.15434 24 27 216
-0.134104 0.202868 0.988806 31 50 211
0.0116774 0.0175871 0.996012 25 7 218
-0.0557606 0.122297 0.992027 0 37 216
-0.133008 0.0154565 0.988217 33 6 217
-0.162997 0.0323826 0.978484 44 0 215
-0.0269124 0.123208 0.984549 13 38 215
-0.107071 0.132832 0.986269 24 43 214
-0.0428599 0.0910155 0.983888 6 23 218
-0.0417679 0.0822065 0.983859 5 19 219
-0.0489535 0.0477449 0.997939 3 2 219
-0.0213658 0.122765 0.9811 17 38 215
-0.024302 0.0266699 1.0017 15 8 219
0.055776 0.119453 1.20334 38 25 215
-0.122394 0.0908682 0.974343 37 24 215
-0.00821304 0.0821561 0.984267 27 19 217
0.0274702 0.0222508 0.998857 41 10 215
-0.0255529 0.121234 0.987057 4 31 217
-0.502168 0.0965625 0.981418 87 16 200
-0.126091 0.0834827 0.98237 33 19 216
-0.0308177 0.0264057 1.00524 11 7 219
-0.00468709 0.0931257 1.02619 27 23 216
-0.337369 -0.0186871 1.22688 63 5 210
-0.173583 -0.0429147 1.01647 38 11 216
-0.135862 -0.0618057 0.97032 34 17 216
0.131535 0.00312476 0.92086 35 2 217
0.10794 -0.0190741 0.993934 26 6 218
0.0782456 -0.0100489 1.02632 17 4 219
0.0951528 0.0636021 0.85262 28 15 217
-0.171208 -0.0443953 1.0018 37 10 216
-0.142525 -0.0025232 1.00822 31 4 217
-0.273616 0.182878 1.06827 63 40 206
-0.0349917 0.121355 0.984433 9 37 216
-0.09669 0.186952 0.97729 17 64 209
-0.0204969 0.029855 1.01362 17 6 219
-0.0742572 0.184989 0.98086 8 64 210
0.00297086 0.103793 0.993111 26 28 216
-0.0262784 0.121404 0.779775 20 57 211
-0.037082 0.0830698 0.99648 5 19 218
-0.0553382 0.125304 1.00913 0 38 216
0.0727436 0.0197975 0.993031 36 2 216
0.0256201 0.145357 0.941681 6 36 216
-0.0419635 0.0824031 0.983459 4 18 219
-0.152481 0.221595 0.976474 38 58 208
-0.0344376 0.119482 0.979041 2 29 217
-0.0410138 0.027888 1.01266 0 0 219
0.0950359 0.123038 1.22002 30 23 216
-0.0452863 0.0604476 1.01625 5 11 219
-0.0730023 0.184012 0.97841 14 51 213
-0.152491 0.221575 0.976319 38 58 208
-0.0923482 0.217535 0.975478 21 58 210
-0.15147 0.109512 0.978897 46 31 212
-0.0473514 0.122883 0.979274 7 42 215
-0.407823 0.00275656 0.826075 83 1 203
-0.507626 -0.055108 1.00874 87 8 201
-0.0521365 -0.0670548 1.00986 11 14 219
-0.094609 0.184919 0.979582 17 67 208
-0.056928 0.134173 0.982818 1 47 214
-0.133494 0.183731 0.97959 33 51 211
-0.0723272 0.177136 0.977158 10 54 212
-0.203362 -0.0290137 1.01707 44 7 215
-0.125446 0.0259542 0.981502 30 4 217
-0.0880874 0.12657 1.012 14 34 216
-0.135005 0.0495978 1.02417 37 1 216
-0.125278 0.0833222 0.982558 36 19 215
-0.0350253 -0.0884733 1.00912 8 17 219
-0.526962 0.0402367 0.935308 94 7 198
-0.185184 0.0325927 0.95429 53 0 213
-0.0381375 0.218618 0.973127 1 66 209
-0.137199 0.104791 0.758861 53 40 209
-0.126986 0.118189 0.692116 36 32 214
-0.12518 -0.0928039 0.981607 26 17 217
-0.129963 0.129288 0.94698 26 25 216
-0.153158 -0.124559 1.01696 31 24 216
0.0292739 0.108071 0.599733 27 52 211
-0.0152855 0.124373 0.78462 7 45 214
-0.206542 0.129807 0.980467 55 32 210
-0.125888 0.103136 0.98138 32 27 215
0.00164115 -0.0560254 0.996412 2 15 219
0.110205 -0.0171702 0.980739 26 6 218
0.111512 0.101577 0.953009 30 24 216
-0.0146855 0.124692 0.786803 2 43 215
0.0465582 -0.0264213 0.990897 19 14 218
0.0849577 0.0865037 0.848007 26 23 216
0.0857854 0.0931571 0.844863 25 25 217
-0.185863 0.24043 0.965848 47 57 206
0.121092 -0.0173818 0.983272 29 6 217
-0.204789 0.0259498 0.979598 52 2 213
-0.296703 0.210755 1.12913 62 42 206
0.0862221 0.0185504 0.987925 25 0 218
0.0762413 -0.00615955 1.01076 26 6 217
0.0766321 -0.026707 1.01322 19 8 218
-0.126837 -0.0279325 0.996997 29 8 217
-0.066235 0.0224565 0.98708 3 8 219
-0.149283 0.0626205 1.00934 39 9 216
-0.0844153 0.0270933 0.966966 13 7 219
-0.024293 0.0316018 0.979196 15 4 219
-0.0293027 0.0240103 1.03099 13 8 219
-0.091462 0.0288801 0.978074 15 5 219
-0.13056 0.0333555 0.991052 36 5 216
-0.0965783 0.173594 0.970372 19 64 209
-0.0888205 0.0225304 0.98258 13 7 219
0.0178074 0.0221175 0.993674 33 8 216
-0.0230257 0.125879 0.998237 18 41 215
-0.479907 0.0964451 0.918221 88 18 200
-0.0163244 0.117491 0.687697 1 44 215
-0.0515982 -0.0658571 0.997089 11 15 219
-0.28552 0.122434 1.12693 62 23 209
-0.132648 -0.0543324 1.05412 30 14 217
-0.0864679 0.193204 0.973571 17 53 212
-0.0882173 -0.0870899 0.975127 22 24 217
-0.0829828 -0.0798254 0.990888 18 16 218
-0.0187206 0.137114 0.947064 6 39 216
0.108258 0.0712753 0.945132 30 16 217
0.0795465 0.0191657 0.984461 20 2 219
-0.0882933 0.17726 0.978919 17 53 212
-0.195848 0.0873115 0.985463 52 19 212
-0.0742567 0.0235065 0.984317 13 0 219
-0.0754208 0.193115 0.980417 15 49 213
-0.00973116 0.115443 0.653588 2 46 214
0.109511 0.0262575 0.95995 29 3 217
0.102839 0.0294454 0.913073 28 4 218
0.104583 0.0151275 0.983244 28 0 218
-0.099197 0.175117 0.982426 21 59 210
-0.0110529 0.122578 0.981461 18 37 215
-0.124984 0.107089 0.98654 29 24 216
-0.0249342 0.112249 0.978474 11 32 217
-0.147626 0.181084 0.984599 37 53 210
-0.0391318 0.0970129 0.987305 7 25 218
-0.191186 0.00422162 0.9827 52 9 213
-0.168386 0.0174934 0.975181 46 5 215
-0.0778749 0.175152 0.978395 11 56 212
-0.198593 -0.0219603 1.23986 39 11 216
-0.20833 0.0358723 0.981026 59 1 211
-0.197795 0.0314696 0.977736 49 3 214
-0.0775634 0.178162 1.01591 9 54 212
-0.202886 0.0137816 0.982991 57 6 212
-0.0167135 0.109811 0.607949 2 55 212
-0.126399 0.00796208 1.01107 28 8 217
-0.203859 0.0157922 0.987322 57 5 212
-0.0402919 0.101927 0.98406 2 27 218
-0.190323 -0.000497859 0.979186 53 10 213
-0.103011 0.130759 1.01731 20 39 215
-0.0800133 0.0227991 0.992605 12 5 219
-0.136382 0.0060854 0.994832 33 6 217
-0.134091 0.00722113 0.995813 32 6 217
-0.142848 0.034077 0.991516 33 4 217
-0.305032 0.227542 1.13754 61 44 206
-0.0267708 0.024027 1.05154 3 2 219
-0.0423815 0.20603 1.02322 7 46 214
-0.0678224 0.20752 0.981157 14 48 213
-0.0979773 0.191465 0.977691 20 56 211
-0.0218858 0.0306487 1.0022 10 2 219
-0.383899 0.181689 0.864354 76 36 203
-0.0607374 -0.0551226 1.02275 13 17 218
-0.0737352 0.205125 1.00726 16 47 214
-0.0376395 0.0256422 0.97272 8 4 219
-0.0254627 0.0221754 1.0105 11 6 219
-0.0270176 0.0226589 1.00523 5 3 219
-0.477656 0.1036 0.964411 85 18 201
-0.120746 0.176599 0.989873 32 68 206
-0.106319 -0.0770188 0.98795 23 16 218
-0.16067 0.101791 0.911197 33 21 216
-0.100689 0.178909 0.991921 20 35 216
-0.0721852 0.196534 0.976931 11 58 211
-0.130627 0.124876 0.979026 38 41 212
-0.0796383 0.0231137 0.993944 15 0 219
-0.0232142 0.0290948 0.997127 4 4 219
-0.163187 0.105685 0.995778 35 23 215
-0.0459091 0.113099 0.979683 4 34 217
-0.1137 0.0961003 0.698782 48 41 210
-0.0778101 0.175611 0.980059 9 61 210
0.0791797 -0.0167112 1.01092 37 14 215
-0.0119182 0.108744 0.982506 20 31 216
-0.132958 0.201615 0.983531 32 61 208
-0.0812432 0.185628 0.983596 13 56 211
-0.0877742 0.127236 0.986076 16 38 215
-0.0472232 0.113251 0.978881 7 28 217
-0.0435739 0.0966077 0.98291 2 25 218
-0.180259 0.188567 0.97758 48 53 207
-0.125625 0.102205 0.751666 49 43 209
-0.148021 0.180604 0.985082 37 49 210
-0.153824 0.17913 0.99003 38 46 211
0.0859626 0.0289096 0.973956 25 3 218
-0.00690747 0.0391543 0.985683 14 1 219
-0.0250572 0.147935 0.807652 2 49 214
-0.0660214 0.0228307 0.986643 11 0 219
-0.0416002 0.0954163 0.97347 1 23 218
-0.151572 0.205101 0.983182 38 55 209
-0.0448501 0.060352 1.01373 9 12 219
0.0738919 0.0251525 0.991037 39 1 215
-0.040517 0.1113 0.98379 0 29 217
-0.0452057 0.061039 1.01292 6 7 219
-0.155962 0.00106972 0.925469 31 0 217
-0.126003 0.0191562 0.984449 29 2 217
-0.5159 0.0500185 0.953779 91 9 199
-0.117729 0.0213965 0.996498 28 2 218
0.00321019 0.113391 0.999685 8 27 217
-0.152229 0.221091 0.976344 38 57 208
-0.103949 -0.0546836 0.968541 24 15 218
-0.0164081 0.117651 0.688496 0 46 214
-0.102725 -0.057736 0.984875 25 17 217
0.0287341 0.0225099 0.993306 14 0 219
-0.0415546 0.0267486 1.02355 7 3 219
-0.163402 0.0955451 0.655962 68 35 205
-0.164832 0.0962453 0.661354 67 34 206
-0.0350341 0.0259299 1.01902 0 0 219
-0.0207709 0.0809769 0.983443 8 18 218
-0.0173308 0.0307796 0.999569 5 1 219
-0.0419944 0.0815564 0.977381 9 19 218
-0.202923 0.00456017 0.972545 59 11 211
-0.185032 0.10696 0.968458 51 25 212
-0.115788 0.0614734 1.01303 27 9 218
-0.110756 0.0414358 0.977035 27 1 218
-0.129072 0.0485791 0.991775 33 5 217
-0.120173 0.0256285 1.00455 29 3 217
-0.126371 0.110816 0.992887 31 29 215
-0.0890546 0.0224442 0.986426 16 3 219
-0.0481394 0.220858 0.982835 7 53 213
-0.0415622 0.0283496 1.01237 2 3 219
-0.0250031 0.152073 0.794852 6 59 211
-0.160459 0.00320838 0.957858 38 2 216
-0.0946323 0.0833368 0.770216 29 26 216
0.0770153 -0.00307025 1.00232 18 2 218
-0.0739643 0.198547 0.97737 11 60 211
-0.0406806 0.0277775 1.00978 2 3 219
-0.0313313 0.0999429 0.969069 5 27 217
-0.0490255 -0.12789 1.01957 10 24 218
-0.576711 0.224968 1.30745 79 31 202
-0.183187 0.0245653 0.983235 47 0 214
-0.017093 0.0308609 1.00121 16 4 219
-0.0724278 0.178687 0.977322 7 61 210
-0.0247175 0.094249 0.98692 2 22 218
-0.137128 0.110465 0.979123 37 30 214
-0.157539 0.126807 0.970535 42 36 212
-0.160875 0.0956627 0.984412 42 23 214
-0.148714 0.116951 0.978169 39 32 213
-0.159114 0.127879 0.977468 42 34 212
-0.124165 0.113227 0.98341 32 32 215
-0.133057 0.113033 0.984524 35 31 214
-0.124742 0.109489 0.982332 33 32 214
-0.133509 0.105378 0.982357 37 28 214
-0.0989003 0.0102687 1.06245 19 1 219
-0.389978 -0.0110547 0.85828 78 1 205
0.0182791 0.135702 0.948215 43 50 209
0.0581552 0.111155 1.19308 42 22 214
0.0262574 0.026487 0.992607 43 9 215
0.03255 0.0207421 0.995402 46 12 214
0.0271036 0.0268988 0.991903 42 8 215
-0.0097225 0.0599534 1.03079 24 6 218
0.0195851 0.0211693 0.991927 36 9 216
0.0558869 0.133946 0.952312 42 40 211
0.0559574 0.133755 0.951492 39 39 212
-0.0249612 0.0317144 1.015 5 0 219
0.0281846 0.0213021 0.99855 34 7 216
0.0642668 0.106164 0.984904 50 28 211
0.0555153 0.140883 0.94336 47 45 209
0.0724241 0.0198054 0.991536 41 4 215
-0.0654434 0.0265882 0.98703 5 4 219
-0.0715512 0.126794 0.985522 8 38 216
-0.0416704 0.111458 0.982317 2 30 217
-0.0332749 -0.116653 0.993962 7 23 218
0.0922629 0.0983123 0.942021 42 24 214
0.0846473 0.0906371 0.924158 43 23 214
0.0731807 -0.00449913 1.007 36 11 216
-0.170519 0.0320037 0.972887 46 1 214
-0.167769 0.0316565 0.98219 43 1 215
-0.121298 0.0969706 0.98009 30 25 216
-0.150403 0.118876 0.99267 38 30 214
-0.0564034 0.0326555 0.986366 1 3 219
-0.20377 0.0337293 0.980369 53 4 213
-0.0808278 0.0295122 0.983431 11 7 219
-0.0894783 0.0250085 0.982029 15 6 219
-0.143985 0.0897377 0.978014 42 22 214
-0.0808792 0.1825 0.973729 10 64 210
-0.0272318 0.0223926 1.00945 2 1 219
-0.176167 -0.000836187 0.967837 36 0 216
-0.056826 0.0399288 1.01076 0 2 219
-0.0733264 0.187684 0.976004 7 69 208
-0.106929 0.12722 0.980528 25 42 214
-0.00678704 0.0929748 0.988415 24 23 217
0.000194762 0.0309586 0.983089 30 6 217
-0.0357926 0.136542 0.946814 13 53 212
0.00120855 0.0310965 0.991069 32 7 217
0.0621935 0.114289 1.18214 41 23 214
0.0636418 0.135236 0.951038 52 43 208
-0.123903 0.108619 0.976811 32 29 215
-0.0946264 0.014561 0.996601 18 1 219
-0.0811521 0.0288463 0.989625 16 2 219
-0.0889559 0.0288306 0.986981 18 0 219
-0.0918792 0.0232309 0.977154 19 1 219
0.0139562 0.0162756 1.00657 24 7 218
0.0731365 0.022528 0.991928 44 4 214
-0.130528 0.0328358 0.990261 30 3 217
0.0857847 0.020548 1.00177 14 4 219
0.0540145 0.0304658 0.992964 45 3 214
0.0561674 0.133305 0.9495 51 42 209
0.0526515 0.0122072 0.989369 42 10 215
-0.139031 0.10609 0.765864 53 40 209
-0.182924 0.195651 0.977943 49 58 205
-0.0710377 0.202106 0.976403 10 61 210
-0.0790685 0.195646 0.966369 11 63 210
0.0164965 0.0251804 0.993663 32 7 217
0.00050513 -0.00701424 -0.11771 27 1 217
0.0897312 0.021653 1.03291 42 2 215
-0.0203207 0.024234 0.987472 5 4 219
0.069977 -0.0145345 1.01723 47 18 213
0.0673705 -0.0177576 1.01142 47 20 213
0.00482084 0.0165299 1.00271 24 9 218
0.0682222 -0.0181448 1.01568 47 20 213
0.0535195 0.0996579 1.01482 41 24 214
0.0235916 0.149476 0.937379 33 49 210
0.0451749 0.134691 0.998747 39 39 212
0.0614087 0.152284 1.17819 35 35 214
0.108438 0.104089 1.18686 50 19 213
0.0492804 0.14883 0.955481 43 46 210
0.0516371 0.129216 1.21541 31 27 215
-0.125888 0.103423 0.981035 32 26 215
-0.029308 0.107411 0.983259 13 31 217
-0.121908 0.0146582 1.00154 27 11 217
-0.161421 0.110029 0.979441 45 31 212
-0.127401 0.0258145 0.985213 32 7 217
-0.14291 0.116879 0.979766 43 36 212
-0.145341 0.0822433 0.983004 42 18 214
-0.0136817 0.122602 0.979923 16 37 215
-0.0411931 0.116967 0.982046 5 28 217
-0.0712319 0.127434 0.988018 7 45 215
-0.0997794 0.13498 0.980761 22 48 213
0.0176054 0.230473 1.35317 1 33 217
-0.104227 0.0923952 1.02321 21 22 217
-0.128249 0.107997 0.972177 33 29 215
-0.197431 0.190117 1.21143 40 41 212
-0.0301021 0.112317 0.985583 6 30 217
-0.0285664 0.0316094 0.99905 7 2 219
-0.188362 -0.00931821 0.972288 52 13 213
-0.146832 0.127267 0.992807 37 33 214
-0.0911909 0.179833 0.990341 20 37 215
-0.0454659 0.0608265 1.00073 7 6 219
-0.123768 0.106376 0.977358 27 22 217
-0.490303 0.102989 0.966478 86 18 201
-0.263911 0.183379 1.23025 41 28 214
-0.136514 0.18465 0.981475 34 60 208
-0.13521 0.0969258 0.978195 38 26 214
-0.12808 0.0181017 0.996706 30 8 217
-0.143397 0.109606 0.980968 41 32 213
-0.136461 0.113904 0.977264 37 34 214
-0.128509 0.113178 0.977648 35 34 214
-0.140227 0.0828585 0.968841 42 19 214
-0.130321 0.100911 0.978764 35 28 215
-0.136144 0.100712 0.985122 38 28 214
-0.143729 0.101057 0.980034 39 26 214
-0.134541 0.0490691 1.02645 32 3 217
-0.14943 0.112848 0.97445 41 32 213
-0.135079 0.0165825 1.00724 32 8 217
-0.124218 0.0297443 0.9906 29 3 218
-0.145037 0.0966537 0.978409 41 25 214
-0.162084 0.0419797 0.988323 44 1 215
-0.12855 0.113212 0.977566 36 34 214
-0.152988 0.0816478 0.98062 43 18 214
-0.109106 0.0388972 0.983777 25 0 218
-0.129923 0.0844486 0.980971 36 20 216
-0.133843 0.0916191 0.981068 36 23 215
-0.148695 0.116134 0.978048 44 35 212
-0.126199 0.0952692 0.967121 34 25 215
0.0330179 0.0242825 0.994815 41 8 215
0.0153703 0.025848 0.994427 29 5 217
0.0777053 0.00690069 1.01024 56 14 212
0.017864 0.120448 0.779959 41 51 209
0.048164 0.029446 0.990869 23 1 217
0.0558951 0.118023 1.19714 37 24 215
-0.0109545 0.0483528 1.017 20 2 219
-0.0259293 0.119597 0.979939 10 35 216
-0.0105282 0.0592197 1.02322 22 6 218
-0.0370727 0.0268893 1.02013 9 8 219
-0.0390283 0.0823165 0.98262 7 18 218
-0.0444741 0.104816 0.988744 1 27 218
-0.0325944 0.0860853 0.984919 11 20 218
-0.0422979 0.11537 0.980031 8 36 216
-0.00994085 0.0597441 1.02732 22 7 218
-0.0381172 0.0921062 0.99407 10 23 218
-0.0439618 0.099237 0.981739 7 28 218
-0.0762136 0.219507 0.981576 12 64 209
-0.0483495 0.202527 0.979417 0 63 210
-0.0340027 0.123045 0.981136 10 38 216
-0.0841866 0.176519 0.979913 13 60 211
0.0518622 0.120729 0.52331 19 47 213
-0.0369533 -0.077088 0.98673 8 16 219
-0.0125279 0.027627 1.00262 16 5 219
-0.0613077 0.12678 1.0164 1 41 216
-0.0546279 0.13164 0.982808 1 46 214
-0.00239688 0.125158 0.982276 32 43 213
-0.180159 -0.0385596 1.03289 37 9 216
-0.467496 0.131572 0.945724 84 24 201
-0.400514 0.008875 0.808965 83 2 203
-0.0604387 -0.0779247 0.983633 13 16 218
-0.115796 0.0614625 1.00275 26 9 218
-0.0899405 0.130857 1.02205 15 38 215
-0.0406072 0.237791 1.21206 6 63 210
0.00115928 0.135513 0.943502 32 48 212
0.0563754 0.134176 0.953036 58 45 206
0.0865672 0.117383 1.25543 45 22 214
0.0309692 0.140324 0.951397 51 52 207
0.0624199 0.131323 0.97128 59 42 207
0.0217314 0.139721 0.944221 43 51 209
0.129536 0.121927 1.17605 64 26 208
0.013254 0.0193591 0.996085 37 13 216
-0.0801086 0.0196233 0.965276 17 3 219
-0.208306 0.0340071 0.984946 42 6 215
-0.205138 0.0172498 0.975368 42 3 215
-0.0262447 -0.124958 1.01245 6 25 218
-0.0426177 0.02657 1.01986 3 0 219
-0.114905 0.11079 0.977367 27 26 216
-0.152284 0.0904123 0.980515 43 22 214
-0.152055 0.11391 0.981929 45 32 212
-0.151989 0.109529 0.980433 46 30 212
-0.142048 0.0877074 0.985021 42 21 214
-0.120826 0.113215 0.979168 33 33 214
-0.0824537 0.0211456 0.98979 11 8 219
-0.0324831 0.11116 0.979948 11 33 217
-0.0245026 0.0267311 0.9993 15 7 219
-0.0687611 0.124481 1.00814 5 39 216
-0.0696616 0.130949 1.04803 4 36 216
-0.129318 0.0843807 0.977987 32 18 216
-0.0329911 0.121609 0.980083 1 29 217
0.067122 0.0227795 0.99144 51 7 213
-0.0393019 0.12936 0.926241 11 49 214
-0.00553103 0.036597 0.978027 29 5 217
-0.0910736 0.0270433 0.983367 15 5 219
-0.0202144 0.0277092 1.00492 17 7 219
-0.089714 0.026877 0.987392 14 5 219
-0.145693 0.091194 0.979236 43 23 214
-0.0715744 0.187205 0.974059 6 67 209
0.0162288 0.022679 0.985967 43 14 215
0.0214591 0.139619 0.943856 48 55 207
0.0168326 0.0253235 1.00411 39 11 216
0.0186403 0.0252029 0.990869 43 12 215
0.0133938 0.0226259 0.991443 38 12 216
0.0324638 0.0197537 1.00104 50 15 213
0.0300749 0.0205878 1.00597 48 14 214
0.0289623 0.0208985 1.00068 48 14 214
0.0275966 0.0225834 0.999396 45 12 214
-0.0161207 0.0944093 0.981235 24 26 216
-0.0120117 0.116142 0.97887 28 39 214
-0.0688841 0.0268442 0.985405 4 9 219
-0.12726 0.0839783 0.986826 39 20 215
-0.125441 0.100707 0.977504 39 30 214
-0.0711649 0.126782 0.984205 6 43 215
-0.0448649 0.112387 0.976165 8 37 216
-0.102971 0.130624 1.01637 23 43 214
-0.110983 0.0414167 0.980463 26 0 218
-0.0714596 0.126419 1.01359 6 42 215
-0.12093 0.102786 0.983185 36 31 214
-0.113102 0.123935 0.97534 30 42 213
-0.0325138 0.086436 0.987202 12 21 218
-0.0283898 0.113369 0.990213 18 37 216
-0.0318268 0.0288731 1.01417 14 9 219
-0.0353485 0.111448 0.982186 13 35 216
-0.0160595 0.123635 0.985521 24 42 214
-0.0238715 0.124578 0.989151 20 43 214
-0.127462 0.126205 0.980138 40 45 211
-0.112488 0.119457 0.978674 28 39 214
-0.128647 0.0973471 0.98173 39 28 214
-0.0744581 0.126818 1.00467 7 41 215
-0.0282358 0.0312744 1.0044 16 8 219
-0.110754 0.125306 0.98089 25 39 214
-0.0380319 0.0992748 0.981847 11 28 217
-0.0448309 0.122267 0.977123 7 41 215
-0.0202041 0.0814845 0.98639 20 18 218
-0.0142817 0.123866 0.988045 23 40 214
-0.0684824 0.123628 1.00252 5 39 216
-0.036862 0.212432 1.16891 8 61 210
-0.0333797 0.105803 0.976718 15 34 216
-0.0251089 0.0313997 0.994604 18 8 219
-0.0409857 0.10764 0.985321 10 34 216
-0.52038 0.0388635 0.928485 94 7 198
-0.139679 -0.0024043 0.986893 27 0 218
-0.155147 0.0894085 0.892351 32 19 216
-0.0318508 0.0978329 0.990329 14 27 217
-0.0550529 0.126977 1.01892 2 39 216
-0.0204779 0.0895356 0.982646 21 23 217
-0.122994 0.0945772 0.981445 33 25 215
-0.140275 0.116008 0.979225 43 37 212
-0.00674549 -0.00195952 -0.143665 71 19 204
-0.553108 -0.0430172 1.02059 92 6 199
-0.0167989 0.0299986 1.00702 19 6 218
0.00365244 0.0284113 0.99197 31 7 217
-0.128153 0.117432 0.978631 33 33 214
-0.0291302 0.111744 0.982427 9 32 217
-0.0688054 0.026565 0.988579 6 4 219
-0.0456162 0.111557 0.983483 4 33 217
-0.131692 0.0900689 0.978014 39 23 215
-0.147778 0.0623143 1.00514 38 9 216
-0.132749 0.0821578 0.976769 38 19 215
-0.126104 0.125393 0.977235 37 42 212
-0.0288738 0.0285934 1.00056 14 6 219
-0.130035 0.124627 0.975303 36 41 212
-0.137316 0.0840415 0.982475 40 19 215
0.0603113 0.117129 1.20061 36 23 215
-0.142286 0.125227 0.97882 41 38 212
-0.0302854 0.0946855 0.969787 14 26 217
-0.121335 0.122054 0.977834 33 39 213
-0.091219 0.0269405 0.987585 19 2 219
-0.0254372 0.00920345 0.372993 17 4 219
-0.0438882 0.0994251 0.98274 8 29 217
-0.145814 0.0970459 0.982048 45 26 213
-0.0320937 0.0984318 0.976464 16 28 217
-0.0261468 0.0812093 0.973818 19 19 218
-0.124916 0.0891132 0.985149 36 22 215
-0.0415855 0.123875 0.982852 9 40 215
-0.0447167 0.103912 0.981863 5 29 217
-0.0333933 0.0819852 0.982233 12 19 218
-0.0285881 0.026015 1.00111 14 8 219
-0.016472 0.0894502 0.987981 24 23 217
0.084907 0.187278 1.35108 11 27 218
-0.144424 -0.0912672 0.982877 31 19 216
-0.00821809 0.0797788 0.979951 24 17 217
-0.0215401 0.0809347 1.00096 19 17 218
-0.1238 0.186503 1.03823 28 62 208
-0.123338 0.185415 1.03396 29 65 207
-0.0547717 0.12709 0.987891 2 43 215
0.0300483 0.0272939 0.992502 47 9 214
-0.00924203 0.0895941 0.992422 28 23 216
-0.088505 0.128566 1.01315 14 40 215
-0.120712 0.114721 0.98144 28 27 216
-0.0229094 0.0827397 0.984854 17 19 218
-0.0308051 0.0268858 1.01433 15 9 219
-0.115284 0.0616779 1.00952 26 9 218
-0.132324 0.112084 0.980445 40 36 212
-0.0772422 0.0252843 0.985545 10 4 219
-0.131071 0.174671 0.9978 30 51 211
0.129271 0.121494 1.17653 59 25 209
-0.116829 0.114426 0.979271 34 38 213
-0.160045 0.109084 0.970694 43 30 213
-0.0422972 0.104868 1.00331 1 26 218
-0.0204272 0.115252 0.981309 22 37 215
-0.0213158 0.0928794 0.977595 21 25 217
0.0628492 0.134111 0.952563 64 46 204
0.0639599 0.135496 0.985644 63 45 205
0.0121113 0.0177929 0.997927 38 15 215
0.0645385 0.127627 0.962155 66 43 205
-0.00555743 0.0809397 1.01963 27 17 217
-0.0115835 0.0601736 1.02071 22 7 218
-0.0159419 0.0797656 0.980699 23 18 217
-0.127768 0.174573 1.00079 34 63 207
-0.0395309 -0.0709694 1.00593 8 15 219
-0.128827 -0.0265822 1.0188 24 4 218
-0.0384782 0.136313 0.97832 8 44 214
-0.0403068 0.231439 1.16827 6 64 210
-0.0118846 0.108063 0.982515 18 30 216
-0.0740819 0.184056 0.97772 7 64 210
-0.127541 0.0914554 0.980714 34 23 215
-0.04051 0.237827 1.21041 6 63 210
-0.131241 0.119449 0.978577 37 38 213
-0.102131 0.132301 0.980211 24 48 213
-0.127202 0.08993 0.979803 36 22 215
-0.0165732 0.0892005 0.986955 23 23 217
-0.0879188 0.127604 0.98702 16 44 214
-0.0368862 0.086718 0.985154 2 20 218
-0.124378 0.12812 1.1874 26 26 216
-0.127468 0.130645 1.2111 26 26 216
-0.012505 0.122377 0.981608 18 37 215
-0.141002 0.115767 0.981334 37 29 214
-0.0164174 0.120875 0.9842 4 31 217
0.023852 0.148457 0.937394 44 55 208
0.0760605 0.0254827 0.984562 60 6 211
0.0700818 0.0254059 0.996163 60 9 211
0.0673035 0.0190368 0.990928 51 9 213
0.0202837 0.145472 0.943999 41 54 208
0.0626264 0.105914 0.951056 62 31 208
-0.115646 0.118022 0.992496 28 36 215
0.0147796 0.133911 0.948283 28 43 213
-0.065264 0.126685 0.985076 3 41 215
-0.0318821 0.107863 0.98265 13 32 217
-0.0149249 0.122977 0.983313 23 40 214
-0.118091 0.101724 0.983741 34 30 215
-0.121025 0.0955971 0.974067 38 28 214
-0.0443635 0.119542 0.977482 8 41 215
-0.00972934 0.10196 0.984559 26 29 216
-0.0279898 0.124166 0.986047 18 44 214
-0.521905 0.103743 0.952409 92 19 198
-0.0878227 0.127246 0.985041 16 45 214
-0.113534 0.118119 0.982175 32 40 213
0.012816 0.133725 0.950123 44 51 208
0.0483714 0.0375809 1.02455 47 2 214
-0.0417163 0.0911476 0.981638 9 24 218
-0.035251 0.224691 1.20496 8 58 211
-0.512817 0.0152963 0.920193 93 3 199
0.0212537 0.0254207 0.99764 40 10 215
-0.0266642 0.136732 0.946729 13 46 214
-0.0329291 0.106572 0.98101 12 31 217
-0.0330052 0.115793 0.982297 8 34 217
-0.0688543 0.0226552 0.982751 5 7 219
-0.0330212 0.0303176 1.0203 9 4 219
-0.00726997 0.07992 0.984261 26 17 217
-0.0372808 0.0976907 0.988912 10 26 218
-0.120501 0.124213 0.97582 31 40 213
-0.0881744 0.126622 1.01235 14 36 216
-0.135745 0.0840783 0.982411 40 20 215
-0.0653372 0.0283571 0.982948 4 7 219
-0.0494192 0.0400578 0.991533 7 5 219
0.0357912 0.0262228 0.989579 45 8 214
0.00515347 0.0167382 1.00231 30 12 217
0.0657096 0.107051 0.990133 57 29 210
0.0292626 0.0231358 1.00008 41 9 215
0.0162312 0.0260846 0.98075 38 9 216
0.0023391 0.103039 0.988738 27 28 216
-0.164991 0.03233 0.969179 47 2 214
-0.0461741 0.115578 0.979281 4 35 216
-0.0996806 0.176533 0.987063 19 61 210
-0.161101 0.0327089 0.969833 46 2 214
-0.103886 0.0338089 0.97681 22 4 218
-0.0831736 0.174546 0.975736 12 62 210
-0.153333 0.0396687 0.966112 42 1 215
0.00200418 0.101205 0.985723 28 28 216
-0.039115 0.0288481 1.01995 7 5 219
0.0525866 0.104076 1.21888 35 19 216
-0.0296324 0.0247137 1.02037 15 10 219
0.034546 0.0263025 0.993019 51 11 213
-0.00710383 0.0368525 0.98678 27 4 218
0.0608825 0.120846 1.21959 38 24 215
-0.0174598 -0.0690683 1.04544 4 13 219
0.0333486 0.0212512 0.987859 6 4 219
-0.443004 0.117081 0.864835 86 24 200
-0.326682 0.0362351 0.883169 65 7 209
-0.0991344 0.026087 1.04437 18 4 219
-0.291257 0.12337 1.23667 47 19 213
-0.0485289 0.0470088 1.01259 2 2 219
0.073033 0.109358 1.19046 42 21 214
-0.0164404 0.0249562 1.00646 19 9 218
-0.104924 0.040571 1.02079 21 0 218
-0.0226069 0.0308514 0.994449 17 7 219
-0.041805 0.119245 0.975948 8 39 216
-0.0343911 0.097234 0.983026 12 27 217
-0.126702 0.184456 0.980884 32 65 207
-0.0372062 0.0827876 0.988736 7 18 218
0.0219955 0.0218907 0.99591 38 10 216
-0.122858 0.0830838 0.978615 34 19 216
-0.118964 0.124706 0.979045 32 41 213
-0.0269541 0.0298434 1.00039 15 6 219
-0.135687 0.124875 0.976657 38 38 212
-0.0261648 0.0249405 1.00404 15 9 219
-0.0986567 0.18323 0.981353 20 57 211
-0.0331049 0.0303538 1.01495 8 3 219
-0.493215 0.0527712 1.001 85 9 202
-0.0276309 0.109572 0.984469 17 33 216
-0.00999534 0.103815 0.983572 23 30 216
-0.118159 0.110262 0.977692 29 29 215
-0.128648 0.0490879 0.991909 36 3 216
-0.0945335 0.154264 1.00792 18 50 213
-0.0424203 0.123448 0.982779 5 38 216
-0.117801 0.124641 1.15606 22 27 217
-0.121894 0.127694 1.18289 24 25 217
-0.115262 0.13079 1.13305 23 28 216
-0.119302 0.0979686 0.974951 32 27 215
-0.1404 0.095939 0.980206 41 24 214
-0.0808253 0.177715 0.984362 14 57 211
-0.112657 0.114307 0.969742 28 34 215
0.00119477 0.136414 0.946214 32 50 211
-0.108217 0.0405479 0.950315 25 4 218
-0.0891259 0.185489 0.969772 15 68 208
-0.0120868 0.107569 0.980155 23 31 216
-0.0322987 0.0288244 1.01333 9 5 219
0.0419067 -0.0643501 1.04977 6 12 219
-0.203251 -0.0467312 0.963484 45 11 214
0.0528449 0.108253 0.919035 9 22 218
-0.134495 0.241336 1.1966 27 52 211
-0.0282754 0.1212 0.984117 11 36 216
-0.0276401 0.0479913 1.01886 1 5 219
0.0472654 -0.0283425 1.02667 8 5 219
0.016702 0.0268264 0.99139 41 10 215
0.027191 0.0261801 0.995596 43 9 215
0.0247372 0.0242321 1.01421 43 11 215
0.0634725 0.137835 1.19442 40 31 213
-0.0205712 0.0884298 0.982401 21 23 217
-0.0267633 0.106575 0.980688 17 32 216
0.0381254 0.123159 0.895237 6 25 218
-0.123846 0.108366 0.977702 36 34 214
-0.0522386 0.0375756 0.974485 4 4 219
-0.119615 0.10138 0.978356 30 29 215
-0.121711 0.0952922 0.976756 33 25 215
-0.0238981 0.106847 0.981317 18 32 216
-0.109053 0.0386858 0.983991 26 3 218
-0.0202866 0.0886664 0.984661 23 23 217
-0.127745 0.0962411 0.978907 40 27 214
-0.00951968 0.0600391 1.03051 26 5 218
0.00712139 0.0184274 1.00133 34 14 216
-0.158802 0.205277 1.18485 27 34 215
-0.370345 0.110869 1.00006 66 20 208
-0.0749667 -0.104465 1.0032 16 20 218
-0.133449 -0.101578 0.968131 28 20 217
-0.0242943 -0.125477 0.983442 6 26 218
0.0291995 0.0196128 0.982367 4 4 219
0.0578182 0.115786 1.18835 43 24 214
-0.0279627 0.102284 0.987792 17 30 217
-0.0310581 0.095792 1.00367 15 25 217
-0.00885576 0.0934671 0.983595 23 24 217
-0.0340899 0.0850164 0.995825 7 17 219
-0.297575 0.09168 0.811857 64 19 209
-0.0748068 0.126702 0.99674 15 28 217
-0.172663 0.136992 1.11285 30 23 216
-0.150155 0.151791 1.12552 27 26 216
-0.422392 0.00341605 0.862233 83 1 203
-0.0312953 0.0249869 1.01552 14 10 219
-0.0175719 0.103801 0.978492 22 31 216
-0.0147747 0.0275444 1.00173 20 7 218
-0.0257311 0.0188848 1.01872 16 12 219
-0.0989298 0.174912 0.980682 21 69 207
0.0144796 0.0204333 0.992718 38 13 216
-0.117962 0.102782 0.974884 28 28 216
-0.0695709 0.125404 1.01315 4 38 216
-0.0204863 0.115184 0.981746 20 36 215
-0.0275018 0.0856057 0.984364 17 21 218
-0.523837 0.0112463 0.944454 93 2 199
-0.454854 0.131335 1.12767 72 21 206
-0.308591 0.201681 0.872984 62 41 206
-0.474521 0.104815 0.847959 92 21 198
-0.142999 0.0833256 0.977517 40 19 215
-0.0674141 0.125092 1.01044 6 37 216
-0.154228 0.128317 0.980007 47 40 210
-0.0111541 0.0936361 0.984629 12 23 217
-0.0320759 0.118738 0.97765 0 32 217
-0.0387055 0.135624 0.976944 10 46 214
-0.121988 0.0956606 0.977705 34 24 215
-0.0361013 0.12159 0.974103 0 34 216
-0.0119573 0.0968648 0.981037 9 24 217
-0.502214 0.10991 0.890677 93 21 197
-0.529297 -0.0492223 0.984511 91 7 199
0.101095 0.102993 1.05741 16 19 218
-0.48002 -0.0428265 0.975491 85 6 202
-0.158166 -0.0604437 0.987938 34 12 216
-0.0746728 -0.10351 1.00024 15 20 218
-0.0157838 0.0294778 1.00359 1 4 219
0.00245026 -0.0505528 1.02842 0 9 219
0.079768 0.0927698 0.872031 15 19 218
-0.161063 0.0315981 0.97588 35 5 217
-0.184604 0.189737 1.04041 33 33 214
-0.122317 0.120773 0.658838 36 32 214
-0.199326 0.177662 0.965384 38 34 213
-0.137155 0.168702 0.937311 27 33 215
0.0763032 -0.0170668 1.00341 12 2 219
-0.515518 0.01618 0.92751 93 3 199
-0.161832 0.00461195 0.962115 37 0 216
-0.392241 0.0850984 0.839301 79 17 204
-0.397293 0.070925 0.854568 79 14 204
-0.199489 0.172209 1.2114 32 27 215
-0.0437887 -0.000614526 -0.0723784 89 0 200
-0.0662483 -0.069987 1.0829 13 13 219
-0.397958 0.00855939 0.802803 83 2 203
-0.200493 0.0303085 0.969908 41 6 215
-0.463452 0.10857 0.909297 86 20 201
-0.0536072 0.231756 0.975437 11 51 213
-0.522951 0.00839567 0.951969 93 2 199
-0.0411322 -0.0777559 1.02715 9 14 219
0.03308 0.022123 1.05112 5 3 219
-0.128019 0.0868652 1.00974 26 17 217
-0.490906 0.0501643 1.00042 85 9 202
-0.0595895 0.133981 0.965454 12 27 217
-0.0400549 0.236495 1.17361 7 67 209
-0.0746467 0.126597 0.988039 9 42 215
-0.0876297 0.126603 0.982463 15 42 215
-0.134541 0.106146 0.986776 43 32 213
-0.149275 0.0610935 1.01342 41 9 215
-0.115533 0.109224 0.967104 27 27 216
-0.0212215 0.121068 0.982928 10 36 216
-0.0194439 0.0799994 0.983717 21 18 218
-0.0107945 0.12103 0.989904 28 41 214
-0.119348 0.124528 0.978949 34 42 212
-0.541843 0.0405362 0.989552 92 6 199
-0.132778 -0.063308 0.96921 27 12 217
-0.101038 0.174649 0.839268 22 37 215
0.0637114 0.106632 0.90428 11 22 218
-0.36401 0.0770881 0.778663 78 17 204
-0.314416 0.192087 0.88847 62 38 207
-0.107531 0.15899 0.880821 23 33 216
-0.551982 0.00944489 0.988362 94 2 198
-0.521944 0.0397547 0.925395 94 8 198
-0.0355835 0.20234 1.26887 6 31 217
-0.100654 -0.104831 1.08442 19 19 218
-0.297783 0.203912 0.83361 62 42 206
-0.382276 0.18742 0.850079 76 38 202
-0.261674 0.12814 0.999973 48 24 213
-0.398268 0.00918387 0.827589 81 2 204
-0.395204 0.00903558 0.835149 80 2 204
-0.411949 0.131065 1.15136 65 21 208
-0.0264084 -0.115155 1.05031 6 25 218
-0.27731 0.192604 1.29114 41 28 214
-0.534841 0.275356 1.48592 67 34 206
-0.0558136 0.0293382 0.94322 12 6 219
-0.0157815 -0.132048 1.04387 4 26 218
-0.0747308 -0.103987 1.00073 15 20 218
-0.118121 -0.063527 0.988073 23 11 218
-0.201216 0.175278 1.21908 32 28 215
-0.0160285 0.0245823 0.92412 4 5 219
-0.392663 -0.00756686 0.867117 78 0 205
-0.185015 0.0327116 0.95209 41 5 215
-0.100917 0.0324508 0.957062 23 6 218
0.06327 0.106137 0.900532 11 21 218
-0.159246 0.0307243 0.966593 38 4 216
-0.337819 0.0404973 0.86514 68 8 208
-0.360024 -0.00881658 0.805616 76 1 206
-0.159723 0.0935874 0.970218 34 19 216
-0.320799 0.100442 0.881492 64 20 209
-0.468977 0.0479036 0.94563 85 9 202
-0.0900719 0.0222021 0.974858 18 4 219
-0.181481 -0.00872584 0.981797 35 1 217
-0.530451 0.0258116 0.957101 93 5 198
-0.518344 0.0403718 0.931337 93 7 198
-0.55335 -0.0418654 1.01906 92 6 199
-0.460452 0.0947697 0.911553 86 18 201
-0.0259557 0.00937316 0.378313 17 4 219
-0.0150696 0.086176 0.935898 4 18 219
0.0039778 0.097689 0.880012 0 21 218
-0.0482365 0.0419538 1.00125 10 8 219
-0.111966 -0.0836548 0.965716 25 18 217
-0.0480584 -0.0630195 0.943276 12 13 219
-0.534918 0.124587 0.996364 91 22 198
-0.387608 -0.0628909 0.88267 76 11 206
-0.508263 -0.050607 0.942868 91 8 199
-0.0999082 0.136025 0.984368 21 30 216
-0.501603 -0.0504396 0.929135 91 8 200
-0.49215 0.113974 0.961043 87 20 200
0.0145143 0.148766 1.04501 1 27 218
-0.482605 0.131287 0.966362 85 24 201
-0.409505 0.0781957 0.88423 79 15 204
-0.541842 0.0124518 0.992946 93 2 199
0.044009 -0.0253132 0.98966 11 8 219
-0.119 0.171246 0.944196 24 33 215
-0.226002 0.16656 0.895559 45 34 212
-0.49364 0.0504543 1.00796 85 9 202
-0.12565 0.158224 0.885723 26 33 215
-0.456373 0.0966043 0.914721 85 18 202
-0.11192 0.143996 0.797412 26 33 215
-0.492296 -0.0535088 0.970802 87 9 201
-0.150616 0.0437626 0.970272 30 8 217
-0.139626 -0.10164 0.961418 28 19 217
-0.218546 0.0924828 0.867509 46 20 214
-0.26922 0.180941 1.20745 42 28 213
-0.153999 0.145755 0.884532 32 30 215
-0.532229 0.0537508 0.994446 91 9 199
-0.20368 -0.00955463 1.06367 36 1 216
-0.111993 0.123805 0.979125 25 27 216
-0.161676 0.223138 1.06549 29 39 214
-0.299938 0.119113 1.21135 48 19 213
-0.0317585 -0.078587 0.992592 7 15 219
-0.388037 0.0119111 0.856696 78 3 205
-0.16278 0.113401 0.834412 39 27 214
-0.765652 0.349148 2.18435 67 31 207
-0.196037 0.0195801 0.986404 42 3 215
-0.277709 0.151979 1.14598 45 24 213
-0.00203995 0.0623684 0.619701 2 18 219
-0.213805 0.19058 1.04564 38 34 213
-0.124629 0.112894 0.990798 27 22 217
0.0058918 0.0128511 0.940471 0 2 219
-0.119857 -0.128468 1.0177 24 24 217
-0.176602 0.0166394 0.819517 39 5 216
-0.390551 0.00247931 0.807625 81 0 204
-0.379775 0.00793339 0.794503 80 2 204
-0.0262855 0.114263 0.951296 6 23 218
-0.0239265 -0.0789538 1.0258 6 15 219
0.0589357 0.102902 0.904302 10 20 218
0.097633 0.164975 1.19536 14 26 217
-0.170679 0.174763 0.94898 34 34 214
0.108663 0.174971 1.27529 15 26 217
-0.392332 0.0272713 0.81929 81 6 204
-0.0915975 -0.103508 0.986195 19 20 218
0.0206107 -0.0493753 1.05163 2 9 219
-0.360296 0.189724 1.24624 56 29 210
0.00595758 -0.0358117 1.01369 0 8 219
-0.146485 -0.0605274 0.950924 34 14 216
-0.530888 0.0410465 0.957312 93 7 198
-0.203193 0.0258072 0.972027 48 2 214
-0.030127 0.118181 0.955679 8 25 218
-0.0748096 0.106787 1.1606 9 20 218
-0.0208092 -0.069369 0.992871 5 14 219
-0.398437 0.00307353 0.841209 80 0 204
-0.0408997 0.108371 0.869389 11 25 218
-0.513967 -0.0533654 1.0032 88 8 201
-0.473348 0.0403811 0.956258 85 7 202
-0.0752594 0.0246968 1.00508 15 3 219
-0.458349 0.0955025 0.893434 86 18 201
-0.33025 0.036152 0.870395 66 7 209
-0.183382 0.0298948 0.936352 39 6 216
0.0328239 0.138219 0.96013 5 28 218
-0.484709 -0.0512317 0.983905 85 8 202
-0.536463 0.178048 1.24648 77 26 204
-0.083456 -0.101001 0.988108 18 20 218
-0.0287914 0.0267268 0.973756 6 5 219
-0.242429 0.161856 0.904424 48 32 212
-0.468982 0.110971 0.922413 86 21 201
-0.152917 0.144414 0.875241 32 30 215
-0.519048 0.0186764 0.93789 93 3 199
0.0345193 0.0236396 0.996536 8 3 219
-0.471665 0.117736 0.925511 86 22 200
-0.337873 0.181312 1.21152 52 28 211
-0.526993 0.103225 0.953701 93 19 198
-0.275699 0.11802 1.14424 45 20 214
-0.393152 0.00818188 0.790441 83 1 203
-0.0274378 -0.126698 1.01773 6 25 218
-0.107419 0.0983326 1.05672 23 19 217
-0.129424 0.100375 0.972606 28 22 216
-0.180535 0.138418 1.10659 32 24 216
-0.0418094 -0.117988 0.990246 9 24 218
-0.32857 0.102593 0.909448 64 20 209
-0.292779 0.213419 1.15017 54 38 209
-0.553277 0.0207751 1.01056 93 3 199
-0.0713215 0.198108 0.978485 15 44 214
0.0799874 -0.0280265 1.07057 12 4 219
-0.435485 0.0256592 0.820993 88 5 201
-0.532666 0.0213909 0.966681 93 4 199
-0.460499 0.206638 0.870533 87 40 197
-0.486219 0.101114 0.966168 86 18 201
-0.493611 0.123716 0.967371 87 22 200
-0.483944 0.0500087 0.982337 85 9 202
-0.148107 -0.0594062 0.930826 32 12 217
-0.141922 0.081884 0.951372 32 17 216
-0.191074 -0.00891208 0.969426 39 1 216
-0.403143 0.00803551 0.840344 81 1 204
-0.096286 0.171538 0.946891 20 35 216
-0.448644 0.125775 0.89991 84 24 201
-0.0306034 0.0860048 0.979586 2 19 218
-0.504116 0.0537282 1.02601 85 9 202
0.095859 0.149419 1.12678 14 25 217
-0.00389291 0.170282 1.12448 1 29 218
-0.0123396 0.240024 1.17475 3 39 216
0.0445177 0.228888 1.35143 5 33 217
-0.108009 0.187272 0.905857 22 38 215
-0.19639 0.174675 0.949053 38 34 213
-0.302381 0.185239 0.856902 61 38 207
-0.166526 -0.150678 1.0355 31 27 215
-0.09193 -0.0936367 1.014 19 18 218
-0.130598 -0.0791962 0.97509 27 15 217
-0.484966 0.0957256 0.923059 89 18 200
-0.134488 0.164329 0.911786 27 33 215
-0.483001 0.11467 0.950054 86 20 201
-0.476939 0.119249 0.937328 86 22 200
-0.367678 0.137197 1.04539 63 24 209
-0.0911448 0.0223878 0.98647 19 4 219
-0.461387 0.0320527 0.92955 85 6 202
-0.448192 -0.00459521 0.835244 89 0 200
-0.122896 -0.0750337 0.900105 28 16 217
-0.339707 0.0381127 0.918376 66 7 209
-0.0990967 -0.110739 1.05995 19 20 218
-0.0859206 0.0516195 0.133703 62 40 207
-0.135974 -0.138128 1.01244 27 26 216
-0.117635 -0.125563 1.001 24 26 217
-0.0807076 -0.0957754 0.982309 17 19 218
-0.0798835 -0.101727 1.00639 17 21 218
-0.357321 0.187743 1.23408 60 30 209
-0.142062 -0.0634198 0.985211 31 14 217
-0.152485 -0.0617748 0.965586 32 12 217
-0.556704 -0.0501653 1.02966 92 7 199
-0.0999707 0.201911 1.02275 18 48 213
-0.332075 0.0366995 0.874769 67 7 209
-0.381614 0.0830523 0.812002 79 17 204
-0.137034 0.128474 1.00048 27 24 216
-0.106226 -0.063211 0.989881 22 12 218
-0.203591 -0.0075714 0.973781 39 1 216
-0.0880007 0.021171 0.931468 21 4 218
-0.152594 0.0800665 0.986633 31 16 217
-0.120016 0.220653 1.09832 21 39 215
-0.162171 -0.00990264 0.919932 36 1 216
-0.397157 -0.0360637 0.906399 76 6 206
-0.461804 0.0968116 0.926451 85 18 201
-0.333791 0.0368622 0.881304 66 7 209
-0.379375 0.0744309 0.804645 79 15 204
-0.331198 0.10374 0.915321 64 21 209
-0.493848 0.119309 0.923988 90 22 199
-0.354825 0.185793 1.21257 54 28 211
-0.267884 0.147253 1.09867 45 25 213
0.00414737 0.0270275 1.02993 0 5 219
0.111041 0.121916 1.16473 16 20 218
-0.476797 0.103652 0.958623 85 19 201
-0.189107 0.00323931 0.95925 40 1 216
-0.47807 0.0929976 0.901926 89 18 200
-0.523171 -0.0169533 1.01517 88 3 201
-0.474746 0.119514 0.931756 86 22 200
-0.135175 -0.0638401 0.990471 28 13 217
-0.167613 0.0992767 0.971026 34 19 216
-0.2132 0.190626 1.04861 38 34 213
-0.148251 0.204736 0.963583 29 39 214
0.109051 0.203576 1.29352 15 30 217
-0.00917931 -0.1474 0.968234 3 29 218
-0.385794 0.00819109 0.795799 81 1 204
0.0461899 -0.0288633 0.997467 7 5 219
-0.471506 0.109867 0.9171 87 21 200
-0.201599 0.0349025 0.949946 43 7 215
-0.524839 0.0252455 0.945778 93 5 198
-0.206207 -0.0294252 1.02983 40 5 216
-0.188772 0.0124613 0.975937 44 0 215
-0.0754916 -0.106291 1.03563 16 21 218
0.0452957 -0.0590102 1.0012 7 12 219
0.0364437 -0.0626665 0.987002 6 13 219
0.0504233 0.119098 0.514229 15 43 215
-0.0537806 -0.00592887 -0.0433013 87 0 201
-0.135003 0.0838489 0.969736 26 16 217
-0.228525 0.156916 0.85877 48 33 212
-0.118915 0.111884 0.985528 25 22 217
-0.205663 -0.0487101 0.973849 42 10 215
-0.349733 0.0449817 0.90043 68 9 208
-0.397871 0.00243412 0.826386 81 1 204
-0.146789 -0.0300822 1.04962 27 4 218
0.0523988 0.105803 0.906112 9 22 218
0.0369029 0.0241241 0.989927 6 4 219
-0.0481404 0.035286 0.913219 11 8 219
-0.0370665 0.132988 0.934761 8 26 218
0.00194763 -0.060306 1.22054 0 9 219
-0.068743 0.130076 1.07006 13 24 218
-0.115391 -0.149792 0.998046 23 28 216
-0.155123 -0.14058 0.976684 31 26 216
-0.0567552 0.0152994 0.97313 13 1 219
-0.00807358 0.0392416 0.959235 2 7 219
0.0209244 0.0244574 0.983538 3 4 219
-0.0817819 -0.0952936 0.973815 17 18 218
-0.0856396 0.184239 0.954934 20 46 214
-0.391207 0.00281389 0.811819 81 1 204
-0.103899 -0.0594091 0.984678 21 11 218
-0.183002 0.0314548 0.980633 39 6 216
-0.347504 -0.0188608 1.26109 57 3 212
0.0178888 0.147506 1.03249 1 27 218
0.0931856 0.108609 1.05677 15 19 218
-0.113945 -0.100179 0.95549 23 19 217
-0.00855556 0.119108 0.974625 3 24 218
-0.5167 0.155861 1.14854 80 24 203
-0.155322 0.044293 0.999256 29 8 217
-0.0753075 -0.0874757 0.972884 16 18 218
-0.14847 -0.0981961 0.927636 32 20 216
-0.495354 -0.0575586 0.970693 87 9 201
-0.538063 0.0263199 0.97456 93 4 199
-0.399567 0.148084 1.14962 63 23 209
-0.166987 0.110275 0.980985 33 22 216
0.0927524 0.0312157 1.04211 15 5 219
-0.52599 0.0235045 0.952488 93 4 199
-0.280699 0.195741 1.00574 51 35 210
-0.137601 -0.0286645 1.09127 24 4 218
-0.0846726 -0.0998542 0.989495 17 19 218
-0.198963 0.137521 0.773411 46 32 212
-0.299452 0.183404 0.839521 62 38 207
-0.0564656 0.0131679 0.656935 19 1 219
-0.191849 0.00998562 0.978563 41 2 215
-0.101817 -0.057867 0.985475 23 12 218
-0.115944 -0.0651498 0.999018 25 13 218
-0.105112 -0.0762645 0.977847 23 15 218
-0.0917296 -0.0939545 0.998176 20 19 218
-0.156282 -0.142237 0.963441 32 28 215
-0.15531 0.13411 1.10443 27 23 216
0.0449962 0.106707 0.902343 7 22 218
0.0776511 0.00248154 1.01037 16 0 219
-0.475643 0.098124 0.94642 85 17 201
-0.544086 0.0197426 0.99869 93 4 199
-0.0839407 0.0256205 0.998729 18 5 219
-0.553726 -0.0592599 1.10823 87 9 201
-0.261119 0.127141 0.999409 48 24 213
0.0405674 0.0910516 0.817856 7 20 218
-0.55288 -0.0261175 1.08476 88 3 201
-0.0318862 -0.108845 0.945403 7 22 218
-0.0331086 -0.114718 0.979558 7 23 218
-0.353152 0.0445296 0.910839 68 8 208
-0.405378 -0.0530256 0.868415 80 9 204
-0.108781 0.161046 0.89236 23 33 216
-0.204937 -0.00863457 0.981963 42 1 215
0.0353304 -0.0620051 1.01701 5 11 219
-0.287686 0.118527 1.21611 50 19 213
-0.200494 0.0328272 0.967336 45 6 215
-0.0922132 0.0290206 1.0153 21 5 218
-0.122214 0.087716 1.00109 27 18 217
-0.102306 0.140795 1.01249 23 28 216
-0.125156 -0.0260756 0.984295 25 4 218
-0.137751 -0.0719813 1.00971 26 12 218
-0.437736 0.140035 1.02751 75 25 205
-0.321827 0.100509 0.888289 64 20 209
-0.149592 0.146129 0.837424 33 31 215
-0.158757 0.0152113 0.959083 35 3 217
-0.155626 0.145401 0.879298 33 30 215
0.0627226 0.126872 0.98581 10 24 218
0.0754394 0.195389 1.26094 10 30 217
0.049924 0.0805543 0.86943 8 18 219
-0.0069775 0.0398812 1.00205 1 8 219
-0.0733689 -0.0974235 0.992412 15 18 218
-0.0748978 0.181628 1.00057 16 38 215
-0.0925482 -0.0984634 1.00763 19 18 218
-0.0839145 0.238277 0.989879 18 53 212
-0.123241 -0.100612 0.962595 26 21 217
0.0210313 0.0238048 0.982631 2 4 219
-0.0169235 0.0265831 0.983303 4 4 219
-0.047117 0.241625 1.40207 7 34 217
-0.131671 0.163752 0.900203 27 33 215
-0.131588 -0.0121302 0.996762 25 2 218
-0.120185 0.0878144 0.989989 25 17 217
-0.527176 0.00725096 0.953047 93 2 199
-0.528818 0.0404135 0.947073 94 8 198
-0.525065 0.0254813 0.953457 93 4 199
-0.525686 0.0252813 0.93807 94 5 198
-0.522411 0.0234241 0.951305 92 4 199
-0.208152 0.082498 0.792461 47 18 214
-0.509903 -0.0485295 0.942428 91 8 199
-0.538587 0.0434939 1.01278 91 7 200
-0.610412 -0.0431951 1.13792 93 5 199
-0.489147 0.0973076 0.932425 89 18 200
-0.137037 -0.0193756 1.02585 26 2 218
-0.0089509 -0.146558 0.96061 3 29 217
-0.321907 0.0385934 0.844546 66 8 209
-0.017678 0.0025892 -0.139757 100 8 194
-0.0562637 -0.15223 1.02334 12 28 217
-0.0508054 -0.141848 0.957573 11 28 217
-0.475315 0.204222 0.852383 91 39 196
-0.427557 0.193031 0.79661 87 40 197
-0.140701 0.0270831 0.971328 27 5 218
-0.090875 0.0288258 1.00417 21 5 218
-0.17872 0.0240981 0.980796 40 4 216
-0.114563 0.0404623 1.01667 25 8 218
-0.0461041 0.115972 0.918589 12 26 218
-0.150048 0.0630223 1.01352 33 12 217
-0.0546568 -0.0649153 1.01218 12 13 219
-0.128186 0.101483 1.02448 27 20 217
-0.108011 0.0383327 0.964125 24 8 218
-0.0823686 0.221405 0.988586 16 49 213
-0.382369 -0.0131701 0.84001 78 2 205
-0.228591 0.150776 0.844256 48 32 212
-0.119066 0.11381 0.907858 25 23 217
-0.51263 0.0394723 0.927175 93 7 199
-0.0141335 0.120795 0.976311 4 24 218
-0.545207 0.0104719 0.981292 94 1 198
-0.145382 -0.063044 0.981268 32 13 217
-0.0475508 0.217476 0.969877 10 45 215
-0.522897 0.0424373 0.954973 92 8 199
-0.527419 0.104687 0.964084 92 19 198
-0.108421 -0.0996393 0.91574 23 20 217
-0.0886833 -0.0886837 0.985616 19 18 218
-0.512878 -0.0367316 0.927925 93 5 199
-0.0957743 0.0128945 0.987576 19 2 219
-0.0322424 0.121808 0.984796 7 26 218
-0.0445414 0.0213498 -0.0165819 66 39 205
-0.123406 0.049411 0.959772 27 9 218
0.0484155 0.0924993 0.832693 8 20 218
-0.117937 -0.0846087 0.974154 25 17 217
-0.526194 0.10329 0.945829 93 19 198
-0.190477 0.00426086 0.973725 41 0 216
-0.136698 0.0989855 0.972726 30 20 216
-0.0402536 -0.00683689 -0.0810236 90 2 199
-0.0255045 -0.124761 1.03109 6 23 218
0.0107309 0.027112 0.985029 0 5 219
-0.123687 0.029045 0.942674 25 6 218
-0.310655 0.217204 1.12791 51 36 210
-0.0462918 0.1055 0.96469 10 21 218
-0.0140225 -0.0804834 1.02122 3 15 219
-0.0244818 0.0301098 0.989281 5 5 219
0.0289319 0.0195701 0.994328 4 3 219
-0.151726 -0.0774175 0.963502 33 16 216
-0.394707 0.121552 1.03857 68 21 207
-0.489885 0.148162 1.08175 80 24 203
-0.387899 -0.0100031 0.883529 76 1 206
-0.205697 -0.00798346 0.986044 41 1 215
-0.211164 0.152016 1.1318 35 25 215
-0.496902 -0.052202 1.01359 85 8 202
-0.0855121 0.0261276 1.03355 17 5 219
0.0133793 0.134677 0.941379 1 27 218
-0.341837 -0.0186976 1.2409 54 2 213
-0.402608 0.0780364 0.864871 79 15 204
-0.0853004 0.178284 0.98355 19 38 215
-0.335825 0.03758 0.911417 65 7 209
-0.237586 0.158154 0.883757 48 32 212
-0.31946 0.042155 0.856633 65 8 209
-0.38974 0.13564 1.08472 65 23 208
-0.385191 -0.0120075 0.84662 78 2 205
-0.481649 0.0497916 0.977432 85 9 202
-0.20983 -0.0481722 0.997197 42 9 215
-0.162969 0.00631392 0.965311 34 1 217
-0.400574 0.146418 1.11173 65 24 208
-0.0912171 0.0273459 0.988567 20 5 218
-0.0902058 0.0848224 0.878945 20 18 218
-0.113767 -0.102398 0.971879 24 21 217
-0.178638 0.0314787 0.978692 38 6 216
-0.143722 0.0821449 0.962323 32 17 216
-0.189676 0.0238828 0.98022 41 4 216
-0.0303393 0.00927411 0.238468 30 6 217
-0.152773 -0.139618 0.956399 34 29 215
-0.0515093 -0.136809 1.01939 12 27 217
-0.0274547 -0.126499 1.01365 6 25 218
-0.124865 -0.101221 0.975783 26 20 217
0.0512334 0.0947505 0.897375 8 19 218
-0.0811142 0.0264988 0.988281 17 5 219
-0.0583405 0.231399 1.3618 9 33 217
-0.0593111 0.236534 1.40511 9 32 217
-0.0139817 0.249666 1.31588 2 37 216
0.0438367 0.0960491 0.906294 7 19 218
0.101964 0.105135 1.06782 16 18 218
0.0203532 -0.0498443 1.02179 2 9 219
-0.305257 0.204557 1.15455 57 36 209
-0.0829115 -0.0798352 0.992706 18 16 218
-0.0327091 -0.089039 0.996666 7 18 219
-0.329917 -0.02701 0.700678 77 6 205
-0.470538 0.150193 1.11468 75 24 205
0.0762349 0.0649913 0.915867 13 13 219
-0.208683 0.186246 1.02298 38 34 213
-0.372034 0.00729742 0.77459 80 1 204
-0.0538857 -0.145885 0.966638 12 29 217
-0.513791 0.10211 0.934961 92 19 198
-0.178222 0.0879618 1.02038 33 16 216
-0.156102 0.134543 1.10735 27 23 217
-0.168382 0.157021 1.10012 29 27 216
-0.855483 0.382801 2.40754 68 30 206
-0.208693 -0.0129255 0.997624 39 2 216
-0.240197 0.163489 0.884738 49 33 211
-0.388353 0.115895 1.05844 66 20 208
-0.403572 -0.0308154 0.893523 78 5 205
-0.045309 0.040564 0.390646 27 21 216
-0.175691 0.110293 0.985341 35 21 215
-0.0472958 0.110285 0.982276 8 22 218
-0.091131 0.12959 1.00602 18 32 216
-0.151415 0.104049 0.980523 32 22 216
-0.502564 0.1177 0.926119 91 22 198
-0.525847 -0.049203 0.977 91 8 199
-0.182884 0.148756 1.21225 29 23 216
-0.225745 0.0963819 0.917002 45 20 214
-0.399444 0.00224653 0.830238 81 0 204
-0.135353 -0.137014 1.0039 27 25 216
0.0440755 0.108376 0.926844 7 22 218
-0.0554502 0.233082 1.41476 8 32 217
0.0119227 0.0276245 1.00814 3 4 219
0.0434405 -0.0238722 1.00007 7 4 219
0.00298545 0.10466 0.881657 0 22 218
-0.040293 -0.12315 1.00657 9 24 218
-0.249227 -0.0262055 0.328418 98 9 196
-0.125757 -0.0768498 0.921439 27 15 217
0.0590518 0.109134 0.903794 10 22 218
0.0984183 0.0761172 1.06894 15 13 218
-0.00696336 0.0866989 1.08046 2 16 219
-0.160544 -0.105973 1.00729 31 20 216
-0.0308407 -0.0394649 0.181344 22 19 217
-0.0183145 -0.00407679 -0.128618 93 8 198
-0.189442 0.205882 0.892399 38 42 212
-0.124485 0.160042 0.898938 26 32 215
-0.111438 0.160064 0.87618 24 33 216
-0.385561 0.188924 0.858515 76 38 202
-0.169349 0.135596 1.08831 30 23 216
-0.189899 0.148136 1.18217 31 24 216
-0.16776 0.0817736 0.963457 33 16 216
-0.483887 0.0421845 0.981012 85 7 202
-0.387702 -0.0296354 0.883758 76 5 206
-0.477895 -0.0412756 0.996249 83 6 203
-0.519181 0.158326 1.15909 79 24 203
-0.696741 0.346552 2.243 60 30 209
-0.123683 0.228632 1.1487 22 48 213
-0.0270181 -0.140539 1.09756 6 28 218
-0.0329036 -0.116796 0.992749 7 23 218
-0.155655 -0.10632 0.98078 32 21 216
-0.154357 -0.105145 0.971309 32 21 216
-0.113214 -0.0908026 0.977985 25 20 217
-0.0903726 -0.0934445 0.979725 18 18 218
-0.0345571 -0.137357 0.996818 8 27 218
-0.073708 -0.0979152 1.00057 15 19 218
-0.073237 -0.102815 1.00493 16 21 218
-0.0334124 -0.11253 0.992804 8 23 218
-0.0265202 -0.102435 0.981446 6 21 218
-0.0774391 -0.0893068 1.00213 17 18 218
-0.0841664 -0.102293 0.999283 18 20 218
-0.113371 -0.139952 0.955977 24 27 216
-0.0208289 0.10403 0.968226 4 21 218
0.0215651 0.0251382 1.04322 4 4 219
-0.0876087 0.0208137 0.983127 17 1 219
-0.344814 -0.0209396 1.2444 55 2 212
-0.50262 0.259812 1.6697 57 30 210
-0.181692 0.143572 1.18037 30 23 216
-0.387079 0.0848548 0.826664 79 17 204
-0.153409 0.0432454 0.982749 30 8 217
-0.0317764 0.0909357 0.967828 5 19 219
-0.0269278 0.0200083 1.01379 5 2 219
-0.162422 0.095932 0.993622 36 19 215
-0.100593 0.23474 0.985199 22 49 213
-0.0941929 0.0222113 0.979118 21 2 218
-0.132215 0.0154635 0.98319 29 0 217
-0.197175 0.0119641 0.98011 46 0 214
-0.0220262 0.0851174 1.02967 2 16 219
-0.0739183 0.10591 1.15699 12 19 218
-0.0183536 0.0274958 1.01001 0 2 219
-0.109738 0.059454 0.984268 25 12 218
-0.017798 0.122863 0.99976 5 25 218
-0.151041 0.101461 0.97637 34 22 216
-0.0265012 0.137797 0.95074 7 30 217
-0.0338784 -0.113972 1.0028 7 22 218
-0.0878053 0.126469 1.0122 17 30 217
-0.0376903 0.134107 0.945963 9 29 217
-0.0919207 0.000406559 1.01504 18 0 219
-0.299569 0.213644 1.13965 57 39 208
-0.0835685 0.237546 0.988415 18 50 213
-0.076276 0.222389 1.00481 16 46 214
-0.337896 0.0707516 1.23146 62 11 210
-0.0884913 0.200213 0.996656 17 51 212
0.0181682 0.149739 1.0457 1 27 218
-0.460266 0.12347 0.90273 86 24 200
-0.506388 0.00039246 0.982603 88 0 201
-0.378948 0.0645587 0.803957 79 14 204
-0.39141 0.157481 0.785887 82 33 201
-0.125623 -0.10314 0.968024 26 20 217
-0.392819 0.145684 1.11904 64 23 209
-0.200156 0.0841639 0.803567 45 18 214
-0.337015 0.0338063 0.861967 68 6 208
-0.273147 0.183259 1.23053 42 28 214
-0.459785 0.147412 1.08786 75 24 205
-0.174342 0.207861 1.14581 29 34 215
-0.0442061 0.0594699 0.998437 9 12 219
-0.506109 0.0155884 0.906799 93 3 199
-0.152696 -0.100227 0.954699 31 19 216
-0.453563 0.194624 0.806171 91 39 196
-0.0615986 0.170004 0.837249 14 37 216
-0.147625 0.143123 0.824392 33 32 215
-0.528871 0.0122455 0.955933 93 2 199
-0.524214 0.0208932 0.94882 93 3 199
-0.0725712 -0.101723 0.973418 16 20 218
-0.0921588 -0.10377 1.00526 20 21 217
-0.0378234 -0.117248 0.999405 8 23 218
-0.360799 0.143716 0.712683 82 33 201
-0.00939861 -0.153719 1.00676 3 29 217
-0.139428 -0.0797774 0.987179 30 17 217
-0.543884 -0.0173895 1.06274 88 2 201
-0.48849 -0.0537198 0.986578 85 9 202
-0.156331 -0.0591506 0.977318 34 12 216
-0.142269 -0.0238226 1.01131 27 3 218
-0.153278 -0.105389 0.966432 32 21 216
-0.0341725 0.23702 1.3552 5 33 217
0.0450664 0.100355 0.90343 7 21 218
-0.0175959 -0.0671307 1.03251 4 12 219
0.0468963 0.202165 1.27201 5 31 217
0.0954484 0.105627 1.08198 15 18 218
-0.187905 0.0826184 0.932329 40 17 215
-0.313122 0.132605 1.31618 48 20 213
-0.185843 0.104527 0.716559 50 28 212
-0.2048 0.112036 0.97226 42 23 214
-0.299093 0.218442 1.17941 50 36 210
-0.304758 0.128786 1.27511 48 20 213
0.0426662 0.0956454 0.876802 7 20 218
-0.190818 0.0414482 0.920553 38 8 216
-0.129561 0.160605 0.909863 27 32 215
-0.135743 -0.0291531 1.07694 24 4 218
-0.400727 0.00333215 0.808463 83 1 203
-0.396874 -0.00217584 0.839759 80 0 204
-0.0353337 0.0861444 1.00867 7 17 219
-0.0868581 0.011867 0.99692 17 2 219
-0.115426 0.132242 1.04416 21 24 217
-0.146791 0.142794 0.822852 33 31 215
-0.119995 -0.0977077 0.940047 26 20 217
-0.111557 -0.143385 0.962752 23 27 216
0.033001 0.0211111 0.976385 5 4 219
-0.485662 0.0426742 0.98672 85 8 202
-0.156717 -0.0469522 0.924099 34 9 217
-0.00971447 -0.0718959 1.08586 2 12 219
-0.134622 -0.0926448 1.15953 23 14 218
0.000549826 -0.00703772 -0.117943 27 1 217
-0.044348 0.021231 -0.0170951 66 39 205
-0.156471 -0.0505992 1.00636 30 9 217
-0.656183 0.315307 2.05121 62 29 208
-0.426998 -0.0553228 0.924786 80 9 204
-0.158218 0.0419996 0.998893 31 8 217
-0.117559 0.122069 0.971987 25 25 216
-0.467345 0.194758 0.804479 93 39 194
-0.00959021 -0.0672409 0.992692 2 15 219
-0.0409493 -0.0687927 1.01402 9 14 219
-0.158492 0.183513 1.02646 29 33 215
-0.13629 0.17497 0.93517 27 34 215
-0.463685 0.10004 0.927787 85 18 201
-0.0580808 0.0159483 0.976348 13 2 219
0.0725739 0.00854122 0.976625 12 1 219
-0.12686 -0.085447 0.978873 26 16 217
-0.485003 0.114784 0.938101 88 21 200
-0.416472 0.165476 0.826103 84 34 200
-0.0393986 -0.0661501 0.968328 9 13 219
-0.0381836 -0.0857529 1.02946 8 16 219
-0.0415162 0.120155 0.983819 3 28 217
-0.151291 0.10183 0.976844 34 23 215
-0.0967674 0.013351 1.01394 19 1 219
-0.516779 0.0264656 0.935415 93 5 199
-0.143554 0.13147 0.607293 45 40 211
-0.0292017 0.0238337 0.998658 6 4 219
-0.0891384 0.0213692 0.983367 18 4 219
-0.0921555 0.0252169 1.05156 17 5 219
-0.0972931 -0.05861 0.974155 21 12 218
-0.0346003 -0.118735 1.03247 7 22 218
-0.0410099 -0.12591 1.0233 9 24 218
-0.123888 -0.0647439 0.986484 26 13 217
-0.0941502 0.20655 1.05549 18 39 215
-0.0503141 0.229686 1.03476 10 44 215
-0.191662 -0.00826286 0.97372 37 0 216
-0.0961304 0.171852 0.962256 21 35 215
-0.283291 0.122118 1.18739 48 21 213
-0.124726 -0.0251065 0.990997 26 5 218
-0.0806101 -0.105436 1.01191 18 21 218
-0.123186 0.227985 1.14193 21 42 214
-0.150105 -0.0781358 0.96308 33 16 216
-0.0395103 -0.138771 1.01202 8 27 218
-0.0884903 -0.0964445 0.966877 20 21 218
-0.0615028 0.122282 0.991791 12 26 218
-0.284952 0.115087 1.14211 49 20 213
-0.456479 0.20654 0.860768 88 40 197
-0.134868 -0.0766712 0.956676 31 19 216
-0.337158 0.0720141 1.2411 58 11 211
-0.292723 0.213575 1.15043 54 38 209
-0.338908 -0.0165127 1.23831 59 4 211
-0.00840557 -0.00470897 -0.138205 86 18 200
-0.000814208 -0.00288383 -0.152967 76 49 195
-0.0569657 0.0243564 -0.0159112 80 39 200
-0.0568577 0.0150926 0.976274 12 1 219
0.0343858 0.0272085 1.00229 13 2 219
-0.0482593 0.204195 0.982243 9 46 214
-0.030228 0.114329 0.978739 5 24 218
-0.125347 -0.102852 0.966698 26 19 217
-0.0158472 -0.132635 1.05344 4 24 218
-0.176169 -0.00869523 0.962664 34 1 217
-0.0783697 -0.108125 1.04901 16 20 218
-0.141446 -0.0611609 0.966922 31 13 217
-0.0511787 -0.142895 0.965295 11 28 217
-0.082518 -0.100744 0.985177 18 20 218
-0.539556 0.105112 0.967776 94 18 198
-0.507238 0.101962 0.979346 88 18 200
-0.504179 0.0992803 0.954706 89 17 200
-0.468601 0.115385 0.883274 89 22 199
-0.518878 -0.0496124 0.963344 91 8 199
-0.463952 0.111095 0.890977 88 21 200
-0.482802 0.0965678 0.921953 88 18 200
-0.523183 -0.04003 1.00459 89 6 200
-0.151029 -0.119741 1.0041 32 24 216
-0.120645 0.0999188 0.974209 27 21 217
-0.0910829 -0.0932597 0.991536 20 19 218
-0.1612 0.0955178 0.981497 35 19 216
-0.203694 -0.0465293 0.969458 39 8 216
-0.449823 0.0934005 0.873456 86 18 201
-0.332156 0.0428667 0.846263 68 8 208
-0.545285 0.0161747 0.999927 92 3 199
-0.405795 0.0263864 0.795447 85 6 202
-0.50735 0.0261045 0.916473 93 5 199
-0.539991 0.0422759 0.976377 93 7 198
-0.535087 0.105749 0.96431 93 18 198
-0.145409 0.138059 1.06741 26 25 216
-0.0393758 0.0903527 0.815353 10 20 218
-0.491024 0.115467 0.901421 91 22 198
-0.16875 0.00783497 0.994346 32 1 217
-0.542198 0.00856462 0.979177 93 1 199
-0.112419 -0.0919784 0.879278 26 20 217
-0.0828316 -0.0998369 0.979295 18 20 218
-0.526458 0.0508538 0.976772 91 9 199
-0.130086 -0.0646469 0.988251 28 14 217
-0.143907 -0.0718857 1.04148 26 12 217
-0.293963 0.146362 1.16059 47 23 213
-0.220376 0.225558 1.06107 39 40 212
-0.510908 -0.0390579 0.977154 89 6 200
-0.535071 0.106398 0.9801 92 19 198
0.0128478 0.0172324 0.991631 11 0 219
-0.0421802 -0.079739 1.08627 8 13 219
-0.0375855 0.120654 0.974993 5 28 217
-0.343209 0.224264 0.992046 61 40 207
-0.493895 -0.0533653 1.00097 85 8 202
-0.161136 0.142807 1.15426 27 24 216
-0.482101 0.0528301 0.966597 85 9 202
-0.111166 0.135183 0.997024 22 26 217
-0.160074 0.141659 1.14288 27 24 216
-0.026156 0.0290544 1.07357 6 5 219
0.0348913 -0.0614717 1.01125 5 12 219
0.045822 0.198436 1.24571 5 31 217
-0.208193 0.202756 1.22148 39 36 213
-0.0878733 0.196867 0.988395 18 41 215
-0.100198 0.234124 0.982975 22 51 212
-0.251558 -0.0168949 0.935112 49 2 214
-0.15607 0.0822198 1.00167 33 16 216
-0.0929068 -0.0927493 1.02923 19 18 218
-0.0940929 0.236873 1.07406 17 43 214
-0.0334436 0.128191 0.961762 7 26 218
-0.00165974 0.0576912 0.610298 2 16 219
-0.0835782 0.15733 0.742487 21 38 215
-0.527023 0.0536006 0.983858 91 9 199
-0.13388 0.0839915 0.959655 26 16 217
-0.213381 0.197888 1.25062 36 32 214
-0.0541259 -0.147903 0.979375 13 31 217
-0.0983971 0.157751 1.03758 21 31 216
-0.309071 0.217357 1.16493 54 37 209
-0.193847 0.0826708 0.954011 42 17 215
-0.200819 0.0890391 0.995314 42 18 215
-0.0563632 0.13137 0.976364 13 27 217
-0.020581 -0.0749581 0.117489 20 51 212
-0.120717 -0.0632347 0.968656 26 12 218
-0.0951745 -0.0546893 0.821473 22 10 218
-0.0936172 -0.0964852 1.0076 19 18 218
-0.0378988 -0.116709 0.994619 8 23 218
0.0885151 0.204281 1.42565 11 28 217
-0.0554523 0.246122 1.41773 8 34 217
0.0449574 0.107663 0.910369 7 22 218
-0.102798 0.0135141 0.982076 21 2 218
-0.010152 0.131345 0.957761 3 28 218
-0.112966 -0.131226 0.953476 25 28 216
-0.512776 0.100985 0.976337 89 18 200
-0.478069 0.129625 0.947208 86 24 200
-0.461561 0.111879 0.853204 90 22 199
-0.401178 0.157764 0.811364 82 33 201
-0.110597 -0.0606141 0.967643 25 12 218
-0.0534603 -0.0633075 0.992736 12 13 219
0.074108 0.191648 1.23364 10 30 217
0.0753588 -0.0266279 0.985583 12 4 219
-0.12711 0.119917 0.915543 26 25 216
-0.157212 -0.0506579 1.01059 36 13 216
0.038386 -0.0632203 0.99431 7 14 219
-0.301322 0.0335842 0.799271 65 7 209
-0.486819 0.0525977 0.946877 87 9 201
-0.36384 0.000226833 0.666891 87 0 201
-0.522884 0.116642 0.949471 92 21 198
-0.207877 0.0109952 0.989575 39 2 216
-0.0785853 0.0227325 1.01197 15 4 219
-0.0683523 0.12767 1.03653 11 27 217
-0.459769 0.322123 1.82016 53 36 210
-0.467369 0.327482 1.84854 53 36 210
-0.0792803 0.0192579 0.969259 16 2 219
-0.306899 0.178687 0.862473 62 36 207
-0.499654 -0.0539433 0.994056 86 8 201
-0.147359 0.146445 0.840131 32 31 215
-0.202954 0.111208 0.980667 38 21 215
-0.130538 -0.0303121 1.0408 24 4 218
-0.547835 -0.0565193 1.09077 87 8 201
-0.222782 0.0880808 0.862745 47 18 214
-0.0481549 0.114217 0.995661 10 23 218
-0.0795435 -0.078206 0.972422 16 15 218
-0.231924 0.0958814 0.913252 46 19 214
-0.162349 -0.0520108 1.05398 29 8 217
-0.460764 0.091384 0.889943 87 17 201
