# .PCD v0.7 - Point Cloud Data file format
VERSION 0.7
FIELDS x y z
SIZE 4 4 4
TYPE F F F
COUNT 1 1 1
WIDTH 10136
HEIGHT 1
VIEWPOINT 0 0 0 1 0 0 0
POINTS 10136
DATA ascii
1.80553 0.454094 2.60505
2.94532 0.522447 3.14098
0.779846 0.500309 1.17831
2.92243 0.396554 3.14355
0.970324 0.381381 1.6172
0.976068 0.491319 1.38282
0.819119 0.392607 1.46813
1.15927 0.540715 1.11586
0.439199 0.120639 2.68309
0.712657 0.0380041 2.74131
0.476918 0.518958 1.0851
0.313695 0.548849 1.12495
0.336622 0.402633 1.41371
0.546466 -2.51635 8.02896
3.19883 -1.13237 9.08202
-0.743383 0.364751 5.60929
0.0170967 0.494453 1.11715
-1.21162 -0.440381 6.61579
-1.68933 -2.22011 9.97192
-3.49286 -1.32562 6.55509
-0.652912 0.411817 1.26116
-0.0985387 0.624914 1.75506
-0.436259 0.595081 1.21869
-0.385113 0.631933 1.24196
-0.846595 0.395692 1.26579
1.38432 -1.06121 8.55029
-0.557241 0.510786 1.20141
-0.725012 0.522486 0.953357
-0.820816 0.509683 1.01321
-0.464323 0.570597 1.16591
-0.445237 0.595484 1.15926
-0.675465 0.551684 1.01189
-0.164392 0.611463 1.66203
-0.345066 0.567704 1.2203
-0.437444 0.44357 1.21133
-0.38947 0.385522 1.88429
3.51509 -2.119 10.767
0.231774 -0.546116 7.10787
0.140145 -0.369332 7.17335
-0.435455 0.0691982 6.6258
-0.185037 0.450772 1.96322
-3.24915 -3.33253 11.2148
0.280874 -3.56312 9.30755
0.231859 -3.99188 11.6208
-0.149088 0.552967 1.73631
-0.173002 0.607086 1.73545
-0.356232 0.544624 1.25339
-0.378702 0.487933 1.44651
-0.409821 0.441941 2.34637
-0.239557 0.580888 1.58357
1.14296 0.412609 1.43427
0.659054 -2.10023 7.46958
0.705895 -1.40757 7.71477
0.536739 -1.24909 7.70656
1.02333 -1.61446 10.0654
0.384359 -1.91308 7.29523
-0.60493 -0.914231 7.02437
-0.883853 -0.358219 6.2172
-0.882475 -0.191247 6.37248
0.912928 -2.67393 11.4975
1.11833 0.422097 1.44823
1.05947 0.444861 1.48686
-0.460253 -1.63741 6.10151
-0.170256 0.446134 1.93667
-0.0382104 -1.79747 6.86075
-0.807962 0.00508625 6.23714
0.922888 -1.40746 7.51091
-0.243431 -0.308349 6.98601
0.72005 -0.0374974 7.07985
-0.587324 -1.53877 6.14286
-0.728494 -0.436377 6.13316
-0.630648 -0.43751 6.42441
-0.578398 -0.122936 6.72265
-1.38202 -0.00193508 6.72662
-1.23438 -0.0641351 6.5372
-1.28326 0.295027 1.75021
0.762074 0.319615 1.75631
0.633855 0.335965 1.5864
-0.600067 -1.7622 6.05774
0.591088 0.28888 1.64535
0.132416 -1.0862 6.91888
-0.0560728 -2.0309 6.7876
-0.98549 -0.746374 5.96321
-0.111011 0.545244 1.96885
0.82252 0.446095 1.43929
1.59995 -2.53493 8.69931
-0.118789 0.566511 3.83208
-2.18927 -0.155228 7.46963
0.778921 0.32823 1.67831
1.44569 -1.93281 8.82399
-0.280951 -0.947314 6.71638
-0.140662 0.469477 4.0043
-2.89869 -0.34371 7.99732
2.41151 0.0212753 3.57597
0.602471 0.485456 1.17374
1.36783 -2.4057 8.50367
-0.436351 -1.7932 5.9622
-1.94498 0.0119964 6.65384
0.855221 -2.60163 11.1727
13.4552 -3.16614 22.0857
10.9095 -2.15704 19.0545
9.41457 -0.097556 22.4521
21.6985 3.37757 11.483
22.042 2.18985 20.353
19.7096 -2.32119 9.84078
20.9751 -6.83393 14.1995
20.4384 1.4381 15.9064
15.9714 -3.10472 11.5649
15.1672 -2.70884 9.73827
16.7257 -2.93107 12.2794
15.797 -2.31231 11.6168
14.9361 -1.94354 10.596
16.1391 -1.80699 9.18269
15.925 -1.963 9.43813
16.6552 -2.96756 12.2812
21.5851 -1.67568 18.0514
24.1442 -3.93667 12.4154
23.8232 -7.54204 20.4806
23.1779 1.71593 21.6941
21.4337 -8.63729 25.5799
23.8615 -6.38045 23.8724
2.43889 -2.93396 9.16774
13.4359 -8.22485 22.5942
34.1104 4.43802 5.86276
33.813 -2.46251 -4.68515
12.3172 1.36197 20.4835
2.12191 3.92272 14.2927
4.17477 0.375716 10.3361
2.16955 -1.70927 10.2513
1.29664 -1.65148 8.58729
9.34443 3.17971 14.4216
0.845859 -1.89656 11.3288
0.327186 2.77639 14.0311
26.7714 4.68988 10.1595
20.5782 -2.9885 15.7806
18.5924 -2.69171 10.8648
22.628 10.4317 -9.09906
14.0022 -1.05136 7.60993
19.1145 7.76185 -12.3892
23.8045 2.3122 -23.3887
3.68251 -1.91614 9.93737
5.1591 0.998302 12.3067
8.45085 0.897841 16.5306
3.69348 -1.91137 9.90902
3.70234 -1.90483 9.86159
6.47766 -6.11506 28.1449
16.4398 -4.99657 31.7097
6.18182 -2.35183 25.2712
8.96758 0.844872 16.9676
1.87267 -1.04036 9.51757
1.77488 -5.16055 18.49
4.88777 -0.295355 11.4415
8.71157 1.90666 10.4451
8.65692 -0.325019 28.8359
21.5201 -1.45545 25.3241
16.1123 -2.15995 28.093
16.8318 -2.16779 27.9734
14.0884 -3.69793 22.6429
7.83341 -1.78809 27.3156
22.696 -5.83812 25.083
16.678 -2.12721 27.8876
20.6556 0.635687 18.0188
13.5315 -1.456 8.80749
15.9939 -2.63339 11.5553
13.592 -2.37346 7.76823
3.22427 -2.88544 13.7612
3.3877 -1.78158 9.75493
4.93096 -1.84598 11.0704
3.85467 -3.16881 14.6684
2.41023 -3.05116 13.9844
1.52981 -6.53134 16.5238
12.7652 2.34553 15.0318
7.75312 -0.949004 15.3368
3.90846 -2.39791 11.4968
3.46893 -3.04668 14.3065
5.45387 0.849377 26.2863
6.40465 -1.07829 25.7075
3.56974 -1.57511 20.5896
8.40153 -4.48015 29.9714
6.81472 -1.55102 26.3409
5.65224 -2.25659 24.9027
19.2889 -1.46611 24.061
8.40206 -0.528143 15.78
5.59483 0.359902 12.5034
4.41995 -0.263843 11.0768
4.47146 0.627599 11.2865
4.54302 1.03339 11.272
5.7883 0.914227 12.9992
6.30296 -0.0144078 13.2006
1.95758 -2.73769 8.9325
21.6746 -1.31508 2.34071
17.0179 2.48944 6.20416
12.9416 -1.57968 6.95156
15.5245 -1.89236 9.42968
13.3488 -1.28078 8.71749
17.4038 2.73673 5.97716
22.3915 1.44875 9.4247
21.2937 -0.92713 15.8351
19.0406 -2.20735 11.0348
21.5147 -2.30479 15.0034
21.3824 -0.897214 15.827
24.5776 -1.62866 12.6652
22.6669 1.67817 9.13413
26.9965 4.19228 6.91441
20.4501 5.12949 12.181
12.4833 -1.40243 7.55152
5.6702 -0.369447 12.0659
8.70846 -1.39635 18.8712
1.94514 -0.94799 9.5262
23.7163 -2.86636 12.3734
6.01744 0.305854 12.8308
12.0331 -2.91658 20.1884
1.89085 -2.76089 9.0063
19.1956 -9.88842 26.3111
4.316 -7.08469 19.2411
19.2804 -5.86956 28.4206
10.5685 -8.96798 24.3235
12.5949 -0.800555 20.8865
18.7838 -9.24453 26.9895
19.8158 3.55486 15.9314
18.0895 2.62189 14.969
13.312 -1.72448 7.42204
18.55 5.727 -4.47894
14.5415 1.20885 10.9943
20.2065 2.62997 16.464
20.2783 2.68612 16.4942
13.9416 1.39895 10.2365
14.9283 -1.9487 10.5992
14.4817 -2.0866 10.294
14.7953 -2.46331 9.44677
10.006 -11.3852 23.9867
21.1452 -5.62672 26.3588
4.6469 -2.73491 12.9947
1.07726 -1.2086 10.182
1.79985 1.73785 12.807
15.7349 -1.67852 11.6835
19.5536 3.13877 17.815
16.453 0.252967 13.4469
4.24537 -2.47389 12.4117
5.06982 -2.96836 13.4824
11.3045 -0.365164 25.3688
10.0409 -1.63538 17.9782
26.0142 5.80455 -3.93753
15.7921 0.881017 12.4853
13.5943 -1.45273 8.17202
14.7112 -2.06782 8.61294
16.9264 2.78924 5.71309
5.17677 1.03177 12.4064
1.70091 -0.147631 9.07487
2.49727 -0.823658 10.1143
7.66723 -0.0472689 15.3451
11.7181 -2.70658 19.9813
2.50465 -1.33252 10.2556
4.11524 -1.93579 9.9451
4.00273 0.196017 10.8495
4.03041 0.994004 10.6198
-0.823975 -2.93943 12.5263
4.17874 0.364431 10.3207
1.93228 1.4072 12.0847
5.14007 -0.597103 11.8629
1.48029 -2.49899 10.6815
2.4559 -0.574571 10.3606
2.76293 -0.376728 11.8887
2.08527 -2.67423 13.4487
0.881321 -2.49829 9.07507
0.714674 -2.90815 9.11127
3.35483 -1.80584 9.79562
8.87442 2.29432 14.8376
14.2146 -1.69108 8.81949
13.4702 -0.891011 7.18441
18.2159 3.96078 4.31427
15.1562 1.09108 11.716
21.0047 -1.03035 15.7355
11.1897 -0.396417 24.9341
12.0183 -0.763955 17.9178
10.7743 -2.26493 18.7661
12.533 0.738853 21.5592
1.51943 -1.76117 10.802
2.17763 -2.21322 12.4523
0.859165 0.985508 12.8614
0.370719 0.0266917 12.4212
1.12346 -1.1982 10.1316
2.51348 -0.968607 10.2285
0.896112 -6.22543 15.7141
3.19934 -2.79497 13.9075
32.0253 -2.14624 29.1683
18.8445 -6.68024 28.0419
24.749 0.42699 20.6661
32.9207 -3.45727 19.2783
20.3377 -3.84097 36.5252
32.3596 -4.78063 20.6452
20.9525 -5.69063 26.3215
22.2608 -1.02147 18.4577
11.3398 -1.84253 21.4896
11.2114 -12.7842 27.9351
21.0807 -4.39153 29.5823
13.4484 0.743754 21.8234
0.545247 -3.71546 16.8015
22.6877 -0.944398 27.9704
20.9023 -9.33698 24.892
17.3458 -7.50088 28.8172
20.1232 4.77935 57.4178
0.983839 -1.75552 11.009
8.70801 -1.34941 18.8968
6.70559 2.74447 13.4839
21.265 -12.4161 21.5578
-1.1644 -5.0948 12.9446
5.28135 0.65107 12.0187
8.45468 0.922319 16.5524
28.0889 -4.60399 21.226
1.22682 -1.33313 9.18114
5.44893 -2.47637 11.2899
3.52516 0.0482077 10.3305
2.11043 -1.36332 9.61451
2.62532 -1.86256 21.0837
2.92766 -4.98928 16.5196
2.70624 -6.22502 17.9055
9.38764 -12.4189 26.1863
19.3344 -3.98782 33.6019
20.4677 -5.48136 32.3145
9.87078 -6.71957 30.1244
10.3486 -5.91451 29.0816
13.5838 -3.08326 21.9902
8.80227 -9.87068 25.2186
21.548 -5.2642 27.1854
27.091 -2.17431 31.1468
3.94047 -2.49584 11.9678
2.91753 -2.62821 13.1899
4.94075 -2.62535 12.1724
4.12819 -2.43257 11.7023
4.96143 -2.67099 12.0249
14.3336 -3.63091 22.9872
11.9979 2.34502 15.7491
4.88195 -2.23608 10.7907
10.8477 3.09063 15.8195
2.32561 -3.13817 14.8331
2.59045 -1.02326 10.6064
3.69888 -1.90261 9.92843
4.88238 -2.23773 10.8215
5.93885 0.764149 12.4865
2.23336 -1.43934 9.95417
6.62798 2.62504 14.3334
2.33111 -0.908875 10.0047
14.156 -1.34339 18.8149
13.3188 -10.3104 24.419
3.9902 -6.06541 17.9717
1.74507 -1.53733 24.985
15.0143 -9.8999 23.7101
8.54584 -4.46265 30.2531
4.23765 -1.1849 23.6207
5.01508 -1.83784 24.1237
10.0074 0.596985 24.8147
1.0401 -1.95778 8.97166
2.387 -1.38046 9.95307
10.3884 -0.0869468 15.9255
0.665536 -2.64267 13.5921
4.50981 -2.40086 11.1721
6.37943 -2.86017 12.6413
23.832 -3.88972 13.5813
22.8053 -2.92868 13.608
25.1062 -3.20744 6.01735
6.62474 -6.31255 18.1858
12.2435 -4.38998 21.9734
3.33825 -2.38709 23.2775
5.21873 -0.472766 24.3826
25.1199 -2.4384 11.1978
13.7685 -0.0113598 14.676
5.93962 0.724714 13.3566
0.67021 -1.09456 8.15997
0.64937 -1.35162 8.08698
15.6255 5.04484 13.9423
13.9139 0.0145706 14.7513
6.4179 2.50351 14.6359
4.91812 -0.0627792 11.2111
0.955679 -0.723103 8.32102
-0.797449 -0.966324 9.53318
1.39038 -2.3858 8.46554
2.45022 -0.541374 10.4985
-0.718122 -1.24582 9.39388
-0.737819 -0.964541 9.44493
1.28921 -0.964785 8.80256
3.82096 2.48861 11.5406
4.18937 -2.09538 11.474
42.5387 15.5646 -12.7336
14.2595 -2.44394 8.66282
17.2986 3.50837 4.13329
19.1667 7.30987 -4.70987
17.7461 5.76286 -4.10378
12.6538 -1.6424 7.24843
6.81447 -1.5627 26.3723
13.053 -4.84191 27.5768
6.04736 -6.68609 27.0476
5.09969 -1.87286 23.995
3.7569 0.149389 22.853
1.72378 1.77066 12.9109
16.6647 -10.7997 25.6839
9.63427 -10.8511 25.1216
-1.19632 -5.12858 12.9184
-4.53298 -4.15762 9.72463
5.01017 -6.38918 27.9361
11.2783 -0.481013 25.9333
18.4761 -4.93796 28.1262
17.3551 -7.45785 28.8214
16.0722 -9.19014 24.2315
8.082 -6.65008 19.7642
0.849343 0.46176 1.35789
-0.501153 0.450813 1.23477
-0.31675 0.42328 2.21568
15.7631 -12.356 25.2575
-3.50591 -3.71939 10.6017
5.34757 -6.3981 18.8486
-5.63294 -2.6838 9.0685
2.53424 -3.17233 9.89594
-3.56617 -4.41257 10.5716
-5.53006 -2.50966 8.5415
-0.272437 0.417084 2.2153
0.948672 0.332878 1.5733
0.00161159 0.68245 2.36959
0.637798 -1.17929 8.73891
0.319375 -2.58871 11.5561
1.29885 0.0556822 4.07055
24.7331 -0.816982 20.8634
35.5088 -3.75807 2.80399
26.4724 3.43621 7.90962
23.3649 -6.63499 18.7191
29.0123 -8.41118 17.9294
22.5555 3.08042 9.72499
31.0128 4.0665 8.86991
26.8967 3.49332 6.1706
21.2189 -0.947643 15.7199
-5.8494 0.758654 9.10557
-0.174157 -0.198193 6.40039
-7.86809 -0.518338 6.9799
-2.99694 0.848346 6.48675
21.0345 -6.78845 13.829
24.5429 -3.46612 12.1504
25.9113 -4.27372 18.1184
21.7797 -7.22764 18.3844
-3.87093 -3.55277 10.0792
14.4629 -1.352 19.3067
6.94724 -11.8457 24.3919
-4.75856 1.07906 9.28809
-0.520046 0.430266 1.33916
-0.804958 0.281015 1.3043
-0.791874 0.430299 1.22361
21.7869 -4.91269 35.2727
21.4707 -1.49254 25.2881
21.5514 -4.93901 34.9166
21.6208 -9.90315 24.871
30.8668 -2.3945 28.4711
23.3498 -8.10811 19.9824
24.262 -1.18253 21.0393
21.2395 -1.15398 28.6755
24.3078 1.00398 20.8813
21.346 -4.93382 16.0263
-7.82905 0.399757 11.2253
0.592263 -1.07389 8.10486
17.635 -1.88116 8.80588
17.9973 -2.38071 10.5851
-0.0606974 0.524231 1.0151
2.00515 -2.88897 9.11207
0.766967 -1.38483 7.58472
6.31313 -1.52804 25.2285
5.09137 -0.0433093 25.0666
4.77953 -2.13924 23.5989
4.30233 -1.78659 23.327
7.35623 -6.72168 19.2685
6.0003 -4.46083 17.789
7.21551 -5.55346 27.4089
12.7293 -10.3372 22.4755
-5.63868 -2.44559 8.21327
-0.850816 0.241465 1.7815
0.889021 0.338017 1.62519
0.727908 0.329854 2.48375
16.6517 -2.44726 11.4156
20.8472 -3.48329 14.6324
17.4742 -2.29163 10.5687
16.5914 -2.48446 11.4726
20.3962 -1.3337 23.9412
0.636659 0.351814 1.72152
0.159425 -3.66145 9.4423
21.8578 -0.988318 18.6197
17.3787 2.5466 5.71949
13.6743 1.53963 9.97399
17.2819 3.45203 4.21269
16.9645 2.63747 3.77171
0.103573 -0.408991 8.33339
15.0934 1.12891 11.6006
16.7111 7.97487 -7.57114
2.84487 -2.20949 23.9543
21.0092 -6.00146 15.5306
14.7341 -3.57384 9.81925
14.6959 -3.01257 8.88913
4.18715 0.186648 23.7013
5.99339 1.09561 25.271
10.8969 -2.14536 19.0249
5.19481 -0.47519 24.3934
10.6601 -2.66403 21.7891
6.38101 -1.05915 25.5097
5.33378 -5.55655 17.2262
17.6776 -13.8758 26.5838
-5.03371 1.16885 9.82225
1.85452 0.804177 2.47749
1.50203 0.475988 2.91971
-4.40097 -5.02563 10.7012
-7.19851 -5.14938 9.91539
-0.693062 0.420199 1.24738
10.456 -0.906478 25.8122
10.1444 -12.7838 27.8803
21.7742 3.44662 14.1239
8.25674 -1.24705 15.8965
-0.693783 0.416466 1.28133
-0.696954 0.518146 1.21842
-0.852007 0.302821 1.34463
-0.792084 0.423636 1.29935
-1.20165 -0.0559837 6.39483
-2.14252 -0.713374 7.09347
-2.62403 -0.824861 7.93852
-2.69853 -0.862636 8.17823
0.335785 -3.6657 9.17892
26.4177 4.79599 31.0268
0.841219 -0.546496 8.16699
8.42272 2.79785 9.80998
9.06536 3.21826 14.299
12.9254 -1.28631 8.29099
21.548 -7.58834 15.2524
19.3421 -2.07908 9.67071
17.2685 -1.55714 7.98995
16.276 -1.82597 9.15829
24.7871 -0.453143 4.67943
22.1154 -2.91317 3.70974
14.4309 -2.50619 8.79988
18.0324 -3.62249 11.2696
12.4674 -1.69414 7.31234
12.6064 -1.60159 7.46488
20.6376 -10.3958 27.594
9.05954 -6.65936 21.0679
0.619123 -0.145192 7.94349
8.20787 -11.0096 26.0611
4.41924 2.07458 10.2186
14.5206 5.00684 16.3054
20.4521 -7.75467 14.8337
23.2995 1.39754 22.0358
24.6855 -9.42818 21.657
20.4945 -6.65276 14.2891
26.4677 3.59828 11.092
25.7619 -6.75149 22.8875
21.2769 -0.439585 16.2481
22.7775 -9.764 22.8294
-4.81043 1.05167 9.23603
9.2032 -6.88169 21.3719
5.61027 -0.82947 24.8462
4.16404 -4.40843 27.253
-0.455986 0.355449 1.38906
23.2662 -2.45006 13.6495
24.4233 -1.1405 20.1825
21.3443 -4.49572 14.3131
1.8616 0.462038 2.68714
3.05235 -2.10403 12.5421
11.4249 -1.87629 19.4995
35.9307 6.14271 0.642978
36.5656 4.8832 4.6826
24.9434 3.94188 8.63146
24.0088 4.47575 10.4839
27.2026 -6.66974 19.2623
41.8297 3.30625 0.0625211
22.9892 -0.614491 18.6353
22.3445 -2.4549 13.8586
0.376601 0.65239 0.794666
-0.86672 0.152499 1.44365
10.977 -7.38815 33.2274
4.68137 -0.712985 24.0847
4.78327 -4.119 18.9569
13.5857 0.283135 21.8691
4.18174 -6.2486 18.4097
0.456479 -0.080741 7.78712
14.8199 -2.25158 10.3632
19.4762 7.05101 -4.29216
32.418 -0.419195 -14.3684
14.0214 -2.78614 8.54191
15.5095 -2.24808 9.66294
12.9151 -1.35568 8.3464
-0.295684 0.571547 1.40108
-0.354802 0.518983 1.40567
-0.571732 0.407663 2.63693
0.276513 0.397071 1.38281
-0.249001 0.618224 3.561
-0.083584 0.376257 5.42345
16.733 2.20618 14.3187
16.1321 1.84867 14.0562
14.4304 -0.600516 10.3423
12.359 3.03159 6.83923
14.3723 -3.16395 8.15516
14.1919 -1.8011 9.63192
5.02959 -1.28879 24.0522
11.4242 -1.75532 19.3315
20.628 2.88974 18.8091
23.2383 3.68836 15.4211
21.3609 2.93122 18.3247
24.1743 -0.851448 15.3065
0.685724 -2.16883 7.45187
3.08807 -1.54471 9.78864
13.7156 0.174188 21.9141
3.34367 -1.54639 19.7596
4.65793 -1.65316 23.2183
7.91633 -11.2934 27.2928
2.1296 -2.73459 9.35735
2.57617 -2.93787 9.93315
13.7709 -0.00735673 14.6914
-3.6508 -0.385228 8.18219
-3.64267 -0.380689 8.16092
-3.69983 -0.381343 8.26262
0.996983 -6.23064 16.0122
1.12934 -1.58768 9.66209
1.63526 -0.167102 9.12164
0.617732 -2.37247 9.04006
21.3304 -4.57666 14.2947
29.6724 -3.90305 19.2472
30.8464 -3.72353 19.5611
33.909 -1.44208 26.189
22.6161 -7.55834 18.2014
1.38424 -1.6517 8.12462
3.3737 -0.973009 10.6662
-0.584365 -1.74544 6.0281
-0.0816831 -2.01872 6.78649
1.86796 0.27662 2.79908
-0.298792 0.44752 2.29483
1.85551 0.27187 2.77433
-0.55124 0.438933 2.33151
25.0915 -6.80765 19.2758
26.7719 -2.31479 21.2803
21.4903 -2.4702 15.1106
0.0401322 0.542221 0.980499
-0.0903935 0.617273 0.774744
1.33927 -2.44362 8.4843
-0.386346 0.457711 1.36651
9.34149 3.2411 14.2264
6.32284 -2.87464 12.5062
5.23198 3.40749 11.876
2.01165 -2.68712 9.21211
9.87655 1.66305 18.6455
20.6464 -6.06973 13.8869
26.6043 -5.75496 9.07564
39.6487 -0.0827345 19.6721
20.7847 2.25463 16.7516
36.2443 -3.83362 3.18144
23.8434 -6.38933 11.3288
17.6934 -2.89408 11.8125
3.95168 0.00139646 10.3002
6.72369 0.906204 13.0774
4.29365 2.06806 11.2638
2.16187 3.70732 13.9268
0.669753 -1.03614 8.81513
-0.432252 0.418396 1.49186
0.136957 0.448257 1.70621
-0.20069 0.46464 1.89205
0.0422393 0.630645 2.18648
-7.38038 0.369289 10.2891
0.754346 0.286961 1.7813
2.22779 -3.67724 25.5625
5.5451 -6.90171 28.7472
5.0971 -1.88133 23.9963
5.18527 -2.66756 23.9251
24.7406 -7.16809 16.8435
23.1186 0.993239 19.7743
20.7582 -5.59258 26.4231
18.4506 -10.7516 26.4567
22.099 -7.27296 17.7234
18.7511 -6.19318 28.0635
22.2285 -7.63785 22.1612
34.0323 -2.14553 25.7476
20.4288 3.1663 15.8741
1.0314 0.0696276 3.30399
-0.376559 0.560754 1.27253
-1.08696 0.130142 1.7468
-0.342366 0.552467 1.27814
-1.01278 0.122238 1.67385
-7.18621 0.256444 10.8763
0.121592 -3.7683 8.77359
-0.417756 0.440379 1.3077
0.0680532 0.634806 0.731612
0.644523 0.346242 1.63184
-0.632005 0.474721 1.24768
-0.0697836 -1.81626 6.7506
2.52908 -3.03211 9.92481
-3.15885 -3.96178 10.9104
-0.668321 0.372089 1.42593
24.3062 -0.947865 15.8027
16.9221 -1.13668 13.2858
0.596537 0.39872 1.59342
1.56988 -2.46166 10.5352
-0.420771 0.33545 1.37599
-0.966112 0.208151 1.45765
-0.626226 0.252527 1.42294
17.2294 3.45743 4.2149
20.4809 1.37891 -12.8449
14.3565 -1.20324 10.069
17.321 6.46398 5.07118
13.4844 1.70111 9.67978
14.3965 2.28157 7.51034
14.2325 1.65848 7.49731
15.8807 -11.2366 25.6527
15.2617 1.20798 22.9848
15.7162 -11.1513 25.4429
6.39377 -2.05431 25.9633
8.37738 -3.24752 27.6927
13.6017 -8.30835 22.6027
10.1469 -8.94846 24.8147
0.376173 0.583132 0.909518
20.0939 -6.52414 14.801
27.65 -3.99078 9.22626
20.8311 -3.4648 14.616
21.3074 -6.7579 13.4416
20.6695 -1.44873 17.0367
22.115 0.134184 14.2314
13.6174 -8.89656 22.8993
-0.065082 -1.80889 6.82033
-0.544658 0.510728 1.18958
2.10659 3.88924 14.2977
0.127902 -3.91244 8.91836
1.42147 -0.493825 8.96871
0.618284 -1.38485 7.87724
1.4276 -1.7305 8.82921
0.671786 -1.00252 8.17293
3.21848 -6.30647 17.6783
12.314 -4.82555 26.8939
-0.0456046 -4.6075 10.6635
5.32397 3.46391 12.1706
4.3222 2.1374 11.5044
0.54835 -2.79027 8.98836
1.01426 -1.52991 8.24574
1.68376 1.68341 12.736
7.38654 -5.3783 28.859
0.275672 -1.18517 7.11386
19.2956 3.39583 -7.81567
0.965631 -1.05066 8.04234
0.764938 -1.71738 11.2643
-0.748958 -1.19702 9.40023
7.10377 -5.783 18.6991
5.52275 -2.09016 24.6109
4.34741 -4.85029 19.1431
12.128 -2.89636 20.5041
19.5876 4.35413 -6.44374
19.8515 2.6088 16.0185
18.5597 5.79025 -4.54617
12.5381 -1.027 7.46571
-0.252247 0.551406 1.61411
13.0579 -10.9612 23.1715
1.56504 -0.169709 4.32006
8.48652 -8.77227 24.1466
12.4224 -6.94206 28.3893
8.91971 -8.91504 24.8734
16.8923 -12.8666 25.8913
-4.13666 -3.45429 9.89925
3.86051 -2.3543 11.5012
-8.72087 0.341282 12.9011
0.0317829 0.650952 0.685351
0.008303 0.662422 0.651135
0.209269 0.646268 0.711095
0.175671 0.630669 0.766638
0.0658024 0.634418 0.734076
0.172274 0.62912 0.753976
10.8595 -4.64252 28.8277
11.0741 -4.58469 29.8478
13.6705 -1.3876 24.6243
7.39882 -5.03074 27.307
6.87242 -5.73556 18.0953
2.41845 -1.00342 23.0058
2.46699 0.0785604 23.2125
-0.492357 0.33287 1.40539
-0.0753329 0.613002 0.784248
11.249 -10.2675 21.9524
9.34944 -11.5615 25.4186
0.161616 0.595306 0.851381
0.24927 0.595035 0.864166
23.1395 1.68336 21.6466
21.197 -4.57334 14.6885
18.741 -2.03838 10.1841
35.5831 -1.72551 -5.20244
7.82994 3.81115 13.9402
4.08614 -1.9437 10.0458
1.72167 1.65154 12.5688
0.405303 0.480442 1.18202
-0.441763 0.483172 1.22733
-0.283003 -1.18996 6.738
0.047992 0.644901 0.705624
0.0972893 0.627027 0.753125
-4.48384 -3.02742 9.58649
-0.544287 0.309188 1.48626
-0.425813 0.332579 1.37571
0.0898456 0.624492 0.762073
-0.265163 -1.14159 6.56486
0.0663684 0.634046 0.730535
0.0114504 0.656939 0.662031
0.0018742 0.635784 0.715708
0.793061 0.294748 1.78083
0.303257 0.513813 1.0944
10.3998 -6.42831 29.2003
9.25567 0.0864074 24.2094
6.8607 -2.82947 26.4402
28.1859 -3.02919 28.7728
20.8276 -7.46147 15.3874
21.9958 0.0423057 14.3153
6.40224 -0.874593 26.4917
15.08 -3.72815 27.4427
4.89398 -4.82299 15.8317
5.32763 -5.61863 17.2035
-4.98654 -5.72196 11.5076
0.263939 -0.484248 7.11574
-0.55113 0.405524 2.16677
0.251128 -0.511043 7.04286
-8.38117 -4.96847 8.75884
4.42765 -2.69582 12.1847
0.902823 -6.01405 15.6213
1.6732 -6.06362 16.6357
2.9851 -4.99944 16.4678
14.6181 -2.91289 9.87705
1.1139 -1.51015 7.94508
0.442008 -3.95554 9.12051
5.06441 1.81176 12.2915
14.2938 1.84609 8.01893
15.3432 -1.91282 10.0512
18.8591 3.30207 -7.09182
18.0173 3.63641 -8.00611
-0.0112281 -6.50793 16.5517
0.815582 0.368181 1.64491
12.3178 -0.0390413 15.5041
9.85541 0.218529 18.1886
0.714824 -2.42319 8.84345
18.5353 4.95908 4.44844
10.6119 -2.88623 10.4023
15.2692 0.873766 11.7464
20.2473 -3.18913 9.66418
14.2085 -2.81458 10.6622
15.9429 0.59276 12.5788
13.3341 -1.2591 8.24834
13.6719 -2.20409 7.93903
13.7123 -1.44953 8.26966
15.086 -2.01145 10.0682
18.4411 5.64841 -4.30528
19.1075 3.64542 -7.95537
12.8741 -1.36455 8.36258
13.1644 -1.21617 8.51978
30.0675 1.87884 -27.7084
17.096 6.02465 -4.1507
17.1013 2.98899 5.27413
4.86581 -2.48776 11.4334
8.97207 -0.461706 21.1394
2.86448 -2.6165 13.2426
7.28086 -6.62545 18.9261
8.2535 -6.31901 20.3155
7.75761 -2.91878 27.038
6.45223 -6.08623 28.1928
24.5899 -3.99262 12.58
21.0938 -6.60647 15.0151
3.64386 -2.93454 27.2217
3.96579 -2.6544 23.0361
8.07528 -6.38265 19.8685
19.8037 -0.0764526 16.9254
20.8004 1.81733 16.2265
41.1932 1.76418 1.89217
26.7581 3.58732 12.2383
24.2985 -1.28772 19.9153
4.92731 0.0284903 11.2375
2.1745 2.80097 13.1176
2.24833 -2.98834 9.38551
2.64416 -1.27192 10.3739
4.29649 2.19117 11.5237
1.63872 -2.47239 8.38547
-0.168139 -2.0789 7.0197
-4.95669 1.53415 10.1652
-2.10383 -0.588261 6.88014
12.7926 2.30666 15.1386
12.6061 2.41136 14.8775
13.9855 -1.30749 18.9354
21.7952 -7.18705 18.1819
7.70884 -0.0146857 28.6754
-0.0247348 -4.1369 21.7642
1.06336 -6.96076 16.7432
4.55009 -0.473761 23.8555
6.2012 -6.11931 17.7607
1.78665 -3.48232 16.4125
3.81151 -2.37597 11.6493
5.50238 2.29157 13.0859
6.53998 0.585497 13.7565
1.79633 -2.61593 8.96809
0.51377 -2.2288 10.533
5.6014 0.342702 12.5217
4.89933 -6.14486 18.5996
6.59615 -0.560138 13.5971
20.3403 -2.94244 28.3984
5.07141 -5.96233 18.4372
13.6261 -2.7253 22.0617
20.8057 -1.45951 23.9442
13.1905 -0.321277 17.2637
3.42772 -5.82719 21.9344
7.85676 -6.02794 29.5889
4.09257 -1.94691 22.8349
-0.62695 -2.46074 21.5054
4.08124 -10.4169 24.4201
8.50184 -0.388587 29.0015
4.25511 -0.130531 23.8692
4.47306 -4.65136 15.3164
-3.54947 -0.392578 8.055
-3.04807 -0.841061 8.7442
12.4619 2.38497 6.94699
13.6165 -0.941749 7.6418
13.6187 -1.292 8.25622
20.7012 0.254201 17.5359
23.6869 -2.84543 12.3585
24.1451 -3.91218 12.394
20.8459 0.555716 18.213
21.5031 2.83666 12.3874
22.3986 2.8111 13.6249
20.7381 0.392127 17.4225
20.8329 -3.47365 14.6274
13.8981 -3.67973 22.4218
13.5778 -2.65975 25.6101
19.386 -6.91446 27.2369
21.0185 0.719628 16.7622
13.7247 -2.20512 7.87974
24.0885 -2.31083 6.48224
20.829 -3.4864 14.6335
23.3601 -6.43054 13.6783
20.871 1.94069 15.8097
0.311974 -3.47873 8.82533
0.68066 -2.8288 9.01942
0.3639 -3.55674 8.89417
8.88432 1.97468 10.7268
12.1818 2.14287 14.3796
26.1465 -8.74705 15.4944
11.8471 2.11378 13.9956
25.9545 -12.4197 20.9012
21.3224 -4.52528 14.3244
22.2151 -0.66662 13.9507
27.793 -2.52701 29.9111
18.9722 -9.78981 26.0611
-1.21724 -0.607249 6.94787
1.59673 -0.560537 9.06097
1.54792 0.467829 3.03868
-6.0119 -3.69039 9.15234
-2.36323 -0.0456278 6.84488
3.864 -2.31177 11.5019
-1.57367 -4.76732 12.4847
-0.325263 0.496766 1.35882
27.304 -5.50056 10.0593
21.7864 2.90873 14.1438
14.187 -3.5981 22.7291
0.245668 -6.12212 15.1639
-1.01077 -5.64831 13.7913
-1.00068 -5.63442 13.8005
4.44094 -2.2644 10.7888
20.7658 -1.13556 16.1343
13.1651 -1.21991 8.52776
22.6843 -2.34973 13.659
14.3585 -1.74508 9.58915
13.6467 -2.40257 7.77254
22.3925 0.70751 15.8908
10.9477 -0.12941 23.2957
11.7289 -2.40039 19.581
4.56121 -4.6125 15.2393
6.30745 -5.65288 17.6931
16.2953 4.31304 0.0836875
14.1395 2.41964 7.41938
19.0451 6.1114 -3.99707
14.4309 -0.605858 10.3457
6.91969 -8.65108 23.485
12.3161 -0.7705 20.6924
7.01424 -5.61506 18.5128
4.12832 -1.96437 22.7643
6.24389 -5.29597 17.5064
8.00535 -6.34994 19.8173
2.40169 -0.88723 22.9169
27.2633 -2.19752 32.5394
22.7507 -9.71368 24.2037
19.18 -6.52404 27.6018
18.5471 -2.31285 31.0625
28.4555 -2.82162 29.3185
24.3974 -1.45798 20.2947
19.9368 -8.23326 27.007
4.63929 0.995206 24.1404
10.8145 -2.55908 21.337
6.44727 2.97652 13.3165
4.01181 2.91507 10.7315
1.01077 -0.822203 8.12961
6.92105 3.64266 12.391
1.65181 -2.36597 10.3148
3.47578 0.926176 10.41
11.9441 -13.8892 27.434
16.8308 -11.3803 27.2374
-4.95987 -2.54872 9.61239
-2.69681 -4.89083 11.5331
-1.81279 0.139465 6.58486
14.0509 6.23113 11.0016
5.21071 0.994901 12.3248
-5.58484 -3.07221 8.10306
2.5082 -0.954261 10.3283
1.2476 0.744973 2.96377
0.665014 -2.00607 7.00397
-0.99017 -0.860235 6.00967
-0.547071 -1.50676 6.01679
1.66814 0.749862 2.76758
1.29364 0.326984 2.83288
15.0534 -1.99903 10.7474
20.5639 -4.87226 15.6564
23.47 -6.57925 13.2828
16.5835 -2.98063 12.2944
1.61175 -2.54533 8.72534
0.79896 0.287452 7.8456
1.64536 -2.54797 8.64283
2.03734 -1.38365 9.65657
14.555 3.69943 18.7206
2.37792 -1.86178 10.9187
9.24327 -7.32979 21.4085
10.6609 -5.93579 30.1564
8.52253 -2.33808 28.8469
12.6252 -1.39831 20.6053
20.5871 -6.57183 26.3348
20.2406 -10.3054 25.7539
12.4136 -6.82949 26.9878
5.75195 -5.6747 27.8743
20.4129 -5.44287 37.6658
15.562 -5.09913 30.4523
12.131 -2.71099 23.6125
14.5323 -7.83013 24.1156
13.7193 -6.97617 27.3714
21.8026 -8.30114 17.96
16.4193 -2.59655 11.5979
15.9432 -2.59502 11.4916
17.3921 -2.93028 9.90895
17.4022 -2.26805 10.5061
20.4145 -7.05183 14.8936
22.7856 3.53054 13.4998
21.1007 -6.55101 14.8316
-0.801547 0.181107 1.48956
2.54211 -2.99351 9.97542
5.31889 -6.39245 18.8348
9.08235 3.00827 13.6874
2.28974 -1.34736 9.86685
12.7725 -1.24184 8.15069
0.779173 -2.16932 7.64218
5.90237 -9.15755 22.6273
6.26926 -2.88074 12.5315
12.284 -1.78424 6.75219
17.5376 7.50412 -6.438
14.3704 1.63895 7.55699
15.0678 1.25004 11.6259
21.03 4.53674 -2.22087
2.37677 -2.84108 9.38372
-0.857838 -2.94263 12.5713
4.12624 -2.14327 10.5278
4.30907 -2.69443 12.2199
2.39724 -2.07544 9.68897
1.26636 -2.83944 13.7859
9.36098 0.023762 23.2468
2.12794 -2.28644 12.5165
5.52394 -2.82595 13.1652
13.9863 -1.99498 22.181
12.2073 -0.742587 20.5874
15.0525 -1.62691 9.43823
14.9925 -1.65258 9.46864
26.2888 0.790088 -15.8832
26.8176 -5.76785 9.05306
20.5906 3.14411 17.2862
9.8729 -9.08411 24.9054
13.9422 -3.314 22.1526
15.1781 0.899547 11.7224
12.6221 -2.01566 7.40289
14.9788 -3.0981 9.34409
14.853 -1.95603 9.64108
6.16527 -4.78676 18.8052
10.7015 -0.541708 25.823
8.30104 -0.334724 28.6934
14.1402 -1.09811 25.4813
1.73588 -1.73883 21.0817
5.91742 1.18544 25.5914
2.18421 -1.28693 23.5541
3.66023 0.237247 23.0078
27.913 4.63338 7.03555
36.8533 -3.47091 -1.79713
37.2493 8.66259 4.4447
22.3419 0.314581 14.232
21.5416 -3.8325 13.9311
3.49876 -1.48249 20.5967
4.76603 0.769149 24.2137
8.98429 -0.224711 24.2491
5.10604 -4.25069 28.4454
0.144427 -4.39057 21.4088
7.78472 -0.360077 27.8324
5.03677 -4.25659 28.5056
4.53976 -2.41712 11.1538
5.52886 -2.95427 12.9323
5.18665 -2.50286 14.5174
4.5594 -2.4491 11.0321
5.59276 -2.93645 13.4141
4.86423 -2.23301 10.6985
2.56042 -1.30077 10.2278
2.41549 -3.36094 9.94028
2.59029 -2.93169 9.92115
4.30478 -2.74124 12.6271
4.875 -2.24683 10.8345
2.48439 -2.12677 9.90397
0.65379 -1.53747 10.9928
-1.74323 -3.14304 13.8617
4.71222 -2.10616 10.7763
4.45812 -1.84808 23.2451
8.80921 -1.15926 29.4703
14.8359 -2.76332 10.3227
20.5253 1.02565 18.0602
20.2632 2.60509 15.9093
14.8227 -2.764 10.3276
13.7389 -1.42182 8.23578
13.7047 -1.45269 8.78885
4.92026 0.0279244 11.198
14.0568 3.58014 16.0457
2.47729 -1.38984 10.3013
10.8351 -2.57071 21.3759
11.8309 2.24795 15.5674
5.14265 -0.571288 11.9775
4.86569 -2.4565 11.4558
3.97071 -2.52268 11.9053
10.711 -2.64906 21.7541
13.879 -6.96624 32.1478
1.72979 -5.97221 16.5607
5.91841 -5.79165 28.3529
14.7329 -11.3808 24.2804
6.31555 -5.65652 17.7044
16.2679 2.51708 3.43675
17.4438 2.60914 5.6783
5.89789 -2.99624 12.4087
3.68396 -2.83448 13.0981
3.69423 -3.01137 14.0185
3.46665 -2.32033 12.079
1.91167 -2.48767 13.5284
6.92355 0.994665 13.3181
2.12438 -2.7244 9.31194
6.65102 0.445417 13.4169
2.36037 -2.85412 9.40804
6.54025 -5.6993 17.9851
8.85632 -1.39063 28.9692
8.255 -6.30977 20.2744
21.7648 -5.6156 16.6933
12.4815 -0.811611 20.7676
8.06246 -1.25966 15.6388
23.6558 -6.00454 13.1947
22.0216 -8.03437 18.4592
13.7881 -2.44151 7.49555
15.8011 0.810593 12.4515
20.6276 2.56951 17.3049
27.2142 1.92601 -24.8759
26.3921 -5.49755 10.5764
23.6427 1.32223 15.765
14.7088 -0.990314 8.2458
13.9273 -3.21152 7.43672
26.5701 -5.71587 9.08967
14.6936 -1.87939 9.98479
14.6674 -1.967 10.1317
2.06238 -2.01954 9.49009
4.91738 0.0471697 11.2137
3.81713 -2.36065 11.6529
2.49415 -2.13031 9.87823
4.1321 -2.13899 10.5452
17.9135 -1.54677 22.6913
5.59622 1.62347 12.7291
5.60373 1.62991 12.7403
4.29816 -7.48173 18.9642
7.52584 -1.66542 26.688
3.42049 -2.28267 25.4351
8.31836 -0.331365 28.7253
6.42881 -1.2125 25.4721
10.0898 0.675166 25.0623
5.26483 -5.87583 17.8984
14.423 -2.49529 8.8145
15.2933 -3.66351 9.05642
14.6546 -2.1862 9.24269
15.0129 -0.898138 10.9849
18.3159 -2.66769 10.8934
20.6876 1.45729 15.6213
-0.127409 -3.15505 16.9604
5.14102 -2.71753 12.0107
5.52757 -2.6762 11.9398
0.735136 -2.66813 13.5165
-0.163644 -3.14433 17.0079
7.65332 -0.317613 15.2185
1.68348 -6.03301 16.612
2.60674 -2.49981 12.7556
3.58575 -3.01115 14.1394
9.73384 0.107839 23.7629
5.61233 -2.76127 12.2639
12.645 -0.419231 16.7623
5.61059 -2.76536 12.2587
18.7882 -6.7931 27.9892
23.5122 1.06217 14.857
26.8401 -6.12007 9.02455
22.9466 -7.45518 17.4651
21.4954 2.85059 12.4366
32.0557 -3.55697 7.48423
11.4905 -4.2805 25.906
13.2513 0.162723 23.9844
6.03307 1.13517 12.0528
14.385 2.81178 8.65447
14.1428 2.55616 8.74921
4.21736 -1.54177 10.7066
-0.0323486 -2.77947 11.8101
6.69038 0.455527 13.421
6.57681 0.936397 13.452
10.9787 -2.57854 21.3818
8.48315 -1.10329 15.776
2.04237 -1.37495 9.65591
14.826 -1.96602 10.075
15.0842 -1.94239 10.0576
15.4489 -2.53718 10.9869
14.016 -2.35066 8.4345
13.743 -2.14298 7.67459
17.3641 7.38176 5.36774
15.2908 4.42179 8.41965
15.1799 4.29634 8.45228
14.5181 1.8054 8.25641
11.6813 2.57591 5.90598
14.1025 1.33639 10.4956
20.3026 4.39066 -6.9066
20.0279 3.05915 16.2443
8.40291 -8.92104 24.5132
17.5059 -1.68893 24.8585
20.2923 -4.36816 28.3724
23.0187 -12.1241 26.2906
25.521 -7.16751 43.0399
21.1614 -8.46244 25.6386
20.299 -10.3943 25.7716
2.33413 -2.84476 9.61888
5.13788 -0.575627 11.96
4.9734 -1.81383 11.621
2.267 -2.89833 9.52875
10.4245 -0.0941668 15.9648
0.17919 -1.94795 23.1308
14.3839 1.9685 8.29634
13.9846 0.881567 8.2486
14.4846 -1.6844 9.3814
14.5558 1.08058 11.0093
13.6891 -1.43834 8.12702
13.6253 -1.45179 8.15636
19.7405 3.33439 -7.21981
19.9796 4.33818 -7.33624
21.8186 -6.16635 13.5277
21.0238 -4.7665 15.4765
23.6776 -9.40294 22.4027
24.5264 -1.08437 19.7073
2.57106 -3.18538 9.8579
2.57059 -2.93837 9.91115
4.41948 -0.269657 11.07
10.7242 2.10989 16.4823
5.70072 -0.209849 12.2405
15.4164 -2.60247 11.0121
25.8736 6.91323 -2.73463
14.613 -2.18932 9.25721
14.6124 -2.18861 9.25649
16.6749 3.85411 0.89826
12.4401 -1.68899 7.33142
14.2354 2.21873 8.43678
18.947 -3.46558 10.1713
0.0297205 -3.12818 16.5604
7.67197 -0.292916 15.2606
5.38629 -6.31592 18.5398
13.6071 0.762785 21.9671
4.68802 -2.74094 12.84
13.2676 -7.76582 23.6904
12.9531 -4.84537 27.6036
7.76299 -0.270964 15.2486
4.28755 -2.51575 12.3029
9.80872 -1.28266 17.831
2.10069 -3.43905 16.3061
4.67301 -2.91554 12.7948
3.99009 -2.53156 11.8906
-2.4578 -5.07519 17.6127
3.70861 -2.29407 11.7826
4.87327 -2.44133 11.4455
0.627585 -2.67248 13.6456
25.0799 -6.17143 10.2782
23.9863 3.97952 9.36645
0.854188 -3.70425 15.8866
1.88948 -1.03574 9.49227
8.49624 0.896996 16.6037
5.88926 0.746146 12.5063
12.2994 2.78304 14.7363
2.35202 -3.14651 14.7989
5.87376 -3.03635 12.4351
4.86304 0.629027 11.5218
2.25518 -1.18532 9.81845
2.36467 -1.85937 10.9474
10.8454 -2.57359 21.3824
9.83811 -1.64482 17.8902
12.7928 0.260183 14.7846
13.8765 -2.47664 8.16612
15.6752 -3.35934 9.17788
13.9223 1.39674 10.1694
13.7548 1.60875 10.0209
20.4636 5.13685 -1.8711
26.5164 3.03584 11.8154
22.2527 2.58176 20.3605
30.9675 3.53484 10.0608
20.8269 -10.3639 27.4865
18.2833 -8.94069 26.4529
21.7761 -1.78772 17.9472
23.7763 2.9106 14.4857
21.7827 -7.62463 18.2823
23.7422 -9.40464 22.4447
6.91543 -5.70791 18.472
20.9652 -0.175384 8.77792
23.4777 -6.56145 13.2801
6.71659 0.744892 12.7328
5.68346 -0.367351 12.1443
4.31024 -2.70427 12.2136
2.27593 -2.78644 9.29
2.37891 -1.86522 10.9124
4.0972 -2.14472 10.6802
2.1954 -2.61201 13.178
10.6634 2.08418 16.4334
10.6657 -0.310935 22.7319
15.1925 -1.6853 27.2404
4.21637 -3.23556 14.2606
5.57408 -2.74366 13.3529
23.2229 -3.59571 14.6231
20.7473 2.27424 16.7893
5.64455 -5.86042 17.2532
10.4717 -2.3107 18.5284
7.50813 -3.08884 26.9413
12.3937 0.0124395 15.57
0.138059 -2.91505 14.2152
4.80941 -2.20057 10.605
5.69823 -2.15979 12.4159
1.31194 -1.37396 13.273
5.57653 -2.53784 11.6552
18.5835 -9.62175 25.5854
1.8835 -2.54005 11.4019
6.85557 -0.246322 14.6586
13.6467 -1.25468 8.19595
13.3215 1.83626 6.70766
14.7291 2.1609 5.61273
14.1899 1.61542 7.52943
14.4062 2.64069 7.84237
19.3439 3.65512 17.3707
14.4257 1.60811 10.9483
15.2696 6.85844 7.5278
20.8766 -1.09839 15.6921
9.93429 -11.7602 28.3251
7.5606 -7.03928 19.8544
17.4531 -13.8149 26.3104
10.6087 -6.35119 30.0232
16.9614 -14.9093 26.83
0.782786 -1.70616 11.3662
10.5917 -2.26181 18.588
14.0559 -1.9799 22.2672
2.13028 -1.1626 9.61753
22.048 -0.780147 24.6862
4.88492 -2.14365 8.90415
4.3583 -7.43296 18.8811
20.9396 -12.3535 21.376
8.52922 -1.10813 16.0574
20.1642 -5.44279 31.8181
19.1921 -3.6469 10.4336
13.811 2.67754 4.65453
13.9847 -2.6308 7.88435
8.37823 -3.28496 27.6903
5.85293 -3.5363 25.8421
14.4252 -6.60167 26.1012
2.4092 -2.06902 9.65437
2.59258 -0.292735 12.5209
2.60813 -2.25873 10.3128
4.21738 -1.54082 10.7248
-1.09875 -5.04411 12.874
-1.37457 3.25882 14.9057
1.42803 -0.49629 8.97083
4.02062 0.0673177 10.3926
3.51509 0.0367077 10.3008
13.8701 0.000188699 14.7139
5.78761 0.917123 12.9892
6.30369 -0.00952125 13.2449
5.15596 1.00381 12.3068
3.69324 -1.90544 9.93574
3.52612 -0.285822 21.565
11.3792 -2.10091 19.7642
2.81235 -5.00267 16.5467
4.69309 -4.26453 19.2942
4.8114 -0.579346 24.0777
1.99997 -1.97028 21.6653
6.7711 -1.55651 25.1863
11.3048 -0.382315 24.3929
4.44139 -4.56827 15.3066
12.5185 -0.823044 20.7726
4.09389 -4.40314 27.3211
18.5516 -1.64392 23.4319
19.9302 3.61057 15.9933
19.9989 3.62572 16.0213
-0.403469 -3.04939 21.5683
2.57958 -2.44492 21.7243
-0.693756 -2.49581 21.6089
2.67386 -2.2469 21.2832
15.0911 -0.178875 23.1019
4.58031 -4.08356 19.6194
3.99177 -6.95185 19.1548
2.94229 -6.47884 18.2221
3.56582 -1.57213 20.6234
4.57269 -2.80927 12.3431
4.42735 -4.68984 15.5129
9.52546 -0.0599229 17.5151
5.36004 -5.74973 17.4767
17.3606 -6.02384 29.414
12.4165 -10.2591 22.3472
17.6415 -2.3032 10.7942
14.7236 1.08373 11.3087
15.7163 0.864259 12.353
8.83887 1.94972 14.6462
13.7129 -1.1434 18.3014
2.49168 -1.42664 10.0818
2.34664 -2.58676 12.7893
17.3701 -2.66879 29.8313
5.16644 -2.65067 23.9775
16.9211 -2.78046 29.3027
10.3901 -6.47657 29.4547
19.8453 -8.51469 27.1265
13.7005 -3.41061 22.3815
4.29704 -1.51654 23.3352
5.37878 -1.17349 24.0127
11.9854 -2.92098 20.1532
3.51934 -2.35904 11.986
14.4025 -3.71445 22.7609
22.5563 -4.15336 13.7756
19.4463 6.87593 -3.98036
14.0064 -1.85135 8.30086
5.27463 -2.76839 12.6804
5.72516 -2.76416 12.1948
2.26885 -1.74795 12.2849
2.33505 -1.78493 12.213
3.64334 -2.6696 12.8435
18.3942 -1.39691 8.06679
23.5525 1.48388 13.4175
14.4184 -2.46882 8.81429
4.57139 -2.32666 11.9237
4.81947 -2.51312 11.5454
13.1056 -2.84083 21.4799
14.0382 -3.00027 22.1952
11.569 -0.472186 25.373
8.00725 -8.96336 24.5859
7.82813 -0.325434 28.0254
21.3325 2.06471 -11.7682
12.4776 -1.72666 7.28924
19.7601 4.35481 -7.37297
19.5141 4.97673 -6.0326
15.7903 0.664156 12.4081
8.63537 1.03137 24.4525
30.1564 -4.98912 7.81683
21.5308 -1.74071 5.4654
37.6676 -3.79042 -5.70716
14.6887 -3.03022 8.89493
3.95614 -2.61888 22.9239
7.66269 0.122177 27.8897
19.4632 -6.33141 27.6788
27.0639 0.37758 25.3752
21.8732 -9.40889 24.9414
22.7666 -0.635745 28.4258
3.64877 -3.00541 14.0548
5.01061 -2.44847 11.3608
30.8293 -3.83447 19.0784
25.0427 1.05051 23.7795
20.0634 2.10096 11.7738
4.01414 0.0274979 10.3123
2.60427 -2.29597 10.3183
0.799678 -2.41266 11.1402
21.4424 -4.54482 14.7336
23.0854 2.60378 13.59
23.7524 -6.36374 11.2016
11.4749 2.65728 15.8481
2.22262 -2.8451 9.34788
4.21642 -1.55299 10.7095
3.19494 -1.236 10.0417
0.969594 -2.56779 11.0014
5.17492 1.01235 12.3902
2.70295 -3.02092 13.7872
5.17799 -2.75561 11.8004
7.73458 -5.94775 29.5664
7.93017 -1.99771 27.7851
15.8984 -4.07493 28.4157
3.05416 -1.32596 20.2434
12.7172 -1.35207 20.752
-0.439474 -4.02186 21.7389
4.29466 -7.54738 18.918
21.6602 -3.00134 4.20435
21.4748 -2.65202 15.193
21.122 -4.60693 14.9301
27.6783 2.1191 11.3377
25.7826 -1.32635 4.75358
22.3533 2.07235 13.6627
22.7942 3.12485 13.717
15.6939 -1.50071 26.8657
14.2456 -3.45572 22.9643
26.2081 4.24771 10.4116
35.7265 4.38488 5.5992
33.6089 -2.71119 -4.34701
33.5675 4.10393 7.71706
20.9519 -2.80126 15.1576
23.0361 -5.64848 13.5992
22.643 -5.89942 13.712
15.4088 -4.33681 29.8983
14.869 -10.2144 24.4106
3.82792 -2.38982 11.593
2.3602 -2.86157 13.6068
-2.21343 -5.65571 17.3834
15.1121 -0.261156 21.6846
13.3168 -2.78785 21.6749
12.3661 -3.17879 23.1107
12.1189 -0.762263 20.418
12.609 -3.18058 23.5826
21.4929 -1.45154 25.3338
12.0305 -1.92365 23.1683
5.22125 -1.02128 24.3876
5.76924 -3.49321 26.0471
11.7865 1.2961 20.5187
8.90248 0.214859 16.4801
13.8553 -1.63357 17.9018
0.875947 -6.24319 15.7484
2.29696 -2.73006 13.9324
11.2883 -1.88567 19.2188
22.5489 -3.79331 25.2205
2.20855 -1.17415 9.88697
11.3423 -5.88533 27.3963
3.63165 -2.96472 27.2483
22.3491 -7.69939 18.9508
24.0219 -5.31618 24.0811
2.61432 -1.28682 10.3605
22.2774 -5.29188 31.5116
-0.110623 -3.15011 16.8757
0.504998 -3.86558 16.5458
6.29486 -0.79523 12.564
5.61679 -2.53722 11.6467
5.6327 -2.53814 11.7009
22.5659 -5.85239 29.0663
20.7538 3.57345 3.42073
21.5629 5.9704 -3.52058
19.0062 5.37771 -5.25323
14.0203 1.99862 7.86654
13.162 -0.559043 8.70557
4.85757 -2.46679 11.4723
0.251048 -0.391393 21.0673
5.3949 -4.9832 16.2315
17.9595 -3.34517 30.7351
13.3298 -2.64404 26.7854
10.4879 -1.79525 18.1332
24.2188 -1.92177 12.7348
15.0862 1.15778 11.5838
20.1306 2.93779 15.5212
22.2388 1.74447 14.0428
22.6952 2.11554 13.6221
21.2531 -2.99213 16.6772
21.3774 -4.68883 16.0376
21.8402 2.30103 20.1117
20.8576 2.32919 15.5741
22.7908 3.72313 13.1744
21.9924 -3.49441 13.8332
23.2164 -0.737449 18.8606
21.716 -2.70624 14.8191
19.1969 3.05938 14.4254
21.4561 -1.814 17.7999
24.2334 0.276963 20.5165
23.0901 1.27061 19.7118
23.2219 -0.726585 18.8719
23.531 -0.748472 14.525
19.3409 3.18907 14.4384
22.2451 -2.32628 13.8491
21.7496 3.39883 14.1102
20.9842 -4.52953 15.9723
21.1211 1.87356 18.6553
24.7356 0.358099 20.0818
20.6508 1.64845 16.0831
26.6051 3.50503 12.273
21.6762 2.32129 20.1487
34.6495 3.77834 -0.562171
20.9039 1.86139 16.5052
18.565 2.55785 13.47
22.1536 4.37713 12.3578
20.9711 2.39664 16.8538
20.9571 2.39187 16.8538
20.8402 2.47237 17.1527
20.5575 3.12954 17.2441
22.0666 2.52805 16.9061
22.2496 -0.878538 14.1748
21.4887 -3.27286 16.6503
15.7736 0.781405 12.4888
19.014 2.87748 14.1512
20.9286 -1.27429 16.7267
15.1674 1.06372 11.7445
16.8775 -1.20419 13.3017
20.8697 -1.05301 15.6325
14.7333 2.14734 7.84971
14.4946 2.06863 8.26543
13.316 1.70637 9.50292
19.797 3.39004 -7.37457
13.865 -2.40623 8.01208
16.7206 0.423181 13.5503
20.8243 0.423456 17.4794
17.2932 3.47732 4.17863
13.8213 1.34451 10.0673
18.3057 4.50944 2.75853
19.3323 6.24153 -6.63918
16.339 2.6153 3.29632
15.4755 -2.58772 11.0135
20.6162 -8.2083 26.953
20.99 -6.17799 26.2139
20.3963 -9.61646 25.8496
19.487 -2.20441 9.67423
20.1841 -3.33562 9.49682
18.4889 -2.20895 9.72232
13.3886 2.43252 6.08955
15.2649 2.08249 12.0865
25.0246 -9.14265 21.2863
23.9143 -9.5092 24.5492
14.2332 -2.52668 8.52533
22.2896 -1.23412 13.9236
12.1292 -1.58598 6.15033
15.4448 -1.83889 9.80947
27.3653 -2.6087 29.6314
26.2116 -9.23587 21.25
26.8844 -3.43427 23.2589
13.3777 -4.5035 29.4887
26.0812 -0.526764 23.9217
15.1134 -3.67768 27.4989
20.6598 1.68255 16.1107
12.4732 2.40344 6.9116
19.848 3.08186 15.4882
34.4909 5.90812 2.32855
24.648 -1.04078 19.6286
21.2393 3.59345 11.679
42.2585 5.09747 0.125028
17.5397 1.5704 14.4088
23.5838 -1.27174 18.9834
20.7932 2.25697 16.7649
14.5386 -1.72192 9.40652
15.9053 1.9924 12.7808
20.1912 3.50096 18.2295
20.6693 -1.77173 16.0879
23.5428 1.18059 19.7756
24.2167 0.998641 20.8486
14.5447 6.52063 7.90765
11.8296 3.28927 6.57683
14.4238 1.26538 10.8497
15.1227 -1.53575 10.814
19.8375 4.88918 -6.42336
17.7688 -2.85624 11.7489
20.576 -3.84738 15.236
24.5903 0.0853984 22.1544
23.1272 -5.54313 24.4659
29.9339 -0.109205 26.0379
24.3684 -8.3167 21.932
18.0773 -2.27229 9.92852
18.2847 -2.22845 10.4274
21.1629 1.96454 16.3292
20.7475 0.853499 17.9228
20.7157 -3.01633 15.4477
16.6971 2.78093 5.37519
13.9976 1.40477 10.339
17.6553 7.38443 5.26938
21.5111 -2.76051 15.0185
14.9738 -1.44478 10.7985
21.6639 2.81115 18.0167
20.176 2.77451 15.8396
28.9487 6.53238 -4.08795
19.4665 4.59933 -7.46908
32.2824 7.98025 -6.7716
26.2779 4.57149 -3.55409
17.3331 3.90601 0.897268
17.6452 -1.57159 27.9365
14.7028 -5.21024 27.8567
11.9533 -3.00333 29.1969
15.9585 -2.50291 26.8951
28.4908 -0.221543 24.2611
15.6198 -2.67513 28.116
8.47995 -2.06441 32.3722
12.2597 -0.955637 7.20672
13.4798 3.30868 10.4954
12.9977 -1.26675 8.00475
13.8658 -1.88556 8.38003
12.8983 -0.918371 7.16728
14.4124 -0.955088 10.2439
15.1903 3.25377 1.55524
16.0972 6.73971 6.76854
14.0691 2.17465 8.14632
14.7338 -2.47731 10.1411
14.4676 1.56673 11.0486
15.2891 1.27049 11.6657
14.4833 1.57064 11.0467
13.7586 -1.89825 7.75484
24.0125 -2.31143 6.50064
25.1561 -2.61138 5.24318
14.8374 -2.88932 9.19135
43.6153 -5.20574 1.10714
13.1964 -1.2368 8.57886
15.092 -1.81134 27.581
12.0963 -8.60222 23.2184
8.58966 -4.46994 30.2821
17.2944 -6.24474 29.2517
9.38979 -9.22385 24.2031
14.293 -3.10371 28.8707
14.8489 -2.03416 27.2821
13.7034 -3.22733 25.7674
15.5927 -4.59498 29.8541
20.9787 -3.90054 15.2382
21.242 0.932785 16.5653
28.9906 5.31982 6.68795
21.0978 -3.90818 15.2189
29.7995 5.87401 6.05397
39.362 4.8909 2.75632
24.229 0.218841 20.3734
28.7368 5.26339 6.83
25.1092 5.79561 8.71781
30.1892 -7.10313 20.4438
21.0841 3.67954 11.3787
28.5782 5.15544 6.94435
30.587 3.74521 8.71488
13.496 0.345256 9.1205
22.8183 6.04646 -3.46132
15.4715 1.90504 12.0293
13.9392 2.2245 7.29949
15.3445 -2.15044 10.8839
14.426 -1.74248 10.0254
12.3306 -1.23852 7.02184
14.22 -1.84571 8.91255
12.3121 -1.24806 7.04468
14.6809 -2.06339 10.2602
15.0094 -0.911647 11.0008
14.4177 -0.932599 10.2435
17.982 3.91553 6.42585
22.4294 -8.15835 24.309
22.8875 -5.73865 24.8269
14.9555 -8.50619 22.8142
19.4415 -2.66953 28.7927
14.8316 -8.44591 22.6887
16.7127 -9.65447 24.1511
20.6031 -6.15218 26.6007
23.4543 -4.72488 25.1398
22.926 -1.01304 27.1513
20.6342 0.628881 17.9886
23.6289 1.13348 14.8311
20.6156 -1.2346 16.4207
16.3636 -2.60831 12.1956
16.044 0.352293 13.1606
18.1204 0.542853 15.6017
19.8702 3.42336 15.5018
15.1814 1.14341 11.7657
14.664 1.42859 10.9755
22.8742 -3.7262 14.6041
21.1353 -2.81203 15.1684
23.0222 -3.74769 13.7962
13.3532 1.92385 9.5001
14.4755 -2.53623 7.8468
14.5386 -2.79748 8.95443
13.9472 1.33712 10.2373
14.4054 -2.69362 8.58952
14.6572 -2.17844 9.23383
13.7496 1.33325 9.9338
26.3248 6.01045 -4.29987
13.1923 0.14333 8.92592
20.9409 5.74031 -2.98869
18.4615 3.01911 -6.19949
20.0342 5.30794 -6.8854
30.4073 -1.55664 30.1294
25.5788 -8.70255 19.813
22.423 -0.162448 18.4123
20.9304 -3.03646 16.3549
26.7523 -1.96584 18.2948
13.1501 -2.71705 26.3349
12.2915 -6.87724 27.606
8.36082 -1.90595 33.021
16.7609 -2.14793 28.0007
15.3408 3.96256 7.73813
23.2708 -6.45668 19.5894
24.4172 -9.48011 21.762
28.1706 -0.920383 24.2777
22.1548 -1.85555 13.9261
16.2068 0.709291 12.8687
21.7747 -0.767294 15.7836
22.9441 -9.17569 23.8078
19.651 -5.39347 28.2748
23.8545 -7.47337 23.3665
21.8403 -7.63913 18.2859
21.8702 -7.40241 18.4197
27.4946 -0.895913 20.9631
22.8144 -9.48887 22.402
21.8238 -4.39878 35.1199
28.6865 -5.12001 20.1162
22.698 -8.12567 18.7071
24.4632 -1.13506 21.6281
25.5587 -0.748236 19.4562
20.205 -7.77977 18.5807
26.8089 7.40028 -3.43236
19.7234 3.32204 -7.2048
19.4806 4.34024 -6.77683
12.7275 2.1344 7.12594
14.2052 -1.68348 8.82616
13.2639 -1.73266 7.47231
13.8636 -1.88454 8.3786
13.7953 -1.59659 8.27066
11.503 3.46642 6.3086
20.5955 4.89624 -1.73605
20.0079 3.09591 15.2957
13.1483 4.29219 7.81738
15.3086 3.96296 11.4532
13.7729 2.13963 8.1622
14.5133 3.14072 11.4478
20.6384 2.13009 15.5793
21.1762 -1.09454 24.4954
23.1778 -5.01266 24.9498
17.7201 -6.81584 28.7992
21.8295 -1.77089 17.9647
16.8008 -11.596 27.0509
15.8722 -4.074 28.2764
23.2632 -0.988969 27.0268
21.0002 -6.48754 14.7985
24.6854 1.84142 14.3497
17.8559 -2.1123 7.79106
23.7142 -2.84272 12.3551
25.6676 3.99629 11.2723
21.365 -4.85549 15.7838
25.1226 0.184912 21.5899
23.7631 -9.46204 22.4551
24.4995 -9.49772 21.7978
22.903 -0.825228 25.1425
15.3927 -4.42429 29.8636
22.0296 -1.00342 27.8237
19.4433 -2.55893 28.8389
20.4537 -1.33907 28.9975
25.4729 0.340698 23.2336
22.2151 -1.18867 24.728
15.3905 -4.45331 30.0441
24.1931 -0.941963 20.4937
24.5966 -8.34571 22.084
19.984 -8.71993 27.4659
23.2785 -8.07638 19.9563
23.6899 -8.00967 21.7488
15.1927 -4.78034 29.6647
25.3846 -5.52827 22.7511
12.7592 -4.92576 27.1128
13.319 -4.92301 27.4252
19.4673 -2.53707 28.8076
14.1799 2.36224 7.49917
14.6703 -1.86706 9.55294
11.6873 -3.75238 28.5653
22.9897 -7.71545 22.4396
13.7394 1.33572 9.92713
18.4153 3.88353 -8.76302
18.7118 -2.58165 10.8424
14.3209 -2.44823 8.63345
22.3026 -4.67067 13.3538
23.2122 -4.69457 13.382
22.6841 -1.73739 13.9209
25.501 -0.941078 22.8632
24.1082 -1.21908 20.9837
23.4144 -0.468994 18.656
20.4547 1.42144 16.1122
16.6901 0.348491 13.6165
23.8822 3.24103 8.7731
21.1915 0.792318 16.1717
29.7504 -4.39014 19.4379
30.7874 4.99627 3.72428
21.3782 -1.17658 16.894
22.5219 -3.4788 13.7814
20.8064 -2.95147 15.7067
20.8599 0.601291 16.9662
31.6234 5.73658 4.31634
35.048 5.33485 6.25238
20.2624 2.07256 16.1129
22.8579 -2.34253 13.6306
14.5245 1.24032 11.1008
20.4451 0.932249 18.315
20.0119 3.53654 15.2135
21.3066 -3.0742 16.0573
23.4543 -2.82343 13.3392
21.2544 1.94805 18.7142
16.708 0.405894 13.558
23.783 -0.90337 15.2408
25.2959 3.73819 11.46
15.1112 0.344 11.5123
25.1295 2.02503 14.421
18.7198 2.99205 14.3188
21.7013 2.79428 14.1238
20.6772 -1.23322 16.4454
22.0312 -2.80046 15.1767
24.3435 -1.89628 12.7353
21.8201 2.86547 14.118
20.8377 1.31219 16.1334
20.8281 3.09071 15.9668
37.0912 -3.48357 1.21112
37.4892 6.17026 3.56667
22.9609 -3.27085 25.775
24.0099 -5.51711 24.1751
21.1352 -9.84644 24.9254
23.2069 -0.922978 27.0408
17.3942 -6.06217 29.5257
22.7531 -7.07404 24.7501
9.07992 -7.44525 21.3571
23.4686 1.30466 20.2512
20.6497 -3.08995 16.2057
20.8384 0.61856 18.2839
38.5447 5.26274 -5.41375
19.4812 -1.38125 12.2271
20.8164 4.76033 12.2528
39.5425 5.18602 -2.9904
37.6086 7.40678 0.585109
21.0764 -4.11554 16.1767
27.641 4.72835 7.14107
20.5349 1.52955 16.0928
22.7247 -4.91742 25.3294
21.9093 -2.61851 24.9004
23.3631 -6.00265 23.8894
22.11 -5.84084 24.9957
21.4256 -1.46442 25.2782
22.7368 -3.9379 25.3963
23.128 -7.75094 23.3974
30.3516 4.8219 5.27778
24.8365 0.392417 20.0847
25.49 4.50995 8.28061
40.7238 9.16649 0.128692
20.7027 1.82508 16.1596
24.5284 -1.08278 19.852
23.2486 -0.545281 18.7205
20.9615 1.39253 16.1427
21.2976 -2.3407 15.0717
36.1685 4.35203 -1.85973
33.8807 -4.72673 19.6939
20.7713 0.288903 17.5761
23.4224 1.72983 21.833
20.7094 1.53269 15.5385
14.0097 2.25928 7.27365
17.5448 -0.691476 13.0543
19.2407 3.89711 -6.03683
14.4071 -0.964369 2.24783
19.9506 2.94604 15.6536
19.8658 3.12418 15.5
20.3762 2.85213 15.4548
15.9085 0.728592 12.621
22.0553 -0.772775 15.8362
16.8891 -4.48878 12.0631
13.9805 -2.71124 8.11086
15.4043 -2.54262 11.0087
14.4152 -2.48684 8.82064
14.5262 -3.70372 9.71194
14.5648 -7.02191 26.1623
20.028 3.14204 15.5226
23.7596 -2.38662 13.5043
14.3576 1.22549 10.9868
23.1526 -2.33207 13.5058
23.713 -0.679805 13.8555
21.401 -3.09009 16.0641
23.6661 -1.61769 13.7379
13.7569 1.34902 9.8919
22.7137 4.38862 13.1313
41.972 3.34599 -0.287989
36.1307 4.27791 -1.82501
20.6653 3.42467 11.2953
19.4299 -0.27444 17.0682
20.8296 -1.34562 16.8863
19.035 2.90765 14.1634
20.8059 -2.85799 15.3775
25.3265 4.28152 8.45454
23.8101 -4.82425 25.3988
30.3238 -4.48843 6.47977
24.7648 1.04261 22.1253
27.6042 2.13149 11.3591
25.1129 4.03904 8.56151
20.8011 -6.20313 14.0564
20.82 0.544398 18.2239
20.5361 -6.65308 14.2887
22.2443 -8.00334 17.1258
20.3602 -10.5425 25.8038
21.8438 -7.17696 18.1891
21.7417 -0.431253 26.7619
17.5585 -3.62746 29.6889
27.8637 -4.60552 21.1072
26.2061 -4.29099 16.7673
21.8616 -1.75997 17.9849
24.2484 -7.15864 16.8926
17.49 -7.27206 27.4997
20.3513 -10.4121 27.7311
24.0339 -1.96713 12.7664
15.7605 0.727157 12.5364
22.1479 2.6534 13.9934
18.895 2.82409 13.7507
12.4124 -1.32092 7.03922
15.8708 -3.23074 11.45
13.6611 -1.34414 8.02092
13.4872 -1.36322 8.15969
13.7571 -1.59936 8.29327
11.9587 -3.07016 28.9856
14.8704 -2.18274 27.218
22.2896 -7.71973 22.2151
15.235 -7.58795 26.4701
20.1406 6.41529 -4.36961
13.4265 1.81732 9.68952
13.7466 -1.47973 8.74516
17.3286 7.89257 5.60778
17.7341 7.08591 5.48348
12.7505 -1.33152 8.18286
14.7811 -1.99979 10.388
13.6315 -1.46299 8.3299
13.7683 -1.46595 8.75888
13.7871 -1.42776 8.22485
15.2129 -7.59475 26.4004
20.2608 -4.45645 28.2028
15.6677 -4.3859 29.3592
19.1197 -0.940951 24.7252
14.279 -1.51001 8.82726
14.3041 -1.67896 8.76998
13.2963 -6.75384 27.0644
14.0429 -2.77287 33.6161
22.9702 -3.26211 25.7861
24.3989 0.998632 24.0599
20.7518 0.509716 17.0198
22.8633 3.8204 13.1333
24.0424 3.10483 0.210197
14.0947 0.946433 8.19353
12.9021 -1.34393 8.34059
15.078 1.12403 11.6152
14.9175 2.25389 7.89699
13.5255 -1.4583 8.2234
14.4144 -1.71617 9.04556
14.0116 2.26687 8.16495
15.8176 2.44801 12.1283
14.2511 2.8853 8.51146
13.274 -1.72851 7.45921
13.9233 1.30701 10.2183
13.4495 -1.46237 8.79395
13.6206 -1.47599 8.83765
18.9631 0.0781773 3.88726
15.1769 0.880502 11.7382
17.9979 -8.77118 26.5316
15.636 -4.82752 29.8294
22.3129 -5.91728 25.1249
12.7628 -4.87342 27.3393
21.6347 -1.5098 24.9224
25.1501 0.181851 21.7711
13.9662 -8.26768 22.4738
26.8913 -3.39894 30.4537
16.0417 -3.99456 28.7439
22.8687 -3.22518 25.7069
21.0386 -5.62554 26.4171
18.2132 3.84004 -9.01627
24.6252 0.195744 7.404
22.6725 -0.68517 18.5021
24.5153 -1.89364 12.686
17.9863 1.93541 13.6227
18.8443 3.14407 14.5765
24.1373 -1.73256 19.2342
26.3017 4.97192 10.1305
31.2265 2.28649 8.44065
18.1206 2.31891 13.789
20.9161 -3.27291 16.6347
23.5838 -1.29967 21.2263
27.1472 -6.62971 18.3664
20.9975 -3.60042 14.826
20.444 -1.29692 16.462
26.2118 2.71427 11.5349
23.8437 1.44479 20.3829
15.0403 0.988624 11.5635
15.7956 -1.96656 11.6834
19.9016 3.38661 15.3591
14.0461 1.39062 10.4017
15.948 0.573053 12.5904
18.4477 5.55715 -3.89648
17.0816 7.00075 6.01518
13.3736 -1.14393 8.61372
28.6088 -8.45134 18.0284
13.277 1.86751 9.51666
14.7273 0.658442 1.30678
19.3897 3.07846 15.2941
14.4751 1.49372 10.9285
14.0566 1.30397 10.2309
19.5026 4.16817 -9.27044
23.5677 5.35366 -7.23667
22.153 6.46917 -4.41343
13.3355 1.84819 9.5767
13.756 1.4166 10.0684
21.8504 -1.76773 5.60122
15.4457 -3.57889 9.05831
17.1275 6.22538 -4.21427
22.0014 -7.15636 14.3118
20.9694 -6.55865 14.9731
13.9394 1.38564 10.2439
14.8261 0.989201 11.5636
12.6288 -1.06482 7.57388
13.3734 2.0759 9.76545
17.7868 5.82869 -4.21869
15.46 3.41121 12.6663
15.1043 3.25191 12.489
14.54 3.19512 11.4422
20.0939 -8.77079 27.6093
29.4384 -0.582999 20.6912
19.3442 -6.373 27.5516
20.7863 -6.62465 15.4311
13.0533 -2.80171 26.0402
20.1832 -10.2562 25.6976
17.6324 -1.88445 25.2531
14.8563 -2.19978 27.1587
11.2002 -8.60105 23.8045
17.3274 -6.42558 29.1925
27.1684 -1.17997 24.7548
21.9063 -1.32442 24.516
22.1443 -1.37663 24.7522
14.8412 -2.01164 8.73297
37.5468 18.6201 14.5227
19.6161 5.03258 -6.20425
19.5298 3.21815 -6.84331
19.1701 -5.85524 28.3724
24.2582 -1.19253 15.2378
15.2032 1.08725 11.7294
23.8475 -0.712357 14.5806
15.0223 -0.596979 11.0938
16.7289 0.469993 13.539
16.2389 0.526346 12.9759
5.62564 -5.91039 17.2516
10.9533 -1.19012 30.3518
6.90807 -2.83734 26.3115
10.3637 -4.38098 28.8616
8.56086 0.87917 24.1845
14.0034 -2.70038 8.09428
21.8215 -6.43661 14.1984
4.78324 -2.14966 23.5751
26.0999 3.95998 11.6358
21.2455 -4.77512 15.5195
22.7109 -4.03077 25.3375
22.1131 1.09144 14.2381
26.1735 4.01666 11.6738
2.01413 -3.28199 21.0928
14.2906 1.64725 7.51056
13.9998 1.55621 8.34602
14.076 1.64541 8.30411
7.77523 1.45176 23.8795
7.71094 -0.268287 27.9473
6.59752 -6.35239 18.3049
9.71704 -3.19288 32.301
19.3682 -5.81866 34.5615
22.9614 7.33798 -6.93669
22.8867 0.7174 16.1007
15.927 0.623239 12.5676
17.282 7.30157 5.2712
15.0842 -1.07495 11.0076
14.0473 1.39778 10.3499
13.0686 0.0109714 23.73
12.7117 -0.317557 23.0401
15.896 0.509307 12.6097
25.4566 5.6497 -3.51897
12.5951 -1.65498 7.28398
12.3422 -1.3043 6.97941
12.3293 -1.32917 7.15511
13.6439 -1.56002 7.97261
13.9357 1.9108 7.94534
13.1628 -0.543789 8.70853
21.2725 4.73629 -2.63381
17.2193 -1.77164 24.5534
9.79627 -1.53157 32.8438
7.24915 -6.3263 18.753
3.93649 -6.07573 18.0123
7.07682 -6.77485 19.069
12.1822 3.02674 6.84738
15.2741 2.30568 12.1258
23.789 3.52642 -7.4927
19.4496 3.21043 -6.90657
17.9128 5.81031 -3.62045
14.4139 1.6119 10.9418
20.8059 2.2834 16.7906
17.3952 3.84809 0.857547
20.4025 2.71511 16.0689
21.4329 -2.75119 14.9521
19.6971 3.28838 15.4173
22.0926 0.604289 15.7892
11.8364 -2.38145 19.633
6.92754 -5.65009 18.1596
9.72873 0.220754 23.0309
12.3775 -1.23238 30.2954
19.9753 2.68193 15.9245
13.7851 3.23073 9.15819
11.9132 3.1772 6.705
12.9916 1.61698 9.37306
15.9905 2.05722 12.8116
22.7288 6.44405 -6.41774
14.5267 3.08076 11.5476
21.6607 4.84384 -2.94331
14.4985 6.97603 7.75907
20.6838 0.639722 17.998
21.2464 2.65155 19.5149
23.847 -3.52174 13.5908
20.9104 -1.09451 15.9854
24.2237 -7.58386 20.5858
24.4367 -1.55863 19.8269
25.8433 -6.71625 22.9271
15.4603 -2.76315 27.7416
8.39013 -4.36524 29.8313
13.5297 -8.26204 22.497
23.4549 1.26145 15.7193
22.6342 -4.05865 13.7621
24.4024 -2.26161 13.1368
14.992 -1.43866 10.7841
21.1577 0.698078 16.0079
20.9797 -4.30434 14.7665
15.789 -1.95124 11.6956
20.5194 1.03016 18.1081
21.152 -4.35418 14.7926
22.9937 -3.43122 13.5503
21.6425 -3.49939 14.448
22.3163 -7.62114 15.0574
25.3965 -0.972501 22.7871
21.4424 -2.86821 24.4915
20.1863 -10.3362 27.5237
20.6401 -8.15916 26.8532
25.9976 -5.37411 11.2068
39.1516 -7.93368 0.998275
21.1993 -1.19016 28.5348
22.2018 -7.5699 17.3808
25.4393 -7.49245 16.7651
21.5271 -5.20688 16.899
24.7613 -7.04386 16.6653
23.5054 -8.61867 22.6712
22.9385 -0.635446 18.5877
22.0055 -0.843438 24.6433
22.6866 -8.49572 22.2599
5.03748 -1.84252 23.9299
10.8434 -0.616685 24.5018
7.40975 -1.88127 26.6957
8.51896 -2.33004 27.9819
5.82919 -4.59022 28.2741
5.1858 -7.2155 19.656
5.89973 -2.99812 12.4029
5.39732 -2.7822 13.0092
19.0681 -1.89072 26.9816
12.6698 -8.98066 22.2413
10.0483 -3.74561 32.459
6.14944 -2.31456 25.2216
4.59861 -2.97507 12.9047
4.33947 -4.19327 19.3276
0.885974 -4.2848 22.387
2.36384 -3.7203 22.2041
17.1196 -2.70637 29.5452
15.2878 -0.0930565 23.3572
5.40029 -2.80017 12.9646
-0.126103 -3.17767 16.7862
6.07886 -3.85409 19.2777
14.0272 1.93236 7.9187
16.6293 5.11779 6.06585
15.8601 4.41299 6.60288
21.1387 7.43387 -7.38621
10.1578 -3.75473 32.7328
13.6141 -2.16849 7.76918
17.6082 3.66169 4.00109
15.4049 -2.56978 11.0041
15.6308 -3.47479 11.0448
13.8368 -2.10506 7.61782
-0.590828 -2.38476 21.4141
5.41163 -5.72088 17.246
6.15222 -2.34195 25.1905
3.89763 -2.62146 22.8647
10.3039 -4.39982 28.7279
8.91161 -6.54775 32.5044
3.68218 -7.13897 19.3441
27.5705 -5.01903 8.92934
24.1256 -4.9709 24.2636
41.9462 5.0176 0.23355
24.7932 -3.21932 6.22705
27.9837 4.5819 6.95078
12.0696 -2.40653 21.7198
12.3888 1.68528 21.4288
11.5813 1.02404 20.0565
23.9431 -2.82115 12.3494
38.0711 -6.00331 -2.88898
26.6728 3.31731 11.265
28.4935 -4.59761 7.43396
14.9666 -3.58333 9.55341
15.8572 -2.67315 11.5744
14.9245 -3.3026 9.64482
15.8679 -2.66607 11.571
18.2881 -1.88177 7.35771
22.4787 3.13626 13.5578
18.231 -1.53335 8.13703
17.7084 -1.51241 7.59919
15.4058 -2.55533 11.0104
16.7076 -2.95063 12.2716
17.1353 -1.68575 8.15771
15.6808 -2.24576 11.4541
16.1857 2.51068 5.79797
15.1546 1.20223 11.5827
3.89655 -5.71126 19.3973
11.0499 -0.0525747 23.4676
8.68859 -2.67815 29.5372
7.48902 -3.09695 26.8728
4.04156 -5.7198 19.452
5.62814 0.327911 24.5959
4.71996 0.917186 24.0718
4.79029 -6.23976 18.5936
3.11839 -1.37719 20.0662
5.72263 -5.48361 16.9243
4.71631 -1.46611 23.7103
12.6459 -1.99821 7.35868
15.29 -1.87561 9.82194
13.9535 -2.40656 7.45883
30.4959 1.29882 -24.044
14.3656 -3.16242 8.15144
3.68136 -3.01239 14.0307
12.9949 -1.26113 8.0566
22.5648 6.57513 -6.29901
24.7613 5.57585 -0.536021
22.4329 6.52204 -6.19775
12.2907 -1.24324 7.06369
14.5661 -3.25517 8.39138
20.3218 -2.10453 9.51877
22.572 -4.06502 13.7533
17.2706 -2.17273 8.20918
26.2829 -1.60626 4.43055
14.7895 -1.98926 10.3673
3.21787 -2.82581 14.2389
3.92382 -3.13903 14.547
2.23246 -3.3577 15.2643
3.91493 -3.13259 14.599
0.841811 -3.7963 16.8296
3.53572 -1.54238 20.6128
4.47735 -4.64973 15.27
2.55386 -4.70166 21.1748
2.912 -6.64339 18.0342
-0.635395 -2.45951 21.1459
0.903361 -3.75764 16.8317
4.09653 -1.95361 22.8126
4.15172 -6.2498 18.2452
1.67817 -6.01565 16.606
7.52702 -3.09342 26.9502
2.04039 -3.54526 25.5055
17.8734 -3.23575 11.552
13.9863 -2.6947 8.10457
14.5708 -3.73162 9.60672
8.91037 -3.30743 30.5691
8.78073 -6.66356 20.8624
20.3798 -2.90394 28.4656
19.6638 7.36314 -4.74407
25.7761 -6.35764 10.6594
23.8529 -6.47435 11.4336
7.27004 -2.82184 26.4638
2.05512 -4.68023 21.3529
11.0096 -0.484134 25.5215
4.63685 -3.01036 13.1598
2.24555 -3.28947 15.1417
3.55576 -1.56808 20.6293
0.735179 -4.21203 22.1353
6.31926 -5.99004 17.6503
2.60217 -2.21439 21.4483
-0.211357 -5.23863 17.061
13.4606 -1.45951 8.78427
14.9166 -1.93286 9.6325
17.472 -6.93964 28.1596
8.80968 0.750962 24.0638
6.74949 0.055276 21.5196
4.09565 -1.93872 22.8358
1.85816 -1.80018 20.8796
5.87458 1.17054 25.5188
9.20894 -7.26457 21.5742
10.501 -12.2599 25.5434
5.57156 0.30496 24.639
5.7461 -5.17572 16.7982
4.15571 -10.1136 23.9351
3.66008 -0.495503 21.0388
11.0099 -0.299501 25.7327
6.29987 -1.98029 25.5818
6.31857 -9.03533 22.5438
9.20852 -9.0321 25.3003
4.26942 0.398375 23.855
16.155 -12.6883 25.8356
11.1402 -7.45216 34.174
-0.699305 -2.44035 21.219
3.92984 -5.76807 19.6942
4.13494 -6.18616 18.1651
-0.800818 -2.44299 21.7203
20.3092 2.69849 15.6177
20.5868 2.65403 15.6713
13.6891 1.56422 9.99255
13.2818 1.87937 9.50798
22.3648 -2.9935 13.9519
21.289 -2.33525 15.0778
21.0419 3.32013 11.8981
23.3946 3.95852 9.1711
37.9748 4.6946 4.55028
42.3518 3.46411 -0.322935
22.3937 -2.32913 13.8249
37.8394 3.62188 3.42298
19.1288 1.98217 15.4723
21.3821 -3.23331 16.4986
23.6951 1.73328 15.8402
21.5074 2.38722 19.0966
33.5483 -1.52207 29.7323
17.4592 2.71795 5.59248
14.2432 2.14086 7.60013
20.3173 -3.34811 9.47741
14.5627 2.11836 8.23108
23.2796 5.79598 -2.69664
18.0045 3.02431 5.275
14.1051 2.36474 7.45587
6.38476 -1.60811 25.5149
13.6333 -3.42809 22.2904
5.08469 -4.25713 28.3288
13.018 -1.94093 25.5216
7.06062 -5.7465 18.5829
7.72935 -5.95497 29.8761
11.9049 -6.93579 27.721
16.3817 -4.16067 29.3874
12.9692 -2.57865 26.0763
11.7525 -1.02729 22.3856
4.20667 -5.77153 17.968
14.8066 -2.15514 9.45578
14.1311 -1.84073 8.54936
12.2901 -1.78526 6.75465
19.9574 5.83626 -5.68422
5.34492 -1.14313 24.1183
3.70296 -2.67611 23.6467
14.3345 -6.66899 27.3424
12.2846 -0.950559 7.18665
13.0719 2.1712 7.07467
13.3418 1.86283 9.56425
14.0474 1.38808 10.3916
17.9627 5.24731 -3.44797
18.8155 3.88225 2.33813
13.1471 1.59633 9.57083
14.038 1.96696 7.49096
14.2419 2.42785 12.3287
13.4107 1.83836 9.74809
37.7368 4.6307 -1.59448
20.2617 2.21428 11.6369
36.0674 3.98094 -0.250025
21.2596 3.26821 11.8573
14.3295 -1.69041 9.85799
4.18346 -6.10507 18.0518
1.31238 0.92902 22.3199
5.54774 -2.91057 13.2802
5.17769 -5.57548 16.8712
4.06015 -2.36109 11.9397
22.7032 -4.01974 13.7346
30.5875 -3.57648 8.44041
23.0715 -4.67246 13.5102
20.6003 -3.09534 16.1889
7.79278 -3.05813 27.0133
11.8456 -6.95104 27.6186
7.89536 -8.88673 24.1814
20.8284 -0.789863 24.3454
23.5152 -6.7273 12.627
32.7247 0.178855 6.87837
23.6813 1.32643 15.7734
5.02976 -2.9602 13.4328
4.52429 -2.2533 12.0693
14.1454 1.86596 6.07774
15.9933 -3.50073 10.4261
31.625 -0.0514595 -19.4367
1.85963 -2.48832 13.6091
4.53815 -2.25837 11.9067
2.9227 -5.00104 16.5536
4.46842 -2.15909 12.2246
13.7352 1.30941 9.95409
20.1288 -2.76211 13.4912
20.6551 2.08625 15.9504
40.4893 1.59218 -2.86881
12.6616 -1.02069 7.40361
14.2632 6.59617 7.92971
18.5531 4.0759 4.58056
12.9237 4.61699 8.11082
12.4273 2.52838 7.01437
16.7733 0.453536 13.5615
21.7441 1.2417 1.33681
14.0691 -2.16391 8.84504
14.2246 -2.17378 8.7577
9.80267 -10.1326 26.2935
20.7839 2.86317 17.6172
19.2572 2.48314 17.6822
20.2023 2.92657 18.3189
14.3871 -0.380456 10.3556
14.5212 -3.01034 22.8541
13.4237 -3.13745 26.2024
12.4051 -0.538763 22.5824
3.66601 -2.21416 11.8541
6.50363 -5.70243 18.0129
13.7009 -8.56506 23.3767
13.0909 -8.14234 23.3795
20.3644 -2.90014 28.4488
9.59299 -8.94009 24.7625
7.20823 -6.47568 18.3326
3.03355 -2.72486 13.2607
14.1503 -6.83651 26.9468
18.87 -5.79709 33.5555
7.96606 -6.4041 19.9525
11.2163 -1.08673 18.3897
5.03934 -1.86994 23.9701
11.8439 -0.90815 17.7025
2.42802 -3.69438 25.2674
18.4201 -2.3442 8.94278
20.9945 -3.60414 14.8578
4.7796 -2.39013 23.5302
7.95491 -3.2593 28.0486
6.80313 0.489185 26.4378
10.8122 -7.61693 23.9888
14.2449 2.13712 32.7409
12.2299 -8.57526 23.0991
7.99344 -6.69272 19.9185
9.95681 -1.86867 18.0215
12.6256 -1.39714 20.6158
7.61018 -10.59 26.2422
7.0522 -8.71505 21.8863
11.9618 -4.03951 28.8942
8.36632 -0.571166 28.1994
6.27769 -1.38576 25.444
6.32915 -5.98397 17.632
4.46688 -4.6485 15.2751
5.59923 0.295346 24.548
13.1407 -2.11017 23.7818
9.61786 0.143041 23.2983
9.24916 0.0802237 24.2066
24.0374 -5.7097 11.8375
24.3048 4.98792 10.3693
21.7758 -8.02073 17.3249
24.7094 0.353479 20.0591
7.29033 -6.77222 19.1444
6.04708 -9.09002 22.756
11.4203 -2.50655 19.7617
11.6808 -2.41666 19.5239
5.54626 -5.89714 17.2736
1.94698 -1.99611 21.4912
11.9146 -2.92697 29.4945
9.98239 -10.9671 25.1388
15.6791 -4.83698 29.9187
11.6025 -8.25123 26.0478
13.3303 -1.98816 7.2869
13.7215 -2.30554 7.6102
14.5647 1.19796 10.9922
13.2959 -1.99497 7.31784
19.4692 3.65074 16.6183
13.1777 -1.21567 8.53051
15.0431 0.98196 11.5537
10.3384 -2.16478 18.3709
13.712 3.14829 9.19518
13.3094 0.694954 9.22463
10.588 -1.34152 30.0779
6.88103 -8.41579 23.0966
5.89835 -2.98267 12.4261
4.51185 -2.40262 11.1629
2.55723 -2.50177 12.8433
2.49054 -7.33529 17.9887
5.50844 -2.8461 12.8414
4.59819 -2.38325 11.2561
3.19127 -2.79926 14.3138
15.8102 -2.60004 26.6143
13.9101 -3.25533 26.2699
12.4054 -2.64768 20.8274
2.87385 -2.64261 13.1911
3.03968 -6.495 17.9214
21.4367 -1.50569 27.8626
5.05514 -5.98922 18.4954
3.96942 -7.53673 18.9429
5.18129 -2.57994 11.6359
12.7366 -4.32487 27.5317
19.9236 -1.37534 24.8999
4.87503 -2.43276 11.4518
14.9253 -1.93934 10.5929
24.2995 -3.23546 6.67415
14.8348 -2.00146 10.4635
15.1726 -0.992068 18.3266
0.681558 -3.58431 16.4213
5.14309 -7.69522 21.0931
5.9149 -2.92825 12.5592
2.117 -3.25576 15.3605
14.8167 -3.51203 9.44075
15.8526 -2.67878 11.579
24.3175 -4.20173 14.0096
14.8165 -2.27241 10.3762
21.4335 -5.83231 13.379
22.0064 -1.34436 13.8534
14.1965 -2.71758 8.48137
3.19697 -2.81913 13.8997
-0.208601 -5.16061 16.7139
4.1872 -3.22404 14.3468
4.5732 -4.6105 14.984
12.7151 0.175181 15.9803
4.08624 -2.39153 11.7641
2.33351 -2.73606 13.8455
13.2676 0.735983 21.6618
2.74476 -6.68932 18.4315
18.9824 -1.51855 23.8339
9.83986 -5.37334 29.5189
13.8896 -6.89696 26.93
7.48965 -6.15549 19.1757
16.1325 -5.67818 30.1995
16.2269 -4.16591 7.88864
19.6734 -2.33042 9.88548
20.5804 0.586432 17.9794
17.73 -1.96945 7.83693
19.339 -2.10427 9.42318
20.5355 -6.66226 14.297
4.53701 -2.42389 11.1581
15.1732 2.04655 12.0688
23.6582 -9.45552 22.3764
12.4729 -3.2105 23.0246
2.05856 -6.01847 16.8318
10.1082 0.0439268 23.9695
14.6401 -2.09025 10.1151
2.43263 -3.39414 22.2057
8.98326 -0.266925 24.1361
5.03603 -4.77995 28.5316
9.05771 -6.61264 21.0023
1.5943 -6.03673 16.6824
12.1443 -8.64062 23.3189
8.78825 -6.66786 20.8669
12.9742 -1.97945 25.4222
13.403 -3.12138 24.7868
21.7618 -4.55935 34.3757
6.45602 -6.07943 28.1506
4.20441 -3.22878 14.3126
3.66515 -2.68443 12.8052
6.92639 -5.68414 18.0407
4.88442 -3.08083 14.3634
2.78378 -2.48451 12.4216
11.2539 -0.320633 24.9676
9.61214 0.0338353 17.7808
5.00511 -2.42898 11.4049
14.2743 -2.46045 8.55391
19.8748 -3.18856 9.67762
13.3361 1.85157 6.69335
20.2239 -3.18094 9.64128
14.2115 -2.02604 10.096
13.6556 -1.47569 8.30096
23.7328 1.17002 13.8865
14.3008 -1.67857 9.87437
7.6538 -0.495148 18.2639
5.51721 -2.68459 11.9353
12.3035 -0.0415613 15.4856
4.58072 -4.13588 19.2862
13.2895 -2.81569 21.9779
8.89704 0.375976 24.2211
8.77771 -6.655 20.8588
7.66663 -4.84292 30.3766
0.404738 -1.98496 22.8429
8.61743 -1.54943 31.8493
7.96315 -2.0392 27.6447
17.6065 -1.64594 24.9791
18.529 3.78398 5.47715
14.1149 1.43566 7.69314
17.9744 -3.0726 12.2593
14.0384 1.41054 10.347
13.0446 -1.2862 8.25286
13.7571 -1.39649 7.9598
9.09076 -6.68232 20.8602
13.3954 -2.77648 26.7093
8.26965 -0.0466647 18.1309
4.23779 -2.51705 12.2387
11.1339 -2.6062 21.4092
9.67222 -9.24192 25.3698
14.5168 -6.58647 26.3052
9.76819 -1.01041 17.9216
8.06436 -1.25425 15.6498
3.93291 -2.18038 11.6476
1.31427 -1.37226 13.2664
3.91153 -2.18261 11.6806
0.691243 -2.65125 13.566
6.37749 -7.35314 20.0126
10.9905 -7.33544 33.3314
6.32785 -5.6513 17.6795
15.849 0.847071 12.4404
14.4138 -1.54093 10.0522
15.5112 1.58818 12.2346
13.9188 1.22427 10.1772
15.0606 1.11231 11.6081
13.8998 1.48527 10.1597
17.8348 3.76332 15.0874
19.5048 -3.15928 13.2396
10.6264 -0.0745121 25.1327
5.25263 -2.99843 29.2829
6.94473 -5.69983 18.0015
7.45917 -6.97114 28.1458
12.9453 -2.70148 26.016
4.31922 -6.65966 19.2823
7.76631 -5.94249 29.0249
7.90088 -6.74795 19.6936
2.50199 -6.09158 17.4084
2.38973 -4.59816 21.8145
5.13539 -2.69377 12.2003
4.24228 -2.64616 12.4815
8.01607 -1.06567 15.744
10.5358 -0.66694 25.333
17.5396 -1.65138 24.9062
4.44078 -2.70625 12.1452
16.6713 -6.0582 28.7668
21.6301 3.79445 12.4029
41.3323 1.83181 0.819494
20.639 0.622712 17.9905
21.3497 -6.12438 14.3877
3.90152 -3.13824 14.5966
5.23274 -2.69814 12.1296
8.0855 1.46104 18.8758
8.80137 -1.35309 18.8966
7.68437 0.0406651 27.7777
5.78092 -5.73248 28.5833
2.17488 -2.31423 12.4675
20.5254 -2.91643 28.6508
2.12527 -2.82738 14.0623
18.7909 -1.52052 24.1057
8.38442 -4.46691 30.0115
4.19951 -5.77042 18.0141
7.69542 -7.15517 20.3575
7.49013 -6.11814 18.9862
7.08827 -7.33197 20.4938
0.556402 -0.599898 21.1149
14.7792 3.15409 7.56583
22.1359 -0.805863 15.8021
21.1654 1.07482 16.5627
5.53098 -2.70982 12.8044
14.236 -1.56819 8.99455
20.5744 5.7521 -1.39933
26.2624 9.08729 -2.44515
23.673 0.810446 -23.5065
12.7456 2.13592 7.10267
13.9225 -1.74466 9.3304
-0.444444 -3.0768 16.9439
3.87568 -3.14163 14.6691
7.87965 -0.577518 15.2764
8.81076 0.103685 16.2368
0.431155 -4.96113 15.7836
0.905585 -6.01103 15.6224
3.74424 -2.29069 11.7259
5.62579 -2.73852 12.2438
2.80449 -4.99428 16.5455
11.6022 -2.75526 19.8623
0.577965 -3.92264 16.9305
28.0556 0.77829 26.1362
27.0693 -7.26406 9.34471
1.38406 -1.21794 13.2756
7.26826 -2.78957 26.4763
10.1867 -11.2419 24.752
14.3406 -9.77758 23.5974
12.5431 -9.53454 23.4016
7.44158 -2.41636 27.2084
4.80215 -2.40032 23.4364
4.98952 -4.94614 26.4583
5.74968 -5.45822 26.5971
8.71998 -1.43495 18.6579
11.6133 -2.16266 19.8388
4.67801 -2.93025 12.743
3.66707 -7.16668 19.3443
11.1698 -8.57325 23.7549
22.6176 -5.30139 25.1889
5.04209 -4.8102 28.5614
9.31004 -9.27593 24.2944
13.0941 -2.77878 26.1424
19.2572 -2.56109 31.1213
4.74307 -2.54628 11.8937
4.5727 -2.89737 12.9383
16.0598 -5.66606 30.068
13.3359 -8.43625 22.9541
12.1083 -10.0305 23.2337
15.4132 -12.0588 24.6762
24.2132 -5.15334 24.1463
20.8642 1.92182 15.8211
8.37873 -3.26393 27.6594
16.3373 -3.9376 28.922
12.0703 -9.8487 22.8831
22.8862 2.23475 14.7497
26.6439 3.54928 12.2775
21.3646 2.7235 12.4248
1.88997 -1.79148 20.9243
8.53761 -2.26879 28.3545
12.9444 -8.53338 23.1373
21.6748 -7.54709 21.9969
27.2682 1.99597 11.4816
21.1638 -6.71819 14.2247
21.0815 -6.90479 13.5133
26.7982 -2.16516 10.0691
23.8908 -6.16282 12.5479
23.2861 -6.39454 12.2657
26.6619 -5.54994 10.2475
27.5753 4.93394 10.8933
22.4158 -3.64811 13.7491
25.9922 3.23619 11.2594
30.6912 3.43089 10.1735
3.74159 -2.54073 23.8049
4.40574 -1.80686 23.3424
11.9505 -2.90409 29.5785
15.5943 -13.1205 33.0662
5.69428 -1.08976 25.2327
13.9076 -1.43348 22.3524
14.923 0.990219 22.4098
3.96546 -6.07903 18.0096
4.08628 -6.29662 18.4225
24.2149 -4.97835 34.1909
16.3727 -14.3158 25.8241
11.7347 -10.706 23.324
12.0568 -10.7903 22.4193
5.8959 -2.9959 12.402
5.89806 -2.99459 12.4057
-0.269053 -4.09575 21.7383
2.4186 -3.67675 25.2757
6.40891 -2.62975 25.6442
5.31865 -2.17089 24.4108
18.6053 -0.891552 24.3699
14.1969 -1.68586 8.822
4.24346 -2.535 12.1846
19.2791 -1.43534 24.0133
1.57738 -2.38475 13.951
5.7493 -2.75295 12.2465
7.1526 -1.39011 14.6963
4.60741 -2.98256 12.8731
25.4645 -5.56871 22.0223
2.3692 -3.2942 14.986
3.20695 -2.77652 13.8872
4.71706 -2.73876 12.8768
11.4118 -0.0207906 16.5844
3.00818 -2.71785 13.3118
14.4681 1.08346 11.0585
24.6674 0.0742052 22.2172
19.9575 -8.30084 27.0575
25.5933 -3.63103 29.5097
21.8913 -7.58147 15.1676
25.3329 -7.05541 16.6184
13.7367 1.57122 10.0612
17.0816 3.01498 12.782
20.902 2.22004 16.6941
20.2723 3.00888 15.3536
23.5656 2.84984 13.3018
22.5784 2.18302 14.6946
27.3175 -1.1815 10.4857
21.1022 1.98359 16.5425
24.0418 -2.87072 12.3023
16.9611 1.01171 13.9525
38.4788 4.05143 -4.33537
18.9917 2.93361 13.6465
24.9745 1.50718 14.4748
18.5526 -9.19312 26.6161
13.3768 -6.80661 27.2327
13.2626 -6.73907 26.935
19.6555 -8.44791 27.3399
21.025 1.60968 15.6219
20.1249 -1.09375 23.8835
12.9303 -2.74974 25.0881
13.8754 -2.91575 7.57592
13.5846 -2.3915 7.81336
23.6244 -6.51831 13.3247
28.632 -0.957663 3.90829
27.0519 -2.26604 10.0264
35.2356 6.15915 1.66456
22.5859 -9.81128 23.7909
18.3146 -2.5063 30.5599
21.3706 -6.06554 26.4507
40.1648 0.325136 22.5549
20.1571 -10.1807 27.0725
20.7857 -3.00372 29.0239
24.6747 -9.5563 21.7763
20.5668 -10.3951 27.6279
21.9774 -0.853115 24.6378
23.6015 1.60781 22.1237
21.1203 -2.93511 16.3064
18.4182 -8.48197 25.7948
22.908 1.22959 23.5281
7.85501 -4.44238 29.9158
17.701 -1.59054 25.064
24.6619 -9.5134 21.7134
21.8009 -6.68211 25.5684
20.6103 -4.83459 26.3546
19.8686 -8.49173 27.1346
23.0628 -0.589313 18.6553
21.3468 -6.73288 15.4439
23.1032 -7.35723 17.3757
19.7553 3.32232 15.2815
16.7373 0.431075 13.5438
16.5055 0.601578 13.1865
22.7957 -1.1554 13.6956
24.064 -2.98065 12.5707
22.5116 -3.48971 13.7877
13.7586 1.495 10.0883
15.0038 -1.46129 10.7894
15.022 0.961722 11.5527
15.0607 1.23067 11.6161
22.0202 -2.83499 15.1384
21.5564 2.98244 18.2387
23.0581 -7.35299 17.3795
22.48 -7.33615 17.3561
22.4932 -9.57983 24.0567
25.3983 -7.46881 16.4536
21.1409 -3.89638 16.057
20.3963 -5.59533 26.5219
31.335 0.449129 19.0391
21.857 -1.40822 24.5461
24.4173 -8.71242 23.0983
12.8675 -2.88445 24.887
15.5018 -1.72533 27.2752
17.3103 -1.79947 27.4754
27.4481 6.15952 -3.68442
26.7935 3.6974 -3.88206
13.6476 -2.06191 7.978
13.8623 -1.98621 7.31246
21.0226 5.76425 -1.61761
12.6178 -1.65564 7.44141
25.4467 5.85634 -0.706339
17.6567 6.29755 -4.5378
14.1285 4.15824 -0.539149
18.251 -2.75258 10.9515
17.6344 -2.04451 8.43731
12.4964 -1.77374 7.43908
7.39371 -7.28733 29.3868
4.26156 -1.80915 28.6291
6.31343 -3.78118 28.6962
14.0362 -3.23036 25.9566
5.77835 -3.71589 25.6648
17.1526 -3.57769 30.0116
20.6158 -4.94129 30.9566
11.9507 -2.88609 29.5447
14.2259 -1.51914 8.85126
8.77777 -7.10952 20.7808
9.20042 -7.2614 21.5497
12.9491 -4.77479 28.457
13.6906 -2.93538 26.846
11.5688 3.65972 6.16008
18.4941 5.57227 -4.05374
26.2925 7.08191 -2.96198
19.1806 3.35506 -7.62987
14.0329 1.49625 10.1632
14.7705 -2.07987 10.2586
14.2446 -1.67947 8.86935
13.0513 -0.0155877 23.662
15.6906 0.0847137 22.2838
10.3372 0.261825 22.9992
1.75734 1.80045 26.226
10.1987 0.166764 23.6778
13.446 -2.4754 27.1319
20.5015 6.11644 -6.9391
21.9807 -1.37715 25.1454
7.55143 -2.16863 26.5075
10.5052 -9.85758 26.4802
21.9692 -0.699179 15.6924
20.8346 0.739183 18.0093
24.7145 -1.62756 19.5642
30.3565 3.62142 8.81887
24.6321 -1.63626 19.5399
23.6435 -1.02114 20.2577
24.0258 3.33715 8.66707
18.6596 2.99593 13.223
30.4329 -0.711551 2.33142
21.117 -2.84592 16.6918
1.86621 -1.88101 21.2472
16.7463 0.450284 13.5345
7.78067 -6.99276 19.7703
13.1589 4.24389 7.84019
8.89716 -0.74869 24.3158
9.78457 -1.53463 32.8819
25.8167 -5.18567 36.8741
19.349 3.34312 17.542
21.4109 2.68864 17.8874
40.1715 12.497 23.1448
14.1892 2.18946 7.64962
18.6398 8.36016 4.62247
16.5228 2.26187 4.63492
13.4605 -0.973834 7.89211
17.9902 4.21793 -0.0653542
15.8024 4.11346 -0.11928
16.0795 3.37984 0.756489
17.5096 3.14856 6.06065
23.1979 7.08626 -7.32115
23.5314 7.36045 -7.86671
16.9715 2.94826 12.7577
19.1028 5.42587 -4.07781
12.4121 2.29846 7.03906
19.9472 5.00914 -6.67438
7.00344 -5.64429 18.5869
14.5411 -2.22898 10.2923
20.8358 -6.26661 14.3446
15.3785 -2.35562 10.1212
17.7279 -2.56172 10.8272
15.3979 -3.6861 8.94976
16.8475 -2.50604 11.2081
18.2406 -2.24441 9.828
15.018 -2.40493 10.594
11.0319 -4.15842 18.4761
8.64248 1.05374 24.5681
11.2193 -1.87258 19.1381
5.6094 -6.01857 17.8023
18.1263 -1.56216 8.24788
14.8934 -1.94787 9.63859
8.36868 -3.24721 27.6438
7.93587 -11.4404 27.5838
7.49861 -6.16721 19.1983
4.54191 -0.343492 23.9951
7.36216 -5.37893 30.5045
6.1912 -6.13142 17.7922
5.68562 -1.09307 25.2804
11.9196 0.0551191 22.2922
2.26218 -2.38931 22.5224
4.43072 -0.318205 25.3506
4.69689 0.901375 24.0096
5.99738 -4.99011 17.6859
11.1581 -1.91234 18.9457
11.5116 -0.424959 25.3532
9.74689 0.120527 23.6883
7.49711 -1.48894 27.0436
7.58146 -7.07821 19.978
14.141 -1.04324 25.6015
-0.209049 -2.57418 21.6137
-0.0591637 -1.12791 21.4486
15.8418 0.83019 12.4725
20.9188 2.14558 17.3809
15.1478 0.916249 11.7344
13.9747 1.41679 10.2927
22.9644 -2.34084 13.8793
22.4699 -2.51666 13.8339
20.8276 2.21842 16.7157
20.5942 2.54996 17.2898
17.8572 1.52289 16.8914
20.5628 0.428479 16.9861
15.3169 2.17662 12.0414
14.5453 2.46152 11.3181
23.3263 1.58604 15.7966
20.8295 1.30537 16.1599
24.0498 -3.41032 15.0029
21.895 0.667109 15.7853
23.717 -3.35273 14.923
13.4614 -2.42207 7.90886
14.6187 2.09013 7.9024
15.0225 -1.98999 6.27454
13.4337 -2.41944 7.91549
14.4509 -3.64017 9.62155
14.6374 -2.20989 9.25695
31.6354 -3.6452 19.3459
12.0538 -1.30466 30.2147
9.86725 -1.14417 30.696
12.1564 -2.90825 20.3484
4.10918 -6.26159 18.2853
16.5979 6.98468 6.10338
15.8603 0.9857 12.4733
22.1752 -8.66277 25.5492
21.6668 -8.76519 25.5188
16.6919 -3.71174 34.4672
21.0069 -5.22365 26.5105
12.4924 -1.22937 30.2604
21.6683 -8.75467 25.4452
21.6811 -9.80365 24.6266
25.8061 3.60167 7.51381
26.0054 3.77403 11.3462
38.6946 1.37475 2.08889
31.1893 -4.58773 6.22375
5.9991 -4.98282 17.6394
5.94912 -4.4545 18.0591
18.418 6.1463 -4.34368
17.0048 2.75765 4.25119
14.4297 1.25508 10.8321
13.3119 3.11849 9.81003
12.9133 1.73455 7.0936
4.86481 0.780244 23.9882
6.06664 -3.87736 17.5403
6.39241 -2.64006 25.5896
0.335655 0.0786791 21.708
14.4311 0.695228 10.7049
12.0535 3.13114 6.73535
17.2224 2.48386 14.5387
4.46001 -1.4284 23.4976
4.35035 -0.0580952 23.6086
6.36996 -0.957745 25.7224
8.69158 1.22423 24.8499
14.2425 -2.47283 34.2772
27.4805 -0.868977 23.4898
27.2822 -1.77825 18.2839
22.6552 -7.69987 18.33
19.7845 -3.68397 16.7882
26.1738 4.15266 10.5738
25.0122 -7.43139 16.9833
21.3202 -0.612374 24.2135
25.2944 -1.76954 19.2466
13.6714 -2.2081 7.94851
14.0001 -2.40303 8.49885
20.1577 2.72726 15.399
14.1612 -2.29715 8.28771
20.6967 2.03268 15.9757
12.2167 1.79608 6.51371
13.6046 -1.27572 8.21936
13.3285 -1.28425 8.71489
20.2507 2.0601 16.0894
24.5551 -5.58839 9.53453
31.5145 -3.63443 19.2245
24.3945 -1.64599 19.8336
40.246 12.6266 -10.9688
13.4515 1.58912 9.717
20.0849 3.83752 16.0478
13.517 -1.36426 8.13798
24.6702 -9.70128 25.0353
20.7235 2.18315 15.5383
20.9429 -2.79661 15.1755
14.9216 -1.91487 10.5846
44.4802 -3.04024 -2.4863
14.4025 -1.73228 9.05485
22.4799 -2.80137 13.7024
21.0901 3.07606 17.7869
19.4949 2.62586 15.5909
35.6967 2.97601 4.49072
21.0455 -1.03504 15.9569
20.7657 -1.4167 17.0345
21.2396 -2.82657 16.713
23.1668 2.49014 14.7026
20.0638 2.75648 15.8636
24.4416 -2.86706 12.9257
21.2541 -2.99181 16.6754
16.762 -2.02627 13.0118
20.8564 -4.97771 16.0215
21.1612 -2.03296 16.7022
17.5177 2.77895 5.90082
14.5579 1.33434 11.0178
13.8236 -2.10502 7.61503
22.3007 -8.12702 17.3355
22.1552 -7.26541 19.2164
20.9591 -10.533 24.128
16.5544 -2.20954 12.9327
13.9216 1.34449 10.0982
14.3915 1.22708 10.8367
13.4533 1.62302 9.7334
16.0559 -3.51815 11.1015
13.8181 -2.12096 7.63569
15.1448 -1.89518 9.83471
14.4599 2.91087 7.22096
21.1186 -0.546796 24.3893
31.6381 -4.35072 16.8299
20.6347 -0.601267 24.1672
22.2391 -8.48481 24.6745
21.5174 -5.89916 24.8516
18.4935 -10.3788 26.3436
26.1698 -0.949011 22.7437
22.6555 -2.16736 15.074
14.8781 0.506035 12.1104
14.5388 1.33906 11.0079
20.4983 2.62987 15.2206
35.8988 -1.371 24.8851
20.8433 -0.782041 26.8731
27.6223 -0.615351 20.9544
27.7202 -1.21805 23.1912
18.2445 -10.5995 26.1516
22.4663 -9.91452 22.9382
28.0918 -2.97601 31.9219
23.4729 -9.39209 24.2709
16.9183 -2.86354 28.9133
18.4194 -10.3335 26.2307
14.5228 2.00535 7.94843
18.0276 -3.26922 11.4721
15.0371 -3.47661 8.94439
15.0184 -3.4707 8.95089
13.8632 -1.9059 8.36806
13.4703 1.89251 9.69194
15.4239 1.46629 11.4387
13.8678 1.45405 10.2824
13.0337 2.12774 7.12745
20.6828 1.94963 16.5586
16.7395 0.343136 13.5266
14.0106 1.25335 10.2849
16.7538 2.79394 12.738
20.662 4.54921 -7.59439
13.1444 0.565807 10.8146
20.35 1.51029 15.8451
13.1543 4.08338 7.7657
13.1395 -0.874471 8.6238
13.0594 2.12787 7.127
15.0667 1.14237 11.5763
16.1478 7.2432 -6.36841
14.4205 -0.913264 10.2366
14.809 -1.88977 9.58798
13.6933 1.56482 9.9664
17.1159 2.63335 3.74975
24.1673 -0.929761 20.4696
21.9687 -0.894621 13.9601
20.8724 0.582444 16.9995
24.2729 -1.1609 19.8845
20.8942 -3.22682 16.4659
24.5431 -1.88976 12.6766
26.1115 2.83334 11.8698
27.3491 -1.12845 10.4755
23.0658 -2.88672 13.5588
20.3835 2.05705 16.2922
21.1999 -2.85711 15.3406
22.149 -0.900749 14.1826
15.9026 0.778282 12.5799
18.3012 2.88277 13.7902
21.9187 2.08988 20.3465
21.7659 -1.62432 18.1324
32.3601 3.67881 8.03405
21.2081 -3.01976 16.6543
19.7784 3.42444 15.5183
27.1781 -1.2048 10.4996
20.9697 -1.16341 16.4628
21.8467 4.11135 13.9614
21.5457 3.32427 11.0212
22.3136 2.70138 13.931
20.8443 -1.32489 16.8848
23.8451 -0.525032 13.9376
21.194 -0.923296 17.0606
35.0228 5.52948 5.51433
20.5556 3.02768 11.4713
21.2856 3.75693 11.4776
20.354 3.02854 11.6513
21.6572 1.491 12.6513
23.5041 2.81236 13.3248
21.8744 -1.36743 15.3023
23.8836 -2.98156 12.5971
23.099 -2.26339 13.6141
20.6818 0.411557 17.1657
37.3874 8.6902 4.51043
33.7916 2.82436 6.23032
32.496 0.164007 7.01281
20.2614 2.60158 16.0774
23.6585 2.86478 14.4874
21.6681 4.54573 13.0858
20.5688 0.921671 18.365
23.8261 1.36195 14.5096
15.671 0.603359 12.6078
21.4528 2.82307 12.4683
21.4328 2.79114 17.9933
20.4197 2.78913 15.613
22.5154 -3.48525 13.7788
20.6998 -3.11816 16.165
15.6813 1.15939 11.871
31.3462 5.22568 3.21404
18.8851 -2.23712 11.1855
26.9324 6.85019 6.02023
25.388 0.252472 21.9193
20.937 -2.95958 15.7119
21.7566 4.09112 12.5052
23.7217 4.18891 9.11139
21.2339 -1.18832 16.841
20.8117 3.47301 11.4085
22.2405 4.2537 13.6829
20.5125 2.08875 16.7432
22.9086 -3.43986 13.5551
22.4057 -2.90883 13.8181
18.9593 2.8235 14.1566
23.6772 2.91993 13.2793
17.0193 1.41897 14.0616
20.2643 2.04682 16.0614
20.7976 -3.22219 16.4994
30.989 1.68574 9.52228
21.3526 -0.980038 16.1452
31.6512 -1.39311 6.93937
24.5597 -1.52951 19.8669
37.7472 7.98628 2.40368
34.4281 -1.36339 26.4985
26.3471 0.118962 24.9069
16.525 -2.56078 15.6351
21.7753 -2.79309 17.8537
25.0165 0.799042 24.0019
17.5248 0.853536 15.2873
21.1063 1.66526 16.764
17.6416 1.73448 14.3417
21.1807 -3.03207 15.8489
22.0057 -0.765784 13.975
27.8195 -1.08285 4.65667
21.9432 3.92005 12.522
22.1144 -2.09601 8.20715
24.7165 1.5568 13.6069
21.5456 3.33495 11.0266
20.3143 2.72745 15.5816
22.4089 2.73859 13.9242
20.8246 -3.45249 14.5945
39.1786 1.18238 -2.12994
22.6945 -1.70361 13.6476
23.8308 -3.32885 12.8642
21.7611 -2.70659 14.8148
19.8745 1.52555 13.8865
21.043 -3.24114 16.521
22.7677 -1.40831 15.137
23.7341 -0.739638 14.5673
22.3085 0.628026 13.9579
15.823 1.67304 12.798
20.6915 1.80445 16.1607
28.7895 -0.931213 3.78811
26.1686 3.96356 7.07482
24.3035 1.00987 20.8784
29.0658 -2.89423 20.3658
23.4527 2.8989 14.5494
24.3116 4.31918 10.1235
19.138 3.04085 14.1564
20.908 1.25093 18.2414
22.186 2.13767 13.6984
18.8987 2.8275 13.7433
20.4281 1.03001 17.9683
26.4604 2.85721 11.4233
21.2398 3.27481 12.2857
22.0316 -2.97816 15.5019
27.2267 -1.79889 18.9379
26.67 -1.52536 19.4222
20.5685 1.42918 15.613
24.3769 -1.04708 19.1105
30.763 -3.01536 18.9382
29.1062 4.11243 5.07875
21.1316 1.5145 16.1219
22.3319 -3.46139 13.8265
23.265 2.73792 14.6233
26.4951 4.09632 17.55
24.2537 -1.76455 12.8082
26.4239 -3.77516 11.4853
21.6014 3.3781 14.1635
15.6533 -2.26601 11.4883
21.3448 -4.02227 15.1364
37.731 7.93206 2.0097
25.0942 5.29181 7.86746
23.083 3.63171 13.1175
35.1662 3.95803 -0.965329
20.9427 2.1739 17.4031
24.2786 -1.35813 6.90438
26.4201 4.09238 6.92324
23.8045 4.2468 9.01028
21.0554 -3.41657 14.8122
40.357 1.48351 -2.80332
21.0854 0.724712 16.1951
42.2986 8.32605 -1.38022
24.4112 -3.92523 12.5745
15.6582 -2.26261 11.4781
15.7924 -2.31458 11.605
16.6098 -2.65292 12.5646
23.2812 2.37772 13.5995
14.9273 -1.9512 10.6029
23.2407 3.33699 13.7828
22.5666 2.3169 13.63
24.1688 0.841981 14.6688
25.1364 0.202514 21.5737
31.9577 -0.100055 7.21931
25.9626 4.14847 11.3371
21.0836 -2.92976 16.6507
20.529 0.350042 17.2387
32.5294 2.02502 9.0161
23.7882 1.09126 19.9076
26.6665 3.13044 11.6585
23.0373 1.71797 21.5049
21.78 0.667077 15.8632
19.2283 2.57472 12.5493
21.8261 -1.60085 18.1323
23.5387 -3.41427 16.4477
23.9534 -2.98768 12.5595
22.8607 1.92639 14.1046
18.3042 2.89086 13.7816
20.3614 2.05393 16.2752
21.0497 3.11585 11.9575
21.7602 3.06728 12.2098
21.8684 4.11837 13.9553
26.4977 3.48524 12.3286
22.5151 1.87392 14.0383
21.7136 -0.0997636 18.4533
21.1732 -1.07183 16.3518
39.3795 -3.02975 23.732
20.9403 1.66165 16.6962
20.6086 0.328882 14.3307
21.5136 -2.29324 13.8223
14.4919 1.40186 10.9014
14.0839 1.46013 10.4175
20.9359 -3.59753 14.8453
19.8967 3.07533 15.5008
17.4436 -3.67907 8.90645
16.8456 4.5784 5.89331
15.9049 0.989772 12.5149
31.6665 -4.66061 19.8781
23.35 1.67994 15.7415
32.6262 -3.48395 19.1871
34.7799 -1.60043 24.5608
25.5757 -0.711793 19.4604
16.2664 -4.0838 28.6989
27.2949 1.97464 25.5545
20.8511 1.87194 16.3108
25.6069 -4.69293 11.4833
14.8118 -2.76878 10.3203
13.7665 -1.17847 8.12705
23.0381 -5.71058 13.451
20.1923 2.80325 15.3725
13.3429 -1.26798 8.06162
21.7859 -8.28986 17.9575
30.5725 -3.41515 8.27107
20.7885 1.48868 15.7039
23.2018 1.01875 19.7049
16.7128 0.399066 13.5673
21.424 4.7313 12.7073
26.9344 5.3701 9.82109
34.6243 2.94032 5.88231
20.4476 -3.1586 16.347
14.3882 2.31504 8.44948
14.1092 2.4132 7.42321
13.685 0.629435 8.3863
14.3281 -2.74028 8.2609
14.2705 -1.84025 8.88218
13.6492 1.7503 7.60299
12.3313 -2.04603 6.59858
23.225 -4.98989 24.9764
17.3295 -2.18369 27.2707
21.8063 -7.15282 18.1626
26.5833 -2.00553 18.2713
10.4501 -8.88659 24.6003
14.615 -6.96013 26.1446
23.1097 -2.63475 14.8901
26.8911 16.0661 -0.666058
14.0037 -2.68852 8.10033
15.3709 -2.5461 10.9971
17.7832 -2.18893 9.69756
14.3095 -2.84214 8.52076
31.313 -0.100662 -18.9293
33.3868 0.342851 -22.0809
23.024 -5.21398 13.7321
32.3999 0.139431 -20.6225
12.968 3.74671 2.69461
23.3661 -8.2022 23.4364
34.3319 -0.104713 26.4687
14.3087 -3.17106 28.3245
22.7048 -3.73399 25.332
23.7082 -7.07197 21.0485
23.1444 7.04197 -7.25263
19.7789 6.1874 -7.14854
12.7062 2.09224 7.16569
11.9595 -2.87606 29.3753
15.847 -2.57692 26.6927
14.936 -2.11086 27.3765
15.6721 -4.36396 29.3911
19.4637 -2.51378 28.8623
15.208 -7.58241 26.3914
22.8461 -4.93801 25.3812
14.1512 -4.61725 28.3093
41.2967 12.1886 4.28762
39.2506 10.872 5.14289
41.7282 1.37043 3.22565
18.2874 2.85587 14.8693
13.459 1.65834 9.77439
15.1572 2.19848 12.1422
20.5745 2.6614 15.7656
21.4187 -6.13522 14.3851
15.1802 -7.62034 26.3253
12.8703 -4.86586 27.5736
13.7991 1.35508 10.0715
14.421 -1.72411 9.04286
13.8145 1.36673 10.0632
10.4459 -8.90018 24.637
11.3146 -5.95378 27.5063
14.9542 -3.63284 28.036
19.2223 -1.40479 24.3975
19.0332 -1.5636 24.1182
8.51711 -3.33746 30.3014
11.1774 -7.56561 24.0407
13.7392 -3.14407 25.8526
14.9265 -3.79814 26.7312
16.5586 -3.75102 28.7028
11.725 2.60735 5.94473
19.261 5.81184 -4.99379
22.7521 1.60381 -12.1251
26.3782 7.43827 -3.42524
12.4318 2.52318 7.01852
12.4238 2.70579 7.04492
17.4571 8.76398 5.6313
20.3494 -5.18946 26.9724
23.8282 -3.12147 31.4316
20.397 -5.70789 26.7573
13.5825 -8.25658 22.7371
9.06717 -8.98468 25.1493
10.4347 -8.84327 24.4903
21.1205 -4.38985 33.6092
14.0255 -1.60803 9.19166
12.2037 -1.61212 8.39219
17.3443 -1.78395 27.4962
13.734 1.58131 10.0373
18.3084 5.55276 -3.12746
17.8519 3.73153 15.0977
15.4485 6.85502 7.10852
13.4498 2.89952 9.36347
20.0855 7.08772 -7.41026
13.3533 2.10109 9.76768
15.9732 0.641879 12.5874
19.9049 2.94188 15.6729
24.1067 5.41365 15.42
13.519 1.70393 9.68409
14.0243 1.23201 10.3319
14.0628 2.35772 7.21317
16.9663 -2.22149 9.74712
15.3243 1.29434 11.6648
14.0159 0.857216 4.67822
12.8701 1.681 7.14173
22.9191 -0.8677 28.0482
22.452 -4.08028 25.1281
21.7871 -1.47633 28.2602
13.7058 -7.85729 24.1866
14.9742 -1.98554 27.5023
11.2328 -7.61836 24.2295
14.9642 -8.36397 28.5304
19.025 -5.68232 28.2576
15.0184 -3.77955 27.3449
21.132 -0.980116 15.8689
16.7479 0.603226 14.7453
23.6093 1.4946 20.006
24.1935 4.46762 9.18553
20.6697 2.02409 17.2557
20.4486 -1.48409 16.9885
20.837 -3.03978 15.9778
21.5547 3.52491 11.7229
22.3715 -0.634945 13.8947
22.3462 -2.72896 14.7495
22.4498 1.22434 15.7435
20.5922 1.6044 16.1118
14.5743 1.427 11.0758
14.4528 1.42259 10.94
13.4538 1.68277 9.68823
15.3269 -5.22013 29.8986
16.4035 0.468727 13.1523
20.4006 -1.35391 28.9415
33.9612 -0.59924 26.6401
24.656 -8.11749 22.2186
15.5381 -4.06985 29.2722
21.9326 -2.57837 24.9355
21.91 -4.78353 15.6668
27.2128 -1.12104 24.9106
15.2924 -4.40195 29.4692
22.2529 -7.63848 22.0831
23.0748 -8.14352 23.3194
29.1464 -0.878103 3.43755
31.5516 7.31427 6.38223
20.9082 -1.06265 15.943
20.6596 2.34108 15.6058
21.099 3.13945 11.9471
39.8624 7.23723 0.145262
22.2256 -8.65403 25.0972
23.747 1.31692 20.3043
20.8494 1.30719 16.1538
17.5593 6.16342 6.37501
12.9182 4.59631 8.1093
14.2944 -1.60006 9.0157
13.1761 4.07451 7.7616
17.5635 6.67665 4.86439
13.4337 -1.46123 8.80766
17.5837 2.74986 14.7508
13.639 3.10444 9.24767
15.8054 0.664532 12.3925
13.3131 0.691678 9.22711
14.7007 -2.08054 10.2554
15.7996 -2.67292 11.5727
13.5529 -1.63116 7.98001
22.6039 -4.03462 13.7546
22.3933 -2.09409 15.0208
15.9655 0.950494 12.4178
21.4448 -7.96536 17.3212
18.6229 -10.7046 26.2098
20.4085 -3.14683 28.4723
22.001 -7.35579 18.6453
22.2097 -7.58931 17.3905
16.4896 -2.88716 28.8663
26.885 -0.456718 23.7458
42.0262 8.18659 -1.22613
13.0527 0.869298 9.03628
13.5631 1.15427 8.68333
21.4998 5.46647 0.0746868
19.3018 2.16383 3.59366
19.4797 6.15499 -4.01402
16.9316 1.23906 14.0566
17.9407 -2.47688 13.0702
13.6051 -8.23725 22.5691
14.0184 -8.3125 22.629
25.5182 0.577455 23.2048
27.4191 -1.07082 24.9514
23.2043 -8.10452 19.9279
31.7911 -2.46388 24.4552
24.3645 -1.17339 21.5908
19.1055 -5.84812 27.7073
28.4682 -3.10703 22.8057
21.4942 -1.07767 24.9408
23.7844 -4.53784 24.2136
14.5863 -6.18616 27.238
18.3044 5.54816 -2.07199
20.0602 6.32436 -4.18321
19.0254 5.33303 -5.24287
16.567 2.35903 4.25822
15.9595 0.854912 12.6602
12.9703 1.62502 9.37712
13.1209 -1.2031 8.18645
13.2336 1.85962 9.20241
13.3214 1.9853 9.59977
41.8782 0.889572 -0.286185
31.8436 -4.59059 19.9424
21.1857 -2.03788 16.987
26.118 3.16975 7.61679
15.7035 -4.46465 29.4684
15.8827 -4.06822 28.3845
26.8421 -1.13153 23.0965
16.782 -2.54627 29.8269
20.6493 -10.1785 26.9933
16.9344 -2.0115 28.2716
20.3391 -1.46324 28.4609
17.4536 -1.72316 24.8149
15.0997 -7.57188 26.0892
17.0726 -1.97486 27.0544
20.7982 -0.826633 24.2767
21.7822 -1.4962 28.2665
21.1675 -1.3749 25.1441
22.8305 -6.91844 24.6701
12.3461 -6.89053 27.7196
21.3963 -9.46093 25.2379
20.6778 -8.48924 27.4572
19.6344 3.53514 16.8701
19.3759 -6.27182 27.425
27.9678 -2.46967 30.0446
18.5465 -1.48593 24.7394
20.6372 -4.71964 32.752
23.1175 -5.5579 24.8684
21.7131 -6.66218 25.4798
23.3089 -4.70967 25.0566
21.844 -2.41631 24.86
23.1615 -9.05757 23.4736
20.6 -2.36873 15.8303
33.8385 -0.852692 4.99191
20.3305 1.73888 17.2278
21.0596 -3.43682 14.8102
16.9016 -0.410166 13.5146
22.997 -2.15496 15.0309
22.8517 -2.92968 13.6049
24.0759 -3.00377 12.5529
14.4059 -1.52704 10.0574
22.2864 -1.99402 13.9318
22.7279 -2.6713 14.8352
24.5938 -3.46259 12.552
21.6077 3.79738 12.347
22.7342 -2.8531 12.9824
20.368 2.31131 11.5694
22.1837 -0.702334 13.8992
20.8494 4.15716 12.7418
24.5924 6.43926 11.1753
22.6205 2.38905 13.6271
20.8245 0.588765 16.9722
25.7708 4.64516 8.49956
18.4303 1.2577 12.7464
21.3271 2.68915 12.453
21.4231 0.942072 16.577
21.6551 2.97854 12.2835
20.6778 2.72584 15.3488
27.4307 -1.03942 10.4912
26.7365 -0.924883 10.8145
21.2723 3.95585 14.3947
20.1093 3.19196 16.2698
14.5891 1.41167 10.9552
21.1025 -3.93116 15.3521
15.8818 0.760982 12.5889
23.6311 2.6532 14.9625
22.1126 0.605812 15.8268
21.3171 -0.823706 15.6865
19.9729 -0.813329 10.6548
21.0825 -2.83395 16.7052
19.7964 -2.51944 10.1565
20.7568 3.4189 11.3501
25.5595 -2.33334 10.7958
18.044 -1.54471 12.8642
26.0506 3.18152 7.64458
26.6083 4.30062 6.64774
20.6542 0.625507 17.9688
31.3707 0.536214 2.4666
20.6377 -2.58091 15.7155
24.9504 -1.16212 21.2042
20.9548 0.892361 18.5948
25.9039 -6.17069 17.4799
29.1012 -7.07513 20.6495
20.6139 -3.26567 16.7054
20.8971 -3.60053 14.8479
21.1142 -3.87665 16.2491
24.3429 0.485577 21.8152
24.4847 1.17337 20.933
22.4603 -2.99473 13.906
22.851 2.21094 15.0315
26.6614 1.99382 12.3898
21.3626 4.06447 14.3508
15.0013 -0.912531 10.9801
22.7641 2.72297 10.2286
21.2928 -0.9868 15.4935
24.5034 3.65988 8.92475
23.9653 3.51434 9.50424
20.9403 -3.38841 15.3657
15.9947 0.893773 12.4994
18.5571 2.97632 14.05
24.2895 -1.93041 12.7217
21.5443 2.922 18.075
18.7142 3.02481 14.5904
26.5452 5.48814 9.46127
21.0157 -3.23618 16.512
21.4062 -0.925065 15.9332
18.4671 2.7308 13.3504
24.298 -1.7607 12.7894
22.7775 2.39873 14.7731
25.1139 -0.694302 20.8345
18.8455 2.51181 13.7279
26.7711 -6.54403 18.3413
21.6336 -2.27908 14.9515
25.5753 -1.58925 20.2846
21.9428 2.2637 14.2527
15.917 0.84237 12.6438
16.917 1.00716 13.9787
15.8568 -0.503848 12.1644
23.5558 1.28932 15.7564
21.5023 -3.16532 16.3949
21.3626 -1.19499 16.8838
21.26 -4.02215 15.6654
16.7184 0.423746 13.5428
23.275 1.30263 19.8259
17.1989 1.29428 13.9955
20.2973 3.11045 15.3562
20.1175 3.02434 15.3531
24.3232 -1.62959 12.8189
24.2067 1.03848 20.8419
21.87 -0.828464 15.8105
31.4695 1.72766 8.07037
27.188 -1.2322 10.5009
21.6707 2.79081 14.1279
14.0123 1.26774 10.2589
22.3232 -2.33915 13.8523
21.9501 -8.58933 25.3098
19.3602 -1.26137 23.9122
15.1441 -3.6828 27.4575
20.4145 -6.26239 26.7534
22.6213 -6.40954 25.066
24.9742 0.113885 21.6013
21.3887 -9.95035 25.0746
12.607 -1.60255 7.52059
12.4947 -1.93972 7.20079
13.5773 -2.95724 8.46105
14.593 -3.2598 8.37269
23.5947 1.28924 15.7598
20.9176 2.27373 17.0536
22.689 -2.98834 14.816
20.27 2.63044 16.4663
20.5981 0.465401 16.9161
13.8873 -1.88235 8.36852
15.0196 -3.83869 8.31344
36.1194 6.68237 1.61557
23.5357 2.31614 14.0089
47.6785 2.02492 -4.75686
43.3062 2.02013 1.45669
22.3989 1.2319 17.9115
24.6735 0.756482 21.4279
21.8843 -1.11706 17.1259
30.902 3.7097 -2.56279
21.8053 -4.50568 14.5046
13.7159 -2.21423 7.8907
13.0457 -1.20811 8.25514
14.2723 -2.32831 8.72281
14.339 -2.68846 8.6109
23.4244 -4.79985 13.4436
21.5185 -4.50814 15.0248
16.5309 0.61418 13.1914
21.8356 -0.479565 16.4612
26.2884 -8.85603 20.3004
24.3617 -7.02243 16.7068
16.322 -4.02953 28.8778
24.7363 -9.48297 21.5462
21.3347 -6.71291 15.4859
28.9954 -0.486275 27.8523
21.1761 -2.74898 15.8151
19.347 -5.74127 27.4501
20.9063 -1.18746 28.8433
28.6088 0.0144693 34.2648
17.7039 -6.84697 28.701
14.8865 -8.31821 28.3676
9.75612 -1.4389 33.1232
22.3464 2.04615 -16.9982
21.1058 6.24616 -3.00216
17.271 2.52572 5.7489
14.9764 -1.44329 10.7977
18.4616 -3.64842 10.4541
24.1314 6.71414 -6.75144
21.8536 -9.85732 24.7661
18.2497 6.54474 6.37165
28.162 5.54092 -4.13532
15.8759 3.16978 13.2052
17.1728 3.9635 14.9997
11.6314 3.32144 6.5243
25.8346 0.867888 6.94153
20.6965 0.213129 17.753
22.0795 -0.667922 15.6752
19.0907 -2.19584 10.9215
18.5852 2.6278 13.3532
20.0779 2.01782 11.8616
31.5281 -6.26487 18.0582
28.9908 -7.21641 18.523
21.2675 -2.76866 16.7273
23.5981 -0.429002 18.7843
27.2795 -2.27318 9.90421
23.0973 1.87049 8.74541
22.8979 2.54035 9.71047
23.152 1.9079 8.69077
26.7629 -1.06132 5.48719
26.1464 3.27636 7.43298
11.7264 2.58444 5.9813
20.8929 1.33595 16.1517
12.5272 2.51888 7.00867
20.5962 1.00872 17.818
20.6535 1.36077 16.178
23.7507 -3.62277 14.6768
13.6613 3.15781 9.26905
18.155 7.30893 4.33783
14.4645 3.10385 11.4546
14.8234 2.97709 12.4442
15.0105 -0.597721 11.1099
17.3157 3.5961 12.298
21.3053 1.65604 15.8092
13.4038 -1.93991 7.20241
14.3946 -2.95651 8.80089
14.2856 -2.70619 8.64334
15.1779 2.03713 12.0724
20.1236 3.43092 11.8835
21.6688 -1.50079 28.1463
14.3592 -3.68724 22.6101
10.7553 -4.13487 32.2661
16.5901 -3.75526 28.8783
21.0759 -10.3063 27.3516
21.7335 -9.77168 24.6578
18.8986 -5.72136 28.059
13.1412 -8.31178 22.6265
16.8638 -2.14494 28.0192
21.4738 -0.937279 15.4506
21.6547 0.61334 15.8784
21.8842 -0.302545 9.35527
16.7313 0.421891 13.5533
23.6807 3.06908 8.97496
26.1163 3.99092 11.6027
27.6568 -1.13411 4.83171
22.0924 2.91297 13.7398
26.1011 3.94695 11.6829
23.8434 0.837386 20.6539
23.7299 0.822116 6.08299
17.6477 3.20817 3.48058
14.4678 1.38321 10.9078
20.5618 1.44387 15.5257
13.9627 1.35164 10.2455
19.6495 2.86318 15.3574
17.0618 -2.67656 29.3807
21.8687 -1.74314 18.0031
21.0685 -1.30067 28.2833
25.1799 -0.55756 19.0939
16.2797 -4.05925 28.7521
24.0047 -7.00851 21.0058
28.4901 -0.91378 23.4995
15.4091 -5.06427 29.6876
23.0248 -9.74241 22.5765
19.1507 -6.00496 27.7233
16.9939 -2.88943 28.9516
22.8781 -8.15323 23.1582
21.6929 -1.27189 25.5217
26.0463 0.543194 25.1758
20.5569 -5.6612 26.7886
14.2221 -4.22439 28.3863
25.8702 -0.414387 23.6574
19.2706 -5.58689 27.6806
23.2803 -5.99951 23.8408
17.429 7.13056 5.63179
13.2822 1.85693 9.52111
14.1779 1.59367 7.5636
12.4773 -1.06267 7.68574
11.8209 3.37068 6.49601
14.9304 3.10435 7.46252
15.161 2.00885 12.0716
15.1471 -0.00666093 13.0083
17.2342 2.71254 5.34096
17.277 -6.08281 29.2333
21.7694 -8.77745 25.5057
13.9519 1.34352 8.36163
14.4777 -2.18383 8.65444
12.6301 -2.00541 7.37831
25.2194 -1.75645 19.1949
22.695 -8.14593 18.7198
22.2089 -3.08182 25.0587
17.2755 -5.57118 29.4886
22.6911 -8.15259 18.7974
18.9214 -10.51 25.992
14.1314 1.38721 10.4799
14.3954 0.77319 11.5865
15.8214 0.820205 12.4489
20.1963 6.13964 12.396
16.9869 1.07986 14.211
20.5671 -3.09578 16.0713
26.8622 -10.1308 19.9672
24.4576 -1.12423 21.6272
20.8366 -6.24898 26.795
16.8693 -2.47151 30.005
17.5158 -7.44793 29.1752
18.6502 -9.2344 26.6906
24.6205 -8.58041 21.4284
22.529 -7.0447 24.6114
22.881 -8.17261 23.1629
25.9276 -5.85378 23.2543
28.7036 -10.6118 20.2054
17.9458 -7.39275 28.3612
24.2036 -7.57003 20.5377
24.5153 -8.32642 22.0074
13.3086 -4.92384 27.368
23.0047 -8.12764 23.2642
22.5779 -3.74377 25.2299
22.7305 -3.30307 25.588
15.2136 -7.55097 26.4683
13.5162 -8.27795 22.4092
18.5784 -10.6192 26.1145
20.2839 1.41896 15.7997
26.5115 -4.64127 15.3945
17.698 4.06498 3.87895
20.5649 -3.10177 28.6976
21.5426 -10.8045 24.591
21.5927 -0.340388 25.135
20.8274 -0.810732 24.2856
26.1668 -5.8238 23.3839
17.6518 -2.06837 13.3953
23.848 -1.23914 15.1683
20.7685 0.68637 18.0573
22.4466 2.69539 20.4909
20.3992 2.74061 16.0461
34.7047 4.94033 0.341331
33.4375 -3.4183 4.29111
29.842 5.08975 4.51027
37.5953 6.05964 -0.784178
24.9802 4.35187 8.61883
23.148 2.44689 14.888
22.3097 0.423303 14.4062
16.7415 -2.95707 12.238
17.0842 -2.62138 29.4836
24.9146 -8.10671 22.3235
19.3702 -6.92572 27.2918
21.0573 -4.79879 26.6377
15.1992 0.983755 11.7413
13.5732 -2.377 7.76172
14.0625 1.16467 10.3506
13.3723 -0.806634 7.86314
33.2938 -3.41239 2.76357
21.7076 -0.84269 15.8143
25.8076 -1.08209 23.2977
13.448 1.65895 9.76846
24.3237 -1.21584 15.2316
23.0177 -2.1641 15.022
13.4712 1.71638 9.6653
21.2681 1.67275 15.7039
22.989 -2.86588 13.5538
24.6411 -4.08351 12.2533
15.8408 1.71433 12.7869
23.1476 -4.03817 13.4864
20.8523 1.908 15.8203
21.1209 -2.89168 15.5042
14.8568 -2.7411 9.40187
15.6219 -3.00858 10.9486
19.9986 3.0714 15.2885
15.946 0.851938 12.6441
21.9313 5.62555 -3.35158
19.9266 3.38512 15.9772
21.5642 3.40494 16.6823
28.7448 -0.202741 21.2303
14.3903 -0.719788 10.2432
13.0448 -0.173413 8.65013
13.0229 -1.41334 7.41595
13.5021 -1.45805 8.74892
14.826 -1.85932 9.49916
18.661 3.73811 15.8722
17.291 -3.0914 11.9432
15.1002 1.13918 11.6116
23.589 -3.76279 14.5866
23.0238 -2.17953 15.0318
13.6801 1.84545 8.43376
15.1727 -7.54442 26.3043
20.5677 -3.0581 28.7093
17.1784 -1.89153 27.2085
24.8566 -0.898944 21.4283
29.6463 0.0127035 21.4588
26.0854 -8.90659 20.3183
14.1747 -4.23047 28.2608
15.8786 -2.42217 11.5804
13.4368 -1.38389 8.18877
18.3166 1.60347 13.9782
21.108 -1.0949 15.2739
21.2953 -10.6994 24.3915
29.5791 -0.549439 20.7502
21.4598 -1.48858 25.2772
22.4184 -2.91729 13.8198
15.3869 1.35998 11.672
13.9275 1.32748 10.2397
27.9939 1.94039 -26.5785
29.6547 -0.605993 -18.2025
14.6321 -1.6647 9.34887
14.5417 -1.6948 9.37625
15.3539 0.624244 12.3094
26.8936 -3.30251 30.7274
23.1969 -3.73828 34.0596
20.3977 2.67557 15.9774
17.3909 3.47439 4.09579
21.3141 0.780249 15.0789
14.8266 -2.25481 10.3598
26.1086 0.41203 16.156
14.3944 1.50088 11.0333
14.4337 -0.614165 10.3512
14.2581 -1.7306 7.55376
12.9042 -1.348 8.33671
13.035 -1.29485 8.22595
12.9803 -1.25533 8.09204
20.0207 3.21692 17.6083
21.1026 1.63369 15.6848
20.6983 -1.0526 15.6512
23.9591 -2.98227 12.5701
15.7409 -1.96134 11.5772
21.404 -0.938902 15.6945
20.993 2.9059 15.3824
17.5497 -2.08126 13.2252
21.0807 -3.44082 14.7877
16.0859 0.774871 12.7118
20.0347 2.51596 15.8153
13.4749 1.68885 9.67276
17.8137 2.73589 14.6839
21.7135 10.4181 2.33932
17.844 1.83954 13.0928
15.9661 -2.28213 12.7035
13.3376 3.16228 9.80746
14.3799 2.28165 7.56337
23.6611 1.26289 19.8149
24.4597 -1.72214 19.9921
24.026 -5.51125 24.0509
21.7571 -1.4541 25.0077
23.3922 -7.46386 23.0256
25.9968 -6.72815 23.0266
32.1333 -4.80308 20.602
24.8282 0.557725 21.9837
18.6462 -1.42806 24.9031
24.7756 0.241019 22.2136
23.0831 -9.72676 22.599
22.9464 -3.9773 25.498
24.495 1.78803 20.383
26.5122 5.09774 10.0475
26.8809 5.69565 9.30497
33.4617 4.68825 6.905
23.0803 -3.46285 13.5215
21.11 1.21286 18.6999
25.5254 -3.00198 12.1966
35.4393 7.52757 1.47169
23.1774 0.405585 7.27198
21.2663 -3.97641 16.1819
29.7579 2.22442 3.14531
23.9575 6.96723 8.57475
32.2208 5.7083 2.3712
28.0518 5.02272 6.77607
30.865 1.05461 3.8078
20.3491 2.15555 16.0905
23.9054 -1.27634 19.9434
24.9733 -0.891384 19.7306
22.4121 -1.46974 17.9978
24.171 1.2976 22.8042
22.4432 -7.85284 18.7717
22.0113 -1.44283 24.6473
21.6295 -0.462713 26.6775
22.0343 -7.48331 18.7976
24.1666 -2.2797 6.5121
16.7349 0.441858 13.535
13.7121 -1.43801 8.27437
13.3984 -1.20996 8.00043
13.9003 -1.90696 8.35843
25.0065 -2.12019 6.19423
13.6017 -0.961469 7.66853
21.4874 4.49208 12.5734
21.776 4.06705 12.5123
41.9902 3.18304 -3.16541
37.3715 6.03576 -0.635844
18.8362 2.73239 14.2157
18.1388 2.10674 13.6031
21.611 2.91049 12.3622
23.7767 -2.22397 13.4892
22.0505 4.08715 13.784
23.0433 -3.82684 14.6245
14.3589 -1.20506 10.0627
13.7683 1.64193 10.126
21.2352 3.13693 17.8635
20.4039 1.98032 16.3369
14.1103 1.40069 10.4684
21.2962 -1.02873 16.1036
20.9389 -1.36915 17.0726
19.2459 2.59619 12.5341
20.2999 2.29827 11.5866
17.5044 -0.886923 12.8863
21.1869 -8.53408 25.5865
15.1838 -3.60184 27.7597
26.024 -9.14393 21.1325
25.1782 -9.09015 23.1685
15.4009 -8.65257 22.7869
13.1694 4.03984 7.78868
14.0903 2.3782 7.96675
15.6397 2.71068 14.2892
20.3535 2.65887 15.2546
13.5448 3.42012 10.4888
19.7728 3.38927 15.4773
20.9453 4.48863 -2.20351
12.576 -1.65464 7.50243
21.7203 -1.49995 24.7281
18.6388 -5.80809 27.6023
24.4451 -8.49049 19.5133
23.1927 -6.45256 19.5701
17.826 7.17943 5.49254
24.0783 2.24493 -24.2362
20.9888 1.94863 -11.132
13.6905 -1.16553 7.82155
18.3413 -2.76317 10.9317
22.5088 -3.4713 13.7815
0.80452 0.463234 1.4269
-0.84481 0.460562 1.10298
-0.541851 0.438482 2.33184
-0.166324 0.601657 1.6832
-0.258171 0.413149 2.15458
-0.765623 0.176098 1.49852
0.23996 0.387535 1.44239
-0.537808 0.385249 1.20934
0.830149 0.467985 1.35544
-0.422747 0.436904 1.2886
-0.26878 -1.19776 6.82837
0.280049 0.311277 1.77717
0.802964 0.299751 1.57264
1.03421 0.373433 1.53051
0.927359 0.417771 1.40407
0.666117 -0.10751 2.75991
-0.623857 0.434869 1.26976
-0.770095 0.363309 1.24445
1.13356 0.414838 1.39523
0.776112 0.307209 1.72587
-0.556834 0.295652 1.62089
-0.47511 0.478187 1.31031
0.590028 0.337731 1.59273
0.530922 0.236414 1.89223
-0.653404 0.475765 1.16909
0.958801 0.432324 1.36296
-0.362418 0.552936 1.25585
0.0360169 0.616992 2.16261
0.759593 -0.0277304 2.72373
1.24053 0.429107 1.41209
0.935312 0.416121 1.4213
0.642477 0.672145 1.89179
-0.551162 0.432532 1.30953
-0.530467 0.465075 1.20121
0.857695 0.45182 2.17833
1.0945 0.396348 1.47579
0.778242 0.3857 1.47462
0.964768 0.545087 1.07462
0.60285 0.262161 1.80926
0.607148 0.294621 1.68946
0.514965 0.302765 1.69672
0.171922 0.436901 1.27279
-0.425242 0.369456 1.69817
-0.465442 0.412815 1.46303
-0.0923322 0.538245 1.89514
-0.15424 0.493313 1.76496
-0.835388 0.509169 1.03146
-0.842604 0.398598 1.26358
-0.79642 0.483355 1.06992
-0.707216 0.390356 1.29384
-0.727506 0.44052 1.12979
0.745832 0.336778 1.50837
0.744667 0.321713 1.43568
1.07168 0.483716 1.1884
-0.16558 0.591858 1.63669
-0.622078 0.239738 1.33725
-0.557407 0.41891 1.22219
-0.825762 0.299299 1.37326
0.800482 0.458461 1.42113
0.847286 0.524516 1.11221
0.402918 0.50644 1.12451
-0.38175 0.481951 1.44135
-0.24747 0.598454 1.63053
-0.843659 0.146815 1.43816
-0.633989 0.439956 1.27491
-0.771241 0.467648 1.0615
-0.448291 0.468259 1.27622
-0.930681 0.333825 1.26034
-0.897913 0.378512 1.26187
-0.842841 0.266015 1.36257
-0.237098 0.547129 1.33565
-0.215637 0.683698 1.64124
-0.672978 0.414653 1.28202
-0.662943 0.45227 1.26316
-0.716706 0.472625 1.0786
0.832309 0.306831 1.71171
0.78758 0.359287 1.59617
-0.532661 0.441657 2.3277
-0.643062 0.475122 1.15636
-0.668604 0.495911 1.09199
1.14443 0.452447 1.3296
1.22685 0.533287 1.26691
0.592686 0.396607 1.58097
1.04283 0.370633 1.54686
1.06998 0.534855 1.17716
0.091682 0.0146366 0.482452
0.412508 0.269592 1.76239
0.51617 0.303288 1.69553
0.61667 0.037468 2.38468
0.404544 0.478122 1.1771
0.620536 0.402856 1.5264
-0.413454 0.454314 1.38962
-0.582357 0.524 1.178
-0.551794 0.49061 1.27021
-0.687023 0.371095 1.31834
-0.430185 0.379686 1.91214
-0.0587637 0.614428 1.75555
-0.138597 0.610685 1.66043
-0.739765 0.526142 0.966872
-0.625931 0.523213 1.04357
-1.13487 0.327357 1.36778
-1.02022 0.491151 1.17893
-0.114042 0.634303 2.13277
-0.354367 0.58167 1.25174
0.946505 0.413818 1.44054
0.478113 0.277455 1.76465
-0.252304 0.404325 2.16997
1.03311 0.405364 1.48767
0.962857 0.432861 1.3675
0.399583 0.506555 1.11604
0.532784 0.0859093 2.69286
0.686538 0.288904 1.75063
-0.770341 0.470306 1.06616
-0.721935 0.47147 1.08288
-0.410653 0.56835 1.21719
-0.133147 0.602873 1.63638
-0.465416 0.401589 2.08036
-0.995932 0.418926 1.2642
-0.576974 0.486939 1.22453
-0.752622 0.50352 0.991822
-0.861224 0.516337 1.00413
-1.17979 0.343109 1.36692
1.10389 0.456254 1.23353
-0.683693 0.500335 1.09939
0.78165 0.355919 1.57842
-0.442765 0.396583 1.82838
-0.656508 0.470051 1.16745
-0.208341 0.544993 1.68579
-0.15153 0.558865 1.7542
-0.41694 0.451043 2.37539
0.398947 0.505874 1.1137
0.807583 0.407381 1.25927
0.847213 0.424653 1.32243
-0.604088 0.484137 1.22539
-0.592652 0.372734 1.43202
-0.410146 0.528799 1.20797
-0.681933 0.50035 1.04874
0.606115 0.404226 1.52524
-0.447613 0.515278 1.20056
-0.404695 0.472619 1.24735
-0.730705 0.323419 1.41982
-0.929538 0.400256 1.31882
0.0129617 0.496309 1.11508
-1.10578 0.336009 1.41071
-0.664864 0.302694 1.29109
-0.82276 0.201951 1.46277
-0.693176 0.449317 1.18371
-0.918737 0.420923 1.21173
-0.847961 0.460643 1.11181
-0.777327 0.446769 1.10922
-0.400226 0.621685 1.19497
0.846904 0.52419 1.11242
-0.508191 0.397258 2.52709
1.91404 0.288158 2.89544
-0.179002 0.453006 1.99567
0.474921 0.52001 1.08569
0.204883 0.499954 1.11218
-0.782466 0.248263 1.71682
-0.78146 0.514141 1.02946
-0.810574 0.453315 1.10869
-0.461492 0.593049 1.11191
-0.474657 0.578374 1.14864
0.623037 0.313331 1.61981
0.243107 0.387226 1.4484
0.435939 0.5515 0.984097
-0.852309 0.322551 1.33275
-0.752837 0.560657 0.961268
-0.864855 0.370331 1.1891
-1.06489 0.325949 1.36477
-0.279146 0.583723 1.1653
-0.765863 0.427298 1.13461
-0.985884 0.332577 1.39047
-0.822988 0.371694 1.31345
1.24117 0.503393 1.31069
-0.555081 0.510026 1.19955
-0.502449 0.544142 1.18414
-0.619929 0.492153 1.18841
-0.663278 0.495871 1.08823
0.618289 0.297952 1.72375
0.21101 0.438126 1.28207
-0.794948 0.321176 1.30895
0.283231 0.385641 1.45984
-0.477093 0.617606 1.16556
-0.304501 0.613283 1.29973
-0.852719 0.405045 1.196
-0.694383 0.54441 0.990283
-0.861471 0.467044 1.12503
-0.690012 0.440851 1.25231
1.10033 0.479031 1.23954
0.153151 0.518525 1.06307
-0.64218 0.529013 1.1045
-0.664823 0.284522 1.33525
-0.905447 0.513482 1.05978
0.995538 0.408333 1.57383
0.636293 0.339195 1.59064
-0.43875 0.512708 1.18683
-0.929864 0.425755 1.21977
-0.164267 0.527066 0.978622
-1.04109 0.359045 1.27262
-0.831357 0.324781 1.30229
-0.832683 0.246112 1.3518
-0.625146 0.514311 1.16522
-0.800243 0.452837 1.12704
-0.638121 0.481964 1.33108
-0.535977 0.484901 1.2359
-0.955602 0.467088 1.17276
-0.870107 0.46564 1.10534
-0.384358 0.541534 1.22656
-0.802902 0.526507 0.979936
-0.669909 0.568495 0.99875
-0.947809 0.403376 1.25282
0.259281 0.543658 0.990815
0.676101 0.52312 1.0996
-0.907896 0.417192 1.20277
-0.845671 0.34606 1.29907
0.682908 0.296988 1.75721
0.534576 0.0896407 2.72132
1.09154 0.415234 1.42133
0.689515 0.50785 1.12417
-0.581837 0.489814 1.19295
-0.699232 0.49922 1.06713
-0.779626 0.379754 1.27725
-0.735802 0.399132 1.27247
-0.473836 0.463735 1.22455
-0.908154 0.453892 1.15201
0.970684 0.377211 1.61226
1.73418 0.252092 3.05397
0.281566 0.32259 1.6182
-0.8101 0.419624 1.10227
-0.467571 0.473548 1.24463
1.18425 0.528389 1.30986
0.273329 0.401903 1.39966
-0.661714 0.330691 1.3026
0.760429 0.315561 1.75299
-0.592019 0.504941 1.20784
-0.904883 0.336886 1.25005
0.952317 0.542878 1.05563
0.683479 0.512657 1.1164
0.297157 0.370565 1.79162
-0.718288 0.443498 1.1183
0.598442 0.268545 1.79887
0.678537 0.392236 1.39816
1.81536 0.289823 3.05506
-0.436865 0.439293 2.2101
0.833968 0.35492 1.58939
1.99735 -0.0703852 3.89021
1.17378 0.412817 1.44704
-0.819954 0.176043 6.29946
-0.966087 -0.0166021 6.54857
-0.184253 -2.21568 7.68436
-0.526103 0.515848 1.20068
-0.208074 0.205855 5.66765
-0.58126 -0.482132 6.29059
-0.836593 0.355262 1.34644
-0.344235 -1.64448 6.67871
-0.596231 -0.810916 6.30163
-0.598124 -0.112726 6.66556
-1.9074 -0.388544 12.4972
-0.843866 -0.717352 5.88762
-0.719899 0.229768 1.41938
-0.75606 -0.739538 6.06202
-0.584498 0.568504 0.979501
0.373631 0.585065 0.903622
0.016685 0.495568 1.11903
-0.8951 -0.478627 6.2711
0.721981 0.589936 0.909747
-0.420618 0.518394 1.23922
-0.138469 0.602161 0.806736
0.598737 0.570307 0.983101
-1.0001 -0.0113517 6.3693
-0.232561 -0.292893 6.9644
-0.443103 0.414029 1.25232
1.39044 -2.71676 8.69076
21.2162 -8.50512 25.6329
-0.260675 0.450728 1.33212
0.595574 0.405926 1.31497
0.0320221 0.651063 0.686089
0.033479 0.542316 0.995156
0.127614 0.609553 0.807819
-0.413736 0.457561 1.36745
0.199305 0.627499 0.775477
-0.373828 0.46945 1.26525
-0.49178 0.424479 1.2265
15.3278 -5.17269 29.7493
10.3761 -6.02388 29.1048
22.9592 -4.7043 37.526
8.40783 -7.42067 21.0103
12.6144 -3.06617 24.3862
1.35348 -2.42085 8.48264
0.473645 0.210864 1.94172
0.023068 0.655787 0.667159
-3.50975 -1.60663 7.97017
-3.9507 -1.67422 8.63026
4.70726 -3.06149 13.2474
0.232453 0.701614 0.707399
-0.404363 0.443379 1.28852
-0.627081 0.276083 1.36033
23.3441 1.60611 15.7662
-0.87184 0.68444 0.875516
-0.760607 0.173185 1.49124
34.7498 6.48632 0.665737
21.0394 -3.60507 14.8028
42.0777 -3.58203 -6.12891
20.9842 -3.60803 14.8516
-0.0402381 0.749003 0.416076
0.470498 0.518123 1.07966
-0.801467 0.526568 0.977242
-0.571929 0.569784 1.09094
-0.39815 0.464841 1.44766
-0.295529 0.686078 0.561977
0.404058 0.722723 0.536539
0.510147 0.232663 1.90404
2.2858 0.129299 2.91484
-0.630014 0.643366 0.994982
-0.0794231 0.480953 1.39516
2.54283 -3.00154 9.9438
-0.503744 0.576081 1.20603
5.10961 -2.91329 14.0691
-5.33784 -3.52402 9.488
-4.15019 -3.81296 10.7739
-5.08561 -3.08611 9.23607
-5.77168 -3.17403 8.39585
-3.89053 -2.96966 10.7619
4.64576 -4.13259 19.8585
-5.25585 -3.41541 9.35424
0.703865 -0.783684 8.31191
-0.886065 0.303681 1.35239
1.5933 -1.54356 10.775
3.33979 -1.82515 9.909
-0.676668 -1.16454 9.16582
0.893099 -2.41431 9.12432
1.6367 -0.564984 9.03798
14.2684 1.32415 10.5386
13.5756 1.98135 7.3825
17.5748 3.57589 15.5414
1.65614 -2.37609 10.2384
2.53414 -1.69691 10.1571
13.2924 -3.23433 21.9135
13.3262 -6.76707 27.0938
2.06489 -3.68906 26.0153
20.6728 -10.6337 28.3131
-0.153132 -2.40378 8.28631
-3.40184 -3.14413 10.9475
-2.17627 -0.613235 7.26319
-2.77246 -3.33448 11.4007
-2.82232 -4.10686 11.6214
-4.02706 -3.72455 10.2741
-0.421376 0.458452 1.40166
8.11995 -10.7372 25.3784
25.8761 -4.26347 32.9468
18.9177 -7.53543 28.1942
13.3071 -13.0989 26.2109
12.2602 -13.2141 26.1957
-0.84747 0.18514 1.5699
-0.747188 0.191593 1.35965
-0.694893 0.437428 1.25749
-0.264324 0.547119 1.25863
-0.166077 0.609595 1.6717
0.130468 0.601988 2.11617
-2.34053 -0.0179298 6.91052
-0.581695 0.566986 1.10655
-0.742551 0.228421 1.52504
0.833206 0.546887 1.04413
-0.410675 0.620598 1.21191
-0.844911 0.41823 1.16205
0.656922 0.529783 1.09224
0.331435 0.529912 1.18
-0.0975286 0.536851 0.98781
-0.781286 0.31464 1.28834
-0.664289 0.580705 1.05557
-0.602659 0.597369 1.02629
-0.402055 0.567152 1.19224
0.885925 0.323931 1.6524
0.816707 0.38949 1.46491
0.175274 0.468077 1.21533
0.0767731 0.461965 1.19736
-0.169599 0.446091 1.92049
-0.659993 0.45145 1.26129
-0.619989 0.568077 1.02244
-0.61947 0.596042 0.999688
-0.850244 0.356168 1.27842
-0.528775 0.550587 1.10651
-0.833286 0.394667 1.22681
0.664713 0.360819 1.69679
0.243754 0.558513 0.949476
-0.127549 0.557948 0.933408
-0.0971947 0.537431 0.988138
-0.768268 0.647756 0.940307
-0.739826 0.598506 0.964161
-0.379529 0.599368 1.24586
-0.505621 0.56612 1.0828
0.741207 0.564114 1.00104
-0.543637 0.651214 1.11255
-0.680336 0.449883 1.17515
-0.735116 0.524209 0.960357
-0.579396 0.627529 1.01669
-0.873956 0.321559 1.30419
1.2453 0.428867 1.39812
0.620221 0.367907 1.59807
0.915048 0.336141 1.6436
0.963818 0.345957 1.61217
-0.77754 0.53246 0.96408
-0.663843 0.564776 1.01972
-0.458375 0.595679 1.11125
-0.460227 0.468411 1.2214
0.74639 0.531539 1.08003
0.195498 0.534726 1.1747
0.952816 0.398319 1.50912
0.220008 0.564481 0.932003
-0.651728 0.487715 1.07031
-0.166416 0.537207 1.96468
0.843279 0.438959 1.41925
-0.866561 0.346533 1.34949
1.59347 -0.198601 4.48955
-0.898013 0.330071 1.28235
-0.733702 0.330245 1.56188
-0.662873 0.57701 1.00072
-0.760782 0.211623 1.4933
-0.705588 0.428505 1.27838
-0.218112 0.554404 1.84696
-0.467823 0.430325 1.24652
-0.701401 0.5902 1.05134
1.23676 0.42946 1.39634
-0.53588 0.603403 1.12734
-0.533066 0.595079 1.15543
-0.480245 0.498028 1.19331
-0.639257 0.516006 1.18606
1.00039 0.383628 1.49223
-0.479993 0.422529 2.48885
0.735682 0.519257 1.12227
-0.651277 0.453213 1.24989
0.851615 0.524649 1.11524
-0.174776 0.547785 3.07483
-0.589638 -0.788928 6.15752
0.495066 0.466666 1.47942
-0.718597 0.474553 1.0863
-0.510304 0.379872 5.34887
-0.771857 0.422097 1.26397
-0.635244 0.47444 1.25285
-0.981625 -0.851095 5.99997
0.297168 -0.134287 7.46151
-0.762948 -0.76118 6.11607
-0.613494 0.388384 5.4762
0.655092 0.539284 1.05272
-0.646593 0.32876 1.30156
0.659373 0.428735 1.38897
-0.872635 0.145314 6.36966
-4.43425 -3.29753 10.3068
0.737328 -1.40084 7.62975
0.17566 0.729771 0.508898
0.25162 0.629833 0.760214
-0.42648 0.35952 1.31768
-0.57407 0.531493 1.04012
-0.61274 0.496882 1.22186
14.2356 -2.52706 8.52349
14.8902 -2.71136 9.38993
13.4138 0.678136 21.6372
4.68386 -2.74108 12.8684
1.02952 0.00697892 2.99749
0.429367 0.610313 0.848374
-0.140464 0.702628 0.519824
-0.16478 0.707213 0.504712
-0.0348638 0.670676 0.632798
-0.166944 0.710578 0.5045
0.0888874 0.685027 0.604673
-0.110728 0.625373 0.741801
0.614265 0.581381 0.923645
0.976496 -2.29857 8.11042
-5.87495 -2.68509 8.83553
-0.0312112 0.699885 0.546442
-0.06634 0.708916 0.529075
-0.580667 0.56928 1.10493
0.696496 0.507379 1.11867
-0.259282 0.807768 2.81186
-0.610545 0.529365 1.06931
0.0378683 0.543479 0.988508
1.03836 0.371995 1.53913
1.35027 1.13915 2.4656
-0.166493 0.52908 0.987949
-0.44926 0.401536 1.24314
-0.677708 0.599889 0.99115
-0.699505 0.537563 0.994963
-0.531319 0.601002 1.12188
0.361447 0.547212 0.988139
-0.150386 0.518482 1.03263
0.878716 0.328707 1.57206
-0.677654 0.55134 1.00654
-0.350257 0.629565 1.27187
0.82375 0.356261 1.59224
-0.436759 0.582314 1.20673
-3.85791 -2.13538 8.10298
-5.13727 -3.1253 9.27014
-5.69708 -3.25482 8.64618
-5.2514 -3.067 9.06073
-6.74074 -3.16233 8.70356
-4.06685 -3.35806 9.95402
-5.65619 -2.63727 7.91596
-0.560896 0.589219 1.07537
0.580053 0.22184 2.04759
0.316347 0.696966 0.596736
0.302894 0.261386 1.55622
-0.523322 0.241341 1.39287
-0.375254 0.547608 0.932568
-0.634118 0.528978 1.09743
-0.895199 0.326921 1.33236
-0.0824895 0.667956 0.591247
-0.0861688 0.647837 0.752034
0.332352 0.587544 0.898203
-0.10005 0.534797 1.02783
-0.823041 0.354499 1.30716
-0.14855 0.639875 0.713484
0.182744 0.686461 0.613717
-0.358771 -0.509426 5.84179
-0.393166 0.261774 2.1911
0.303955 0.689417 0.626373
-0.72722 0.441192 1.12771
0.32311 0.651661 0.800718
-0.475129 0.65029 1.18113
1.88974 -2.65485 9.02352
0.525156 -1.53213 11.1485
1.86105 -2.66577 9.08202
11.8688 2.0167 14.4844
18.6997 -8.82707 26.9006
22.937 -9.80287 22.699
18.5391 -4.59774 28.83
22.7676 -9.75901 23.8526
7.25874 -2.76275 26.4808
18.3679 -8.94355 27.0903
15.9954 -4.28943 28.7835
0.173947 0.652848 0.725103
0.0444076 0.646745 0.702464
-4.71388 -0.636592 8.35269
1.51067 -1.14644 9.02787
13.4722 -1.38587 8.10075
13.0697 -2.13806 9.76009
14.4888 1.5831 11.0459
0.517762 0.569143 0.923203
14.3074 -1.68958 9.88151
2.41932 -1.78593 9.84025
0.581318 -3.5076 9.09214
0.772715 -1.28393 8.12644
1.66425 1.7846 12.9786
2.4928 -0.60018 10.2279
0.94101 -2.42824 8.99273
0.457622 0.691124 0.601013
-0.41946 0.443416 1.29428
0.309713 -0.419856 6.89967
-0.633492 0.469091 1.22394
-0.285658 -0.13367 6.77691
-0.771164 -0.865769 6.19144
-1.26328 -0.474574 6.9212
0.205813 0.499241 1.11348
-0.803507 0.390745 1.26678
-0.620753 0.216392 6.06733
0.389681 0.538001 1.0265
0.513276 0.359568 1.48692
-0.621058 -0.820458 6.15843
0.583903 0.559904 1.05407
0.0747341 0.464952 1.20019
0.760399 0.416034 1.39941
-0.461818 0.319355 3.89402
-0.120224 0.521065 1.01684
0.581595 0.403936 1.50423
0.221779 0.564005 0.935484
0.302198 0.570816 0.93545
0.122566 0.581011 1.02372
-0.0988074 0.561518 0.910124
-0.500637 0.542842 1.17854
-0.335618 0.565322 0.920279
-0.703521 0.668272 1.00885
0.393122 0.538083 1.03479
-0.156917 0.57678 0.876459
0.328916 0.644905 0.858467
0.655794 0.757457 0.615325
0.496527 0.72094 0.556408
0.621999 0.76674 0.451579
0.671158 0.756815 0.595749
0.459131 0.695933 0.611702
3.48452 -1.50949 20.7051
2.39619 -0.888727 22.9076
5.32793 -1.07877 24.2527
23.244 -6.24402 11.5635
34.4057 -3.79729 3.44562
23.4504 1.45552 19.8957
34.8134 -1.96435 24.4433
-7.23709 -3.00679 7.38973
-0.0745592 0.560886 0.920809
0.929482 -5.18997 13.3868
-8.23376 -2.59116 7.03507
0.389782 0.472485 1.15337
-0.486705 0.610212 1.0918
-0.579903 -1.55066 6.12943
3.1449 -1.54029 9.77836
-3.17915 -3.80678 11.0703
-0.0124665 0.414344 5.30631
-0.5912 -0.0914666 6.34199
1.2491 0.462026 1.39462
23.9191 0.961655 24.3468
24.9761 -3.90219 11.7352
27.1132 -5.56249 8.98897
26.2555 3.01446 6.7234
49.3832 10.2681 -5.79637
10.5682 0.213417 23.251
9.76822 0.277483 23.1144
10.4512 0.402275 23.2677
7.76243 -3.16634 27.0236
17.1082 -2.7125 29.4558
10.5124 -4.1478 31.1135
5.42118 -6.41636 18.8223
-0.700219 0.587405 0.977277
-0.140174 0.560415 0.927068
0.492653 0.67375 0.668406
0.42956 0.836059 0.247013
-0.0365921 0.818573 0.22739
11.0594 -1.28023 29.5705
15.4414 -1.71822 27.217
10.3995 -7.16293 28.0303
13.1569 4.273 7.841
15.0045 3.15238 12.4741
14.4599 3.01671 11.5505
-0.167471 0.586658 0.844903
-0.051298 0.648988 0.817962
-0.455732 0.513218 1.24771
-0.65545 0.556738 1.02209
-0.437092 0.483737 1.14109
-0.75875 0.452162 1.0941
-0.528712 0.550005 1.09836
-0.71649 0.494688 1.02698
0.13689 0.609529 0.815848
0.0666462 0.633473 0.73257
-0.62225 0.37144 1.32107
-0.448047 0.595885 1.16307
-0.478392 0.498744 1.26266
-0.42312 0.467588 1.42673
-0.789744 0.447304 1.11859
-0.84431 0.396112 1.2623
-0.732357 0.646675 0.936049
-0.628092 0.528527 1.11724
0.398889 0.647224 0.726588
0.376793 0.635585 0.739912
-0.0831491 0.640014 0.789038
-0.459923 0.492763 1.21083
-0.866709 0.275768 1.34319
-0.809477 0.211626 1.45737
-0.723091 0.573194 0.954537
0.811092 0.582661 0.940119
-0.229542 0.607163 0.763348
-0.747947 0.717512 0.924805
0.0983465 0.61648 0.792085
-0.69595 0.468861 1.09576
-0.213781 0.599248 0.789926
-0.155138 0.598827 0.813394
-0.195429 0.596891 0.818105
-0.962214 -0.832217 6.04299
-0.45975 0.590264 1.17968
-0.851559 -0.810671 6.11902
-0.267869 0.262643 6.16897
-1.19651 -0.633055 6.72227
-0.917774 -0.289707 6.02751
-0.917756 -0.501999 6.17911
0.404909 0.476488 1.18103
-0.273634 -1.28208 6.33855
-0.441205 0.596926 1.22812
-0.624911 0.597891 1.00177
0.178766 0.507661 1.09392
-1.21808 -0.438643 6.67182
-0.852472 0.345172 1.31091
-0.870842 0.363866 1.27603
-0.826185 -0.318757 5.70162
0.459937 -1.86239 8.32807
-0.757778 -0.0715055 6.47566
-0.59077 -1.75378 6.03648
0.244164 0.559931 0.953929
0.245371 0.596305 0.863823
-0.0173835 0.602916 0.831599
-0.695135 0.660364 0.993935
-0.781415 0.206883 1.3711
-0.443423 0.628058 1.18566
-0.681102 0.613798 1.00796
-0.748219 0.739709 0.969351
-0.623577 0.345438 1.30675
-0.718115 0.613729 0.945365
-0.578776 0.615472 1.06325
-0.529707 0.645187 1.03357
0.478644 0.625111 0.777905
0.253122 0.499414 1.16221
0.240033 0.547223 0.972663
0.614534 0.320093 1.56574
-0.204426 0.5209 1.72275
-0.691267 0.444002 1.24969
-0.697224 0.592288 0.979389
0.0496797 0.438378 1.18471
0.584557 0.569981 0.962294
0.589112 0.572014 0.947983
0.533182 0.588313 0.905869
0.660269 0.598795 0.876745
-0.261669 0.424648 2.06903
-0.170516 0.590216 0.844389
0.0412952 0.54307 0.987527
0.351399 0.588085 0.883907
0.246798 0.595331 0.863018
-0.0619315 0.579746 0.874528
-0.619601 0.598979 1.0014
0.330622 0.404296 1.38976
-0.619759 0.5658 1.01916
-0.541418 -1.65258 8.02941
-0.581698 0.521857 1.17026
-1.16113 -0.385684 6.47252
-0.1824 -2.26452 8.67243
-0.0622267 -1.81535 6.87004
-1.38486 -0.0147291 6.69236
-0.60115 0.374074 1.27845
0.413788 0.572936 0.95166
-0.541554 0.603689 1.17965
-0.555207 0.54616 1.0802
-0.743436 0.587372 0.941734
-0.832966 0.352781 1.29225
-0.869178 0.422704 1.19468
0.0983801 0.421635 1.34465
-0.219359 0.604544 0.807217
0.279068 0.619213 0.788916
-0.717874 0.638356 1.01072
-0.062834 0.589699 0.883582
-0.168501 0.532083 1.00787
0.384965 0.63734 0.751711
-0.56965 0.604686 1.08273
0.361527 0.665065 0.811915
-0.630864 0.553591 1.02865
0.149446 -1.63253 7.9169
-0.740854 -0.31275 6.20661
-0.716613 0.559853 0.973527
-1.05833 -0.144148 6.89987
0.240067 -1.31842 6.99965
0.643347 -2.10427 7.85795
-0.964448 0.0759694 6.39014
0.682704 0.556149 1.00428
0.362518 0.546992 0.986008
-0.863906 -0.611888 6.00946
-0.706493 0.18856 1.53768
0.667761 -1.7627 9.55942
0.312224 -1.57463 8.16122
-1.26048 -0.051934 6.71751
-2.71763 -0.842719 8.14076
-0.370826 -0.643032 5.72054
0.0325115 -2.29256 9.89412
0.116476 -1.41515 7.44963
0.664828 -2.1016 7.45059
0.948242 -2.25188 8.03903
-0.487257 0.0493032 6.60804
0.0458173 0.0616708 6.83035
-0.76326 -0.776542 6.02962
-3.65009 -1.67447 8.2394
-5.86872 -3.08476 8.06972
-2.32821 -1.13161 8.94175
0.140896 -1.39013 7.30752
-0.950542 -0.979816 6.25846
-0.882256 0.326892 1.25756
-0.55758 0.621335 0.896847
0.285196 0.685711 0.6219
-0.178535 0.603737 0.80894
-0.154872 0.630106 0.679419
-0.0411267 0.654337 0.653846
-0.689217 0.631601 0.975621
-0.801643 0.408673 1.16652
-0.965127 0.359117 1.30486
-0.490478 0.461686 1.25464
-0.573285 0.449139 1.26766
0.165839 0.655848 0.71568
0.547115 0.641601 0.777977
0.0457904 0.646046 0.703978
0.312007 0.576369 0.920947
0.316117 0.684148 0.621766
-0.57665 0.50976 1.12553
-0.538326 0.53767 1.18569
0.396109 0.698356 0.632378
0.335681 0.588846 0.90723
0.236972 0.630953 0.757299
-0.0943921 0.643962 0.777176
-0.137449 0.634663 0.714363
-0.0660048 0.669477 0.634347
-0.243259 0.608444 0.774538
0.583234 0.57557 0.91683
-0.571224 0.615702 1.05189
-0.378667 0.515662 1.2268
0.380414 0.673029 0.662958
-0.545422 0.449687 1.21373
-0.624091 0.621296 1.02049
-0.269168 0.623776 0.766267
-0.727941 0.406306 1.27675
0.613102 0.296562 1.70591
-1.86936 -1.01928 7.90047
-0.207215 -0.289735 6.62906
0.284127 -1.2316 7.38273
-0.486884 -1.76308 6.44023
-0.807717 0.0100695 6.26263
0.460107 0.600896 0.835681
-0.722906 0.610202 1.0177
-1.274 -0.614277 6.08382
-0.0430354 0.548722 0.903405
0.132149 0.60928 0.81125
-0.515101 0.272974 1.38715
-0.606451 0.592594 1.02631
-0.632636 0.602932 0.985814
-0.164837 0.583437 0.840549
1.75207 -0.307449 5.19195
0.253349 0.61481 0.767021
-0.53381 0.605178 1.04943
-0.928954 0.28545 1.38177
1.0576 0.400982 1.68198
-0.977036 -0.798572 6.01839
-0.278027 0.545866 0.993676
0.133031 0.609297 0.809643
0.243535 0.597859 0.865402
-0.0788748 0.560617 0.924646
-0.652394 0.560757 1.01859
-0.475937 0.571629 1.11673
-0.565365 -0.424227 5.87274
-0.766427 -0.766719 6.12242
-0.584073 0.30147 1.34021
2.68503 0.0601938 3.55906
-0.821341 0.711169 0.85897
1.63605 0.235412 2.9028
41.4798 6.4614 1.32871
36.5692 8.06219 5.01666
38.1733 -4.94905 1.62866
24.5907 -1.07228 21.7167
24.6771 0.345952 20.0425
25.5614 -2.53106 21.0873
20.6343 -1.36822 16.8553
25.1383 -0.899554 19.3723
0.745397 0.328158 1.7189
-0.828712 0.336988 1.3029
0.26222 0.53598 1.02636
21.0059 -6.72535 13.7963
23.3808 1.69573 15.7395
22.2215 -1.25714 13.9236
11.7739 1.30354 20.4917
4.68181 -2.91386 12.8027
5.26998 -2.67151 12.8018
2.57848 -6.99466 19.2302
-0.618973 0.689232 1.00313
-0.579988 0.384646 5.4118
-0.55479 0.36131 1.29896
0.392473 0.713833 0.576727
0.20648 0.721867 0.611456
-0.712019 0.697211 0.9531
-4.99683 -1.34761 11.9107
-0.484584 0.404495 2.57605
0.788693 0.461604 1.40304
8.38718 -3.28945 27.7244
38.6458 -3.30724 -2.78897
22.0768 -7.38465 18.6933
18.3809 -2.29975 10.5262
0.158606 0.581773 0.970686
27.6764 -5.36134 8.81128
26.7496 -6.16199 9.0646
14.8988 -1.92558 9.63555
14.9169 -2.67323 9.37977
15.0079 -0.883854 10.9797
15.3451 -1.86586 9.82296
23.5073 1.2783 15.7355
14.4356 0.936657 11.2872
19.5614 6.13253 -6.89824
6.39916 -5.37524 17.8227
11.8361 -6.21831 25.089
8.68344 -1.44935 28.0721
7.83076 -6.00097 29.6385
7.7614 3.20292 13.1167
12.7836 0.980646 8.02878
0.839503 -1.44914 7.78945
2.146 0.206491 4.09553
0.439891 0.634943 0.768513
0.169736 0.649039 0.700936
0.981111 0.744669 0.510947
1.20719 0.752244 0.515914
0.377789 0.582449 0.903129
0.377848 0.582422 0.903058
23.8871 -5.97216 12.0865
21.6747 -5.81339 13.7365
21.3964 -0.410309 25.0545
21.3629 -6.79604 13.7385
20.8145 -3.47079 14.6228
6.55394 0.611537 13.7743
1.11328 0.221173 2.82507
0.865155 -2.44314 9.1543
-0.939655 -3.79423 12.0804
-0.351738 0.457611 1.63645
0.434897 0.472962 1.2385
1.08754 0.72403 0.562472
1.07096 0.711843 0.604577
1.06653 0.712015 0.599364
0.340138 0.677113 0.657331
10.6139 -1.74196 18.741
-0.915562 -0.370511 6.31745
-0.427869 0.0314347 6.74371
1.47233 -1.95197 8.9509
0.573682 -1.80616 8.54204
1.06273 -2.73573 8.77017
-0.767862 -0.619174 6.25944
-0.373973 0.503208 1.27001
-0.379674 -1.3702 5.95781
-6.08747 -2.38441 7.97016
-3.32478 -1.29921 7.92462
-5.46578 -2.80054 8.78116
-5.72393 -3.30972 8.77575
-6.16321 -2.95172 7.83705
-0.148996 0.547711 0.962585
-0.0341306 0.670689 0.63376
0.0792 0.605601 0.787734
-0.248843 0.616852 0.749693
-0.233947 0.675539 0.614646
0.376067 0.584326 0.903801
0.377607 0.650911 0.805371
0.301733 0.685979 0.621078
-0.493692 0.329578 1.64272
0.325203 0.657676 0.805623
0.261981 0.6866 0.622479
0.362696 -0.115812 3.882
-0.0115103 0.659482 0.644733
0.116133 0.679233 0.654982
0.0324867 0.651318 0.682671
-0.198874 0.606736 0.783137
0.199901 0.717116 0.667518
-0.924266 0.244517 1.39832
0.361822 0.691872 0.631646
0.0946967 0.656562 0.684488
-0.606253 0.258907 1.49531
-0.671781 0.297708 1.30211
-0.558053 0.576864 0.95038
-0.761492 0.364299 2.16405
-0.642954 0.299118 1.23125
0.410929 0.57263 0.954477
0.239445 0.561484 0.946854
0.314384 0.684355 0.618894
11.1597 -0.61175 25.2316
17.0941 -1.01334 24.3497
9.82591 -7.38354 22.1417
12.1085 -8.48143 23.3036
5.69285 -5.64153 28.0567
7.49371 -2.56667 27.0453
15.2164 -3.76876 9.95751
6.57721 -9.90691 22.6675
18.7069 5.73038 -4.38714
26.6487 9.77968 -2.89526
15.173 1.08197 11.7283
14.9222 -2.69433 9.3868
13.6004 -1.45088 8.17198
15.3394 -2.52863 10.9742
14.2261 -1.51382 8.86121
13.9007 -1.87912 8.3557
-0.060631 0.502106 1.08907
0.499106 0.721623 0.561776
0.617139 0.727957 0.648816
17.3552 -2.72667 30.1819
10.4702 -7.37597 23.2427
11.9747 -2.84999 29.5857
2.94744 -2.52354 11.3825
-1.80424 0.658257 5.44388
-0.219213 -0.237524 6.93613
1.73239 0.373833 2.74036
1.03131 0.0700382 3.30575
-7.31361 -4.26683 9.46172
21.2214 -6.3103 14.2169
23.2178 -5.1729 13.4568
24.7432 0.602004 22.0003
33.4668 3.29096 6.67166
-0.0954676 0.552248 0.881365
-1.14728 0.662263 0.788442
0.418201 0.650793 0.737735
-0.535472 0.479412 1.27396
-0.392594 0.359633 1.45885
-0.10592 0.561649 0.92679
0.613432 0.0743796 2.44826
11.0225 -2.43191 19.2873
10.9692 -2.60306 21.2
11.0467 -2.4078 19.3066
6.29703 -5.64781 17.6951
10.2698 -6.2743 29.3846
10.6105 -1.12063 29.5693
4.77732 -0.872524 23.7613
1.08483 -0.268388 3.59552
0.162019 0.715142 0.660385
-0.72299 0.541606 1.27034
-0.572848 0.698349 0.963791
0.782342 0.45493 1.31811
0.202829 0.695081 0.696417
-0.392672 0.466015 1.44768
-0.667917 0.538621 1.01719
-0.675166 0.485837 1.06788
-1.01403 0.216703 1.52735
0.212976 0.70677 0.565319
-0.499196 0.337409 1.74449
0.170116 0.650233 0.703259
-0.471855 0.290713 1.64114
-0.748658 0.420443 1.1034
-0.551536 0.546888 1.01555
-0.601972 0.624403 0.906503
0.257858 0.686886 0.619157
0.340461 0.661325 0.705967
0.390651 0.638353 0.762232
0.163146 0.714681 0.664074
-0.474937 0.344605 1.70105
-0.662662 0.560259 1.02168
-0.648854 0.438172 1.19053
-0.0930384 0.685655 0.598768
-0.724946 0.402361 1.26524
0.505279 0.238431 1.84593
-0.145288 0.542474 0.954067
-0.428796 0.357124 1.41502
-0.0592357 0.501203 1.09396
-0.496897 0.388661 1.38113
0.403384 0.710332 0.579781
-0.590262 0.569811 1.12008
-0.557293 0.513198 1.23761
-0.33002 0.451628 2.26866
-4.80629 -4.76527 13.7808
-6.30903 -2.93267 8.16416
-6.49687 -3.53789 9.64229
-3.41548 -1.34007 8.2249
-3.42056 -0.325655 7.6991
0.649414 -1.48629 7.71727
1.31396 -2.53875 8.15392
-2.8174 -3.96345 11.9312
-2.75681 -3.93331 11.8672
-0.0172982 0.719301 0.512149
-0.0887073 0.616499 0.768379
-0.452622 0.423997 1.29789
-0.352439 0.468908 1.43574
21.2468 -1.906 5.7537
23.2637 0.986646 14.3123
17.6947 -2.29426 10.7078
17.9646 -2.23665 10.4616
22.3964 -6.19939 24.8835
22.5863 -9.66872 24.0365
24.9466 -7.97381 22.0354
21.0917 -3.5956 14.9041
30.2992 4.7306 3.69503
23.5574 2.74033 14.8664
42.3234 7.10154 0.716854
15.0011 -8.61062 22.8799
0.341429 0.647189 0.711581
-0.599885 -0.0860927 6.53853
-3.99907 -4.53918 10.5423
-3.16538 -3.96283 10.9707
-6.62729 -4.81447 10.3129
-4.94439 -3.43912 9.81436
-3.73051 -0.263468 7.83832
0.0198645 0.656259 0.669615
-3.57824 -0.512385 8.30012
4.52676 -4.91351 19.4874
4.37977 -1.81885 23.34
10.9753 -1.2528 29.9514
13.961 -3.75441 22.1503
7.91986 -6.72376 19.9536
6.61328 -6.35015 18.2745
1.34698 -5.07457 17.1203
2.13223 -4.61103 21.4255
1.37269 0.885393 22.2349
2.94886 0.538468 2.68006
-0.987998 -0.115606 6.55805
0.776266 0.587456 0.940273
-3.58393 -0.672593 8.11682
12.4443 2.41407 6.896
13.6926 4.1011 -0.329853
12.499 -1.06633 7.68017
18.0547 6.03978 -4.63043
23.1236 2.56882 13.5459
20.968 -1.05017 16.5329
21.6292 2.89916 12.3477
23.2244 -5.57988 24.9799
0.119375 0.57995 1.01274
-2.64506 -5.63557 11.9227
-3.08516 -4.70886 11.4949
-1.96453 -1.12363 7.88531
-2.94742 -3.31608 10.6301
2.89586 -3.53507 11.3672
-0.247182 0.608622 0.765387
-0.58267 0.585566 0.94862
-0.630075 0.596189 0.976602
-0.245481 0.609564 0.767905
0.515189 0.580814 0.881312
0.286806 0.682951 0.622973
-0.61576 0.551192 1.00597
-0.843453 0.318997 1.31046
-0.136894 0.653774 0.7191
0.326015 0.654715 0.855152
0.391565 0.275098 1.75686
-0.102475 0.562334 0.921567
0.0137258 0.495091 1.11727
-0.592876 -1.75605 6.06471
-0.518614 0.480154 1.24254
0.3054 0.477399 1.21977
0.402893 0.678956 0.750917
-0.131282 0.558947 0.927747
-0.377078 0.455608 1.28138
-0.807334 0.313989 1.32441
-0.507828 0.287287 1.46543
-0.571338 0.590279 1.08505
0.350327 0.587085 0.885029
0.340012 0.676607 0.657005
-4.05224 -3.03233 10.1562
2.45974 -2.2061 9.81376
-3.01033 -3.68218 10.9062
-0.830723 0.278647 1.87268
3.01503 -1.56486 10.2138
-4.69831 -3.00743 9.25056
-2.46524 -4.3069 11.5924
-4.23163 -3.37483 9.78964
3.2877 -1.57994 10.1003
-4.83837 -2.56499 9.47102
22.1127 -1.34394 13.9086
30.9168 4.01851 8.9021
25.979 3.08994 11.361
-0.0877915 0.564285 0.89335
-0.102504 0.624455 0.746258
-0.438328 0.452058 1.09018
0.173708 0.653015 0.723999
13.9255 2.23332 7.29373
14.0239 -1.60761 9.19727
21.3618 -6.17465 13.9935
14.8351 -2.25857 10.3534
-1.79108 0.121137 6.43113
1.97152 -2.15369 9.38385
-0.698631 0.659831 0.999401
0.367804 0.66564 0.702269
0.799316 -0.0688478 2.96803
-0.838337 0.236713 1.52019
-0.610256 0.274293 1.59805
-0.61657 0.593649 0.997698
-1.08127 0.133825 1.74875
0.406791 0.259689 1.80785
-0.73291 0.226861 1.44478
0.437291 0.54803 0.988922
-0.481908 0.517263 1.12433
-0.734763 0.495782 1.05099
0.703618 0.586606 0.95664
-0.659239 0.539741 1.01953
-0.384808 0.506692 1.30577
-1.17373 -0.544439 6.4087
0.687436 0.582998 0.935901
-0.893751 0.38243 1.22871
-0.245775 0.608656 0.762946
-0.649042 0.335142 1.33081
0.325293 0.653348 0.854385
-0.644995 0.241553 1.45273
13.817 -2.4843 8.16449
14.2413 -2.46304 8.59203
12.4646 -1.94585 7.21049
21.6287 -0.809099 29.5031
6.44599 -6.09396 28.2181
19.5556 -8.09964 27.2923
14.2685 -4.50221 28.7898
10.3881 -7.2341 28.3862
17.7356 -1.59229 25.0638
13.927 -3.32397 22.1425
9.73409 -1.54482 32.8497
22.8736 1.17736 23.5076
22.7213 -4.0301 25.3583
25.4026 -9.16045 21.6274
31.9039 -3.63002 19.1208
26.9534 -2.15672 10.0848
32.8372 -2.52587 29.3333
23.9101 4.2059 9.34814
0.276666 0.713964 0.544153
-0.0647562 0.691232 0.572072
-0.525273 0.397059 1.2828
-0.0491745 0.700497 0.541247
-0.593405 0.379789 1.42848
-0.514097 0.303576 1.39311
4.62051 -4.0721 19.323
5.13891 -7.5336 21.0116
31.7155 1.78872 8.0145
-0.421208 0.543808 1.24414
-0.439987 0.38527 1.2759
0.583785 0.543411 1.03623
0.0431601 0.713798 0.513302
-0.758834 0.249849 1.6701
1.23871 0.427975 1.41661
14.6126 -2.17639 9.25359
14.4591 1.77959 8.26679
13.3764 0.259902 9.15125
19.2115 5.97743 -5.12234
15.8594 0.914438 12.5004
14.4793 -11.3182 24.0785
24.1298 -6.30736 13.6497
14.9068 -2.67062 9.3812
14.2321 -2.50884 8.5243
22.7691 -6.2774 13.5976
18.82 -1.53024 7.54703
13.8996 -1.90425 8.36299
11.3227 -2.1372 19.5958
5.78938 -3.98766 28.8363
5.82508 -3.22618 28.7315
10.4466 -4.3482 29.0456
10.3476 0.249133 26.0942
23.4061 1.70388 15.744
38.9159 12.5272 3.50983
19.0085 7.07075 -4.3609
17.5487 5.82001 -4.96009
19.0911 3.57125 -7.79549
17.3591 5.7132 -4.70113
20.0137 6.00497 -2.45204
0.014207 -1.37657 7.33438
0.798029 0.316775 1.65469
0.958399 0.344414 1.63697
-0.662446 0.60062 1.01276
-0.271133 0.537989 1.14646
-0.990707 0.417903 1.25758
1.85548 0.276651 2.81597
11.73 -2.87136 19.9754
20.8822 1.33839 16.1592
24.3297 -6.19947 11.1841
26.0991 -1.27849 22.208
29.0687 -8.06666 17.2791
23.7094 -5.7343 12.0123
21.5107 -2.02851 24.6545
22.7877 -5.78578 13.6524
23.2059 3.36963 13.414
17.6664 -1.54731 7.63977
-0.0621724 0.523874 1.02061
0.0391014 0.624406 0.786153
-0.490738 0.622565 0.77181
-0.555689 0.282998 1.43722
-0.424656 0.323388 1.50661
0.317889 0.683911 0.620472
-0.0496744 0.524193 1.04768
0.303952 -1.75619 8.66537
0.752822 -2.00193 8.24245
-3.79609 -2.09735 8.01893
-0.43032 0.333947 1.25768
-0.43902 0.352096 1.45982
-0.49739 0.352864 1.33448
-0.151507 0.51018 1.23274
0.482569 0.660254 0.709633
-0.487727 0.282876 1.42098
-0.4821 0.315304 1.50594
-0.72277 0.202333 1.31512
-0.803901 0.313377 1.32004
-0.717601 0.583043 0.959492
-3.48535 -1.38082 8.47012
-3.85035 -4.29354 10.385
4.75716 -3.03963 13.2501
-1.15689 -4.93007 13.0763
-0.579003 0.605231 1.04356
1.65846 0.245053 2.91595
-2.60694 0.765143 5.85995
0.305252 0.334584 1.59245
-0.0494991 0.471008 3.55937
0.63875 -0.107257 2.78584
0.569412 -1.01188 8.077
-0.0641345 -1.74695 6.53773
-5.93816 0.685369 10.0523
23.0738 -4.61178 13.5753
23.0702 1.464 15.733
27.4873 -5.08507 21.2232
21.0339 -6.5963 14.7723
22.0828 -7.71754 17.7786
24.2427 4.41538 9.29698
0.597688 -0.45652 6.90973
-3.56207 -1.63406 8.11243
-5.84086 -3.80363 10.1055
-3.59928 -3.72289 10.5615
-0.692819 0.673929 0.999485
0.571081 -0.568936 5.75321
0.0456402 0.64528 0.701135
0.0253472 0.722462 0.49072
0.191843 0.192489 2.46754
-0.483192 0.331797 1.39452
-0.0230562 0.673342 0.630591
0.0810643 0.702437 0.570337
5.75597 2.82142 12.9759
8.2762 -1.08496 15.4514
0.951694 -0.191273 8.29412
20.7316 -8.09151 15.27
23.8826 -9.13051 17.4933
0.795221 -1.45053 7.92573
20.9657 -6.49096 14.8019
0.196428 0.640799 0.731003
0.132325 0.676182 0.631108
0.168265 0.714729 0.668028
-0.380899 0.576726 1.02866
-0.335087 0.569357 0.935486
-0.0484808 0.703111 0.547254
-0.71724 0.196154 1.37229
-0.709612 0.19842 1.35484
-0.830221 0.509545 1.0243
-6.63924 -3.80794 8.69894
-3.47112 -3.6108 10.7603
-2.30488 -0.000979147 6.85705
1.82178 0.292502 3.06462
-0.750389 -0.475724 6.15478
-0.626764 0.602305 0.998283
0.100672 0.68795 0.5975
0.0137887 0.688341 0.608018
-0.041357 0.610665 0.785744
-2.00455 -1.07454 8.34532
-0.485109 0.482066 1.24501
-0.495726 -1.65573 6.67649
-0.276169 0.618242 0.754254
-0.102868 0.623604 0.748105
0.797315 0.357605 1.56007
0.517183 -1.5283 7.85266
-0.765225 -0.610097 6.22789
-0.671775 -1.56607 5.84006
-0.179302 0.605321 0.815931
0.235089 0.600947 0.855073
0.95328 -1.7634 7.88309
-5.87492 -2.52193 8.03912
-6.2285 -2.45994 8.12472
-0.734739 0.274323 1.49344
-5.65032 -3.02024 8.94562
-5.81559 -3.02897 8.51902
-6.14813 -2.41655 8.02708
-5.23567 -3.47333 9.31607
-5.85803 -2.93793 8.1328
-7.51969 -2.08177 8.81281
-5.74941 -2.59857 8.63027
-6.51523 -2.1201 8.15107
-3.77289 -1.7645 8.78208
-5.58646 -3.03315 8.75039
-4.49857 -3.07728 9.64189
-5.41081 -2.92295 9.03323
-5.72105 -3.14526 8.32796
-4.55813 -3.10166 9.40348
0.859863 -1.69158 8.41103
-5.4517 -3.14327 9.51553
-5.18382 -3.46048 9.25611
2.17695 -2.07692 9.65809
-5.7355 -2.97561 8.41084
-0.851181 0.463974 1.11305
-0.778243 0.483245 1.0392
-0.580512 0.508795 1.1309
1.0636 0.40208 1.6769
-0.591337 0.553686 1.08402
-0.709915 0.60102 0.971849
0.230631 0.707068 0.536613
0.440197 0.291133 2.59447
0.231821 0.715923 0.569634
0.260268 0.708938 0.684852
-0.0264601 0.659034 0.805209
0.289009 0.71174 0.55356
0.241655 0.698582 0.547738
-0.086267 0.645908 0.752124
-0.740946 0.44204 1.14853
0.334158 0.658068 0.695735
0.258176 0.685585 0.617076
0.212544 0.723714 0.633341
-0.125479 0.689442 0.54935
-0.739712 0.457856 1.0438
-0.423688 0.362154 1.55581
-0.985133 0.314391 1.32129
-0.810427 0.319866 1.33177
-0.657164 0.515996 1.05447
-0.0996381 0.689076 0.599853
-0.939524 0.233807 1.42168
-0.655664 0.597978 1.00129
-0.900299 0.419961 1.20019
0.273784 0.710343 0.535773
-0.447644 0.374343 1.74947
-0.784502 0.186378 1.37328
0.403703 0.700948 0.612899
0.318074 0.700474 0.600026
-0.0267856 0.650644 0.745623
-0.0803141 0.689342 0.580631
-0.09242 0.672093 0.57932
0.239542 0.720864 0.580528
0.196274 0.723215 0.672753
-0.154161 0.658053 0.682785
-0.27887 0.692608 0.565941
-0.596912 0.600003 1.02416
-0.0348249 0.679568 0.594806
-0.0309663 0.700418 0.544635
-0.119012 0.692482 0.582084
-0.757029 0.188489 1.38331
-0.717359 0.602957 1.02859
0.250316 0.633005 0.79182
5.31222 -1.43863 24.2662
6.85235 0.360593 26.2671
-2.70831 -4.94632 11.9758
20.4959 -6.15894 15.0541
20.9295 -2.46413 15.7733
23.1866 2.17964 13.551
22.0208 -7.75444 18.5575
0.282461 0.323751 1.72234
24.0583 3.97907 9.15388
20.5724 -5.84911 14.3821
23.9295 -5.97046 12.0631
-0.385189 0.408465 2.14824
7.71101 -5.25785 30.2621
18.9994 -5.81012 33.8073
16.3391 -2.63238 12.2101
21.7634 -6.82402 13.3854
22.7326 -5.23152 13.7015
14.4836 -8.95611 23.1966
0.209453 0.646385 0.711713
-2.78204 -4.19862 11.3525
12.4341 -11.2755 23.5289
0.22086 0.564212 0.938078
-0.479039 0.621419 1.0959
-0.428788 -0.271461 6.04107
-0.712838 0.557706 0.968959
-0.579507 0.650591 1.05927
-3.17824 -0.227131 7.46662
-2.6055 -1.39823 9.88263
0.815298 0.665251 0.729198
0.296733 0.670526 0.667323
0.814205 0.469848 1.34964
0.149733 0.733776 0.490204
1.40527 0.420442 1.97091
-0.618333 0.513722 1.02603
-0.205131 0.539412 1.66754
-4.04737 -3.02644 10.1438
-5.05411 -3.72022 9.32968
-6.82447 -4.95992 10.3903
-2.36846 -3.66484 13.0332
16.3265 -12.8563 26.1209
10.5987 -9.02506 24.4582
1.50707 0.593841 0.9385
2.25344 -2.94528 9.24836
11.4095 1.89342 14.9872
6.36174 -8.18785 22.3607
1.09591 -1.20654 10.1524
-3.61545 -6.62394 14.7923
0.385603 0.890768 13.2222
6.1392 1.26648 12.3271
6.52245 0.938858 13.4082
12.5972 3.35691 16.2115
2.08107 -2.65879 13.5542
5.97877 -0.901653 12.7748
2.34304 -1.12831 9.91789
1.38533 0.321233 4.21843
-6.55723 -5.08344 10.427
-1.65691 -5.1649 13.7825
-2.99171 -4.8904 12.0791
-4.70238 -3.76736 9.40609
-4.51014 -3.10335 8.96409
2.46387 -0.94342 10.0552
-0.625825 0.697167 1.02161
0.445758 0.79721 0.446537
4.26775 -2.54011 12.1761
5.6631 -0.286324 12.0277
6.39392 -0.688264 12.9197
2.25533 -2.17563 12.1466
-0.0490162 3.27022 15.0099
9.98759 -1.2521 17.7533
1.39646 -0.888078 8.99817
11.3966 -1.81527 19.4391
1.54779 -2.48742 10.5935
1.25136 -1.34451 9.15137
0.844654 -2.40331 11.0749
2.18256 -3.09531 9.09585
1.73562 1.73508 12.889
-1.12414 0.540213 0.979698
-0.367579 0.672097 1.12983
0.878273 -0.269906 5.63098
-0.370004 0.402162 1.99182
1.26366 0.717897 0.575705
22.4604 -2.44177 13.8817
6.79848 0.637534 26.6774
13.5591 -8.27885 22.5528
-0.237261 0.747628 0.471519
-0.424469 0.739763 0.40477
-0.365073 0.646695 0.661256
-0.825077 0.758891 0.971381
-1.05597 0.622264 0.842523
-1.068 0.625175 0.867129
-0.561574 0.659721 0.988545
-0.556533 -2.77423 12.1286
13.0627 2.49149 15.5115
6.40637 0.635714 13.4712
6.45358 0.617848 13.5259
2.46975 0.459106 11.7925
14.6368 -1.94694 10.1528
17.9248 -3.91394 11.1119
14.8453 -3.29386 9.73734
14.6404 -2.11008 10.1109
14.915 -3.24362 9.63684
21.0506 0.67743 16.2947
22.543 -3.931 13.6462
20.4962 -4.96421 15.885
24.6861 -3.25564 6.28436
23.3201 2.14658 13.9576
19.6879 -1.93576 9.2122
0.0994514 0.684309 0.61424
1.55479 0.094551 3.85632
1.58374 0.99146 2.0708
-0.141754 0.703021 0.523476
1.42891 0.10764 3.44715
1.05199 0.575037 0.994267
-0.261785 -0.441385 7.53946
-0.0417081 0.644374 0.808424
0.169433 0.649136 0.709181
2.67212 -2.26549 21.2882
4.33999 -4.85253 19.1466
4.61851 -4.95331 19.4653
11.5148 -2.2091 19.4102
0.488434 0.606158 0.879741
-0.674132 0.718167 0.926102
-0.377612 0.631225 1.22915
-2.07785 -0.53342 6.92913
24.7523 -6.12818 10.3265
17.4811 5.60352 -4.58398
19.6004 6.30477 -3.35222
20.1495 -3.78045 9.51881
13.9641 1.77565 8.26343
21.3414 -1.48452 25.1821
18.9687 -5.47168 25.0806
1.32671 0.456174 1.32828
-0.548135 0.555319 1.13132
-0.991731 0.266162 1.45455
-0.890875 0.174934 1.65705
-0.531673 0.552312 1.10423
-0.905782 0.192925 1.40931
-0.0174627 0.604417 0.838616
0.443288 0.700656 0.588026
0.290574 0.681582 0.626424
-0.714749 0.561274 0.979991
-0.2612 0.685419 0.598698
-0.247655 0.679608 0.641726
0.0409289 0.664633 0.657052
-0.170112 0.64952 0.670629
-0.252782 0.679891 0.582701
0.322777 0.713339 0.575863
0.236125 0.65281 0.78463
0.192872 0.565514 0.92738
-0.517037 0.631186 1.07404
-3.14242 -3.76192 11.343
-1.61789 -5.19619 13.8616
0.77295 0.312551 1.76153
0.61807 0.527559 1.07943
-1.04927 0.617628 0.837465
1.23556 0.771685 0.443685
0.0885388 -0.135659 5.36489
20.4415 5.69363 -1.28687
21.2801 2.84505 -11.3312
45.1384 18.082 -14.6014
14.5108 3.21669 1.24422
31.07 2.1491 -29.2591
5.49488 -11.2213 22.6193
10.4748 -7.35464 28.7045
6.86348 -5.73649 18.1279
4.91452 -2.84862 28.8816
20.42 -1.10459 28.9875
5.98251 -3.9484 17.9833
0.35533 0.596342 0.951286
0.511813 0.83141 0.416511
8.40715 -7.37142 20.95
18.3378 -2.48064 30.4214
22.4176 -5.25248 25.3211
12.825 -9.19357 22.7972
6.54674 -11.5402 23.8796
0.0210667 0.656305 0.672308
-0.877257 0.243066 1.39464
-0.411587 0.340151 1.34567
0.0143713 0.594592 0.883803
5.19461 -2.58525 23.9014
2.21429 -3.63033 25.6116
13.1023 -8.14836 23.4058
-0.784716 0.313207 1.30942
0.148951 0.436755 5.05056
1.46537 -6.43196 16.6318
2.91095 -6.3757 17.97
4.47327 -1.47072 23.4125
12.246 -10.1904 23.4841
9.03694 -0.25898 28.9989
10.0453 -11.975 28.8237
0.399572 -2.06924 22.8799
-0.491627 0.460601 1.25512
0.901992 0.45021 1.46795
-0.643207 0.244452 1.47545
-0.568049 0.507761 1.11197
-0.622571 0.576884 1.06284
0.483065 0.658959 0.711167
-0.385418 0.389957 1.59899
-0.563315 0.284195 1.18052
-0.588301 0.485333 1.19982
-0.0143725 0.679913 0.627077
-0.632 0.319931 1.30983
-0.128431 0.603631 0.830204
-0.0410211 0.648356 0.825618
0.298707 0.717336 0.564857
0.316667 0.697198 0.545333
0.0282611 0.682842 0.599101
0.362049 0.654049 0.699508
0.352672 0.570416 0.931098
0.181026 0.506852 1.10463
-0.0313802 0.571604 0.913451
0.0795329 -1.3826 7.34073
-0.758838 0.222728 1.41109
-0.221142 0.421849 2.036
-0.571712 -1.603 6.19412
-0.918081 -0.493432 6.35067
-1.69256 -1.1558 7.2441
-2.36247 -0.633801 7.449
1.02494 0.074539 3.25889
1.25136 0.765121 2.99182
-0.993749 -0.847439 6.00246
-0.832117 -5.3852 12.8521
21.3148 -2.67928 15.7814
28.3731 -8.96462 21.4013
20.833 -6.80887 15.3051
15.1314 0.365653 11.4817
20.4301 1.01962 17.976
21.6876 -4.09831 14.48
20.9017 2.86354 15.353
35.4843 -3.05864 2.49139
23.949 -6.34725 11.8003
22.4708 -6.28643 13.5748
24.1035 -6.32451 11.8116
0.846765 0.522275 1.11968
23.3612 -4.97445 24.8067
23.5714 1.1417 22.4557
22.0414 -5.94866 25.4253
23.3174 1.64508 21.8176
22.9787 -5.89424 24.9297
13.7236 -6.97687 27.3848
0.818264 0.5169 1.07246
4.38364 -0.0425367 4.97841
-0.00765785 0.373037 3.07586
-0.607784 0.349324 1.31169
27.517 -3.93894 9.33811
14.7735 -2.81024 9.53686
14.6125 -3.6335 9.76126
-0.11856 0.634783 0.717431
0.553492 0.657943 0.714325
0.556921 0.658823 0.719903
0.0396168 0.712734 0.53052
20.1811 -4.79614 30.0461
20.7038 -3.50288 33.877
8.38429 -3.2776 27.6258
19.7172 -1.14717 24.7507
19.1779 -1.5643 24.0204
22.2194 -8.66186 25.0867
20.3309 -8.12471 26.8013
15.3744 -4.32658 29.816
20.9095 -1.20654 28.7099
21.4026 -10.4678 27.7299
-0.610928 0.288017 1.71733
34.0406 -3.74367 3.74158
34.7178 -1.98098 24.4444
24.5502 -1.68957 20.2217
21.0158 -6.48905 14.8009
28.3335 4.63835 6.44902
20.5727 1.53746 15.9518
26.5749 3.57368 12.3305
21.7177 -5.60687 16.7074
18.9473 -8.43324 28.2144
0.769461 0.290139 7.86753
21.2392 -5.27166 13.2296
6.19245 -1.29719 8.71468
0.494976 0.674418 0.669909
0.970972 0.784564 0.417844
23.5212 1.29718 19.9658
38.9709 5.7132 3.29912
24.54 -8.09463 21.9419
20.1048 1.08308 15.8152
4.84992 -2.41389 23.3673
4.95566 -1.08482 23.5992
0.948192 -0.185477 8.31781
21.1928 -7.0734 13.8331
-0.669356 0.204305 6.35687
13.1415 -2.80922 26.2731
23.4817 -5.77129 13.4536
-0.0663728 -2.00672 6.74757
-5.49556 -2.66191 8.64613
-5.64687 -3.34911 8.81457
1.69257 -1.7218 21.1189
3.67639 0.23617 22.9841
4.81638 0.903819 24.2077
12.6292 -1.75392 7.52137
1.88599 0.166915 3.98329
0.084295 0.695888 0.561122
-0.508285 0.549889 1.20864
0.509231 0.593191 0.915408
0.991408 0.741569 0.522538
-0.45012 0.509441 1.23312
24.3949 -1.20972 15.2449
20.3081 2.52178 15.7373
11.6052 -9.89069 22.9443
3.1801 -2.31941 23.5323
2.68633 0.66037 20.6089
0.948376 0.608707 0.87851
1.36856 0.647911 0.782699
21.0521 -6.09632 13.5849
22.9176 -2.96153 13.9145
20.8569 -1.07991 15.9418
13.7218 -1.43004 8.26798
0.584484 0.395319 1.56382
0.172254 -3.96028 9.10633
10.8354 -0.538524 25.4807
10.3874 -4.36876 28.8491
3.70427 -6.95544 19.247
-1.48489 -2.22604 9.74869
1.53727 -2.44836 10.4649
-3.82329 -3.62958 10.2256
0.110985 0.628296 0.752916
0.152717 0.6544 0.696118
13.6578 3.29007 9.08721
6.34139 -0.69085 12.7979
6.1566 1.28538 12.3627
13.2714 5.71998 10.384
1.39497 -1.09318 8.95737
4.55246 0.978002 11.195
11.8727 1.20815 20.3829
9.52613 -1.41917 16.9411
1.51247 -1.7422 10.6771
11.8626 1.24733 20.5194
-2.10522 -0.12649 7.0096
0.350101 0.587461 0.882525
-0.0970608 0.563692 0.910937
-0.642537 0.469284 1.23935
0.71973 -1.53327 7.8462
0.89196 0.339342 1.63021
12.8885 1.77817 6.98591
23.2143 -2.66177 14.9211
23.5773 6.88194 -7.25915
13.2465 1.84769 9.64588
22.74 1.48844 15.5989
6.26953 -4.65791 17.7677
11.3655 -9.30729 24.0601
13.0124 -2.5955 26.1699
-0.389653 0.480199 1.4543
-6.2618 -2.99229 8.02443
1.4917 -0.181409 4.31593
-0.58799 -1.79905 6.20413
0.0961254 0.432925 1.48751
2.00509 -1.37783 9.70078
-4.91488 -3.66846 9.10686
-4.04896 -3.39263 9.75346
-4.91253 -2.49244 9.52892
-4.76071 -3.25351 9.40253
2.395 -0.987216 9.57834
0.105525 0.502046 1.7151
0.580349 0.248299 1.8679
1.87141 0.466337 2.70986
-1.73979 0.643578 5.31128
-0.265973 0.468992 2.21947
-4.37591 -3.243 9.83657
-4.35762 -3.37264 9.80068
-3.15145 -4.98856 11.7191
-5.23676 -0.908266 9.7708
-2.81877 -4.10332 11.6806
-3.09732 -3.7436 10.8551
-3.42691 -3.18966 12.0496
-4.2581 -3.29215 11.22
-4.03233 -3.21969 10.2894
4.10201 -2.54145 11.3886
1.47124 -2.93738 9.35339
-1.76028 -1.17665 7.49078
-0.758413 0.363344 1.33146
31.3966 -4.5625 6.1906
21.7826 -7.41964 18.4367
27.9767 -4.59788 21.1512
33.1183 4.23085 6.59752
17.3934 -6.74063 10.8798
-3.02861 -6.67321 14.2812
20.849 2.36739 19.241
1.37778 0.483561 1.25594
5.38004 -7.07418 21.1964
10.7239 -2.63843 21.9248
11.3369 -2.61215 21.7605
9.29747 -7.36286 21.5878
-0.222027 0.726233 0.444774
0.403367 0.644026 0.745884
-5.69611 -2.74579 8.41898
-1.14111 -5.1144 12.1165
-0.664039 0.303588 1.28945
-0.665456 0.507221 1.04046
3.0138 1.19493 4.81098
0.551323 0.457219 1.22263
0.743887 -1.51561 7.85603
-0.720657 0.583017 0.963208
-0.707397 0.63066 0.993108
-0.239209 0.666986 0.598061
-0.509593 0.554119 1.09006
-0.936923 0.381616 1.34978
-4.49934 -4.12127 9.68764
-2.4882 -4.27864 11.6644
1.42831 -1.66861 8.60494
-0.314795 0.626246 1.30605
-0.603632 0.500876 1.11205
11.9408 -13.0923 26.0306
5.7174 -5.17794 16.8501
0.401709 -0.431365 21.3682
11.842 -1.221 19.8018
-0.792217 0.375185 1.38906
-5.64554 -3.56948 9.96641
14.2563 -2.84088 8.32285
23.0682 -4.6854 13.8078
15.9172 0.768157 12.5932
23.9746 -0.137474 -8.73449
15.0287 -3.45515 8.94413
20.457 -2.31808 9.68338
0.752456 -4.02465 10.4123
0.147683 0.523121 1.05129
-5.94133 -2.8664 7.70472
-0.697472 0.445868 1.17914
-0.260618 0.577573 1.62681
15.8039 -2.30727 11.649
17.0374 -2.56716 10.8986
37.5943 9.79964 5.58238
21.232 -2.91883 16.3188
26.2294 -7.40702 17.7714
27.4029 1.60193 25.8883
26.6437 -6.96381 18.1772
23.6021 1.31659 15.7724
19.8729 -4.78618 15.1826
23.4359 4.91497 14.1903
19.7088 -2.40182 10.1458
20.8622 2.85828 15.316
32.4732 -0.496652 0.765482
25.4429 -0.892516 13.8733
-0.191463 0.716042 0.478181
0.0855504 0.688447 0.587271
-0.794564 0.731795 0.977329
-0.836737 0.197011 1.39786
-1.04079 0.125504 1.67078
0.170045 0.556901 0.907373
0.378416 0.666035 0.830045
3.3328 0.652654 25.0706
6.30635 -3.94834 18.0967
4.14332 -1.99619 22.7184
1.32444 0.452562 1.33214
-1.68075 -0.966561 7.32532
-0.0580009 0.500521 1.08184
-0.658358 0.469864 1.16829
-0.53607 0.606479 1.1235
-0.283857 -1.02975 7.06207
-2.05293 -0.679338 6.84539
15.068 1.22134 11.6269
18.7803 2.22048 14.788
13.5522 1.8754 9.63541
20.3332 2.09037 16.117
14.9962 -1.64414 7.0412
28.7184 6.0711 9.73521
20.6876 -1.77542 16.1
17.6634 -2.89032 11.7614
14.2194 -2.55501 8.52588
-0.414303 0.370555 1.46252
24.4715 -5.41165 11.3806
23.9826 4.03218 9.28765
33.7617 5.60025 1.74845
23.5172 2.98507 9.12219
20.8739 0.194127 17.9508
11.8092 -1.07254 7.36848
14.0351 0.67002 8.47624
13.5322 1.96108 7.69365
10.7051 2.09651 16.4734
13.1176 4.83556 8.35045
-0.168096 0.573016 0.881946
1.46368 0.490182 1.25498
-0.376855 0.59971 1.24186
-0.330248 0.695802 0.47871
22.2974 -6.37991 14.0206
22.5362 -5.17883 13.657
22.3179 -7.6906 18.9391
2.47314 0.465267 11.8037
8.10487 2.25123 10.0496
0.662767 -2.14039 7.54459
-4.22069 0.988109 7.52085
-7.41817 0.367569 10.3196
1.20247 -6.37177 16.3858
-3.18827 -3.71112 12.8808
0.659748 -1.5324 8.07755
0.740343 -2.25079 8.52373
0.503256 0.683183 0.700652
14.2499 -2.22591 8.76916
17.4898 -2.27463 10.5394
12.7502 -1.47574 7.36956
12.7884 -0.821089 7.23269
14.7852 -1.70057 9.48825
-2.41947 -0.0371242 7.01504
0.765793 0.285876 1.77498
1.62358 0.616923 0.925175
-0.894135 -0.487191 6.171
-0.533702 0.389766 2.54815
-0.496231 0.506995 1.222
0.0797683 0.46297 1.20938
14.8413 -2.6729 9.50932
21.8466 -2.01043 13.8664
22.767 -1.69341 13.8538
23.6259 1.14463 13.9028
14.8776 -1.94149 9.63522
21.3476 -0.927562 15.7723
15.2768 -3.64521 9.04589
14.3695 -1.19504 10.0725
24.4815 -1.84987 19.0803
2.8829 0.386176 3.13041
-1.79041 0.113926 6.43716
-2.09447 0.0144967 6.71664
-0.328032 0.263465 5.87413
-0.750816 0.454424 1.11434
0.24486 0.391816 1.46219
23.9457 -6.50521 19.5809
2.79042 -6.42486 18.3195
35.6058 -3.87475 3.3202
27.2465 -3.97287 9.43987
24.467 -0.358007 21.7282
22.8046 -4.23482 23.9209
22.2154 -6.77205 12.4977
0.991254 -1.97472 9.06968
0.397812 2.70862 13.8753
5.07461 1.80094 12.3841
2.94057 -5.01494 16.5818
10.7369 2.51042 16.6179
4.1844 -1.54616 10.4054
6.05387 -3.07437 28.291
8.32102 -3.19411 28.0048
22.4891 -8.1424 24.4416
4.64524 -4.11192 19.2199
1.6111 -2.3789 10.5519
13.806 6.66968 9.20238
15.8213 3.18217 13.9369
16.5339 3.42498 14.5328
13.4157 0.334758 14.7391
14.2969 4.5703 11.8413
10.927 -13.6209 26.3329
14.5401 4.67375 12.0337
7.71573 -0.32872 15.0877
0.284483 0.687812 0.621651
0.15528 0.669343 0.643249
0.843386 0.472972 1.38849
-0.0208352 -2.61945 21.3826
5.02852 -1.81913 23.9463
1.66277 -2.36851 22.1634
1.44068 0.849559 22.1519
0.843857 0.660363 0.760345
0.585718 0.249767 1.85196
0.440395 0.728421 0.53494
0.160967 0.714767 0.657336
-3.60925 -3.1274 9.02487
-3.7875 -4.21494 10.2985
2.90522 0.392883 3.14439
-3.19459 -3.24865 11.3524
-4.67679 -4.42145 10.236
3.48522 -1.89078 11.6009
1.42899 -1.77091 8.39615
-4.53556 -3.5051 9.44987
0.170316 0.71361 0.6666
-0.420314 0.0819762 6.42691
0.00860537 0.711349 0.542532
0.278818 0.544046 0.995918
0.0714287 0.634886 0.726908
0.170249 0.712852 0.662756
0.436983 0.550851 0.992846
20.6742 -2.33957 15.6574
22.385 -2.89625 13.8109
-0.541052 0.677196 1.01941
-1.05174 0.618905 0.839603
0.496914 0.809953 0.426796
-0.566833 0.298559 1.53002
-0.316887 0.475495 1.18046
0.412482 0.649127 0.738487
4.30712 -7.46951 19.0131
12.7504 -9.11906 23.2985
11.5201 -10.4593 22.785
12.1504 -8.3591 22.3812
21.7912 -8.69201 25.8703
9.80065 -9.47101 25.8267
9.65484 -9.50815 25.6818
-0.416147 0.662245 0.601687
-0.138261 0.559308 0.916813
-1.03211 0.534639 1.03096
-0.682578 0.70331 0.712774
-0.652604 0.307498 1.28134
-3.49921 -4.54718 10.8195
-0.748295 0.565229 0.964719
-5.42986 -2.88389 8.99864
-0.691466 0.200003 1.32822
-0.418518 0.590833 1.1435
-0.128211 0.865681 0.183753
0.0143804 0.793773 0.354499
0.729011 0.750956 0.502941
0.144564 0.85803 0.182557
0.431261 0.836548 0.246101
14.5052 -0.432767 6.73866
21.3609 8.1158 2.52157
-0.0165578 0.675653 0.62085
0.127922 0.609642 0.810744
0.138281 0.609524 0.811513
-0.00414136 0.618278 0.869991
0.00931109 0.662342 0.650227
-0.242541 0.58119 0.892314
0.953713 -2.48076 8.05367
0.0342287 0.323752 3.3365
-2.13716 -0.713028 7.18979
0.532275 0.0895643 2.71988
0.661907 0.554205 1.01189
1.23767 0.454809 1.37492
2.5708 -1.71738 10.3573
25.9415 0.382671 16.1139
0.120235 0.578609 1.01035
2.05241 -1.15957 9.72812
5.71186 -0.351627 12.2589
5.63936 -0.386953 11.9809
2.16976 -2.88473 9.32087
11.7797 1.31335 20.5272
5.9549 0.672801 13.1522
13.3173 0.799137 21.8024
13.5666 1.21633 10.035
5.2107 3.33068 11.7519
13.8264 1.06771 8.36153
6.37338 3.93214 11.0018
2.57853 -1.1848 10.573
0.257981 0.691101 0.627111
0.245074 0.728897 0.513538
-0.640038 0.42302 1.26648
-0.528026 0.559132 1.13757
0.0614534 0.698964 0.555447
0.461128 0.692026 0.605199
-3.9465 -2.86502 9.11331
-0.0739137 0.613986 0.779629
1.09643 0.545862 1.17766
-0.0872361 0.66338 0.540255
-0.772441 -1.83363 6.11736
-1.58028 -0.764773 6.71493
-0.157889 0.582289 0.879844
0.416799 0.718979 0.535469
0.102825 0.697661 0.597603
-0.0183055 -0.234759 6.60421
5.75313 3.20159 13.883
2.39195 -2.39911 9.66264
8.67372 3.08817 11.4806
1.72471 1.6722 12.6832
2.20484 3.75318 13.9274
24.9325 -5.52346 22.4534
15.8266 -2.42419 11.5967
20.8635 -6.71093 13.8192
17.3738 -2.28001 10.5388
-3.14104 -3.30578 12.1299
22.3499 -0.621913 13.9327
22.7432 -5.745 13.6351
20.5797 -3.09566 16.1295
25.0672 -5.79713 11.8021
23.7505 -6.03244 13.0268
16.3306 -2.63837 12.2121
14.5308 -3.75018 9.70018
20.8119 -3.4945 14.6541
20.6552 0.630866 17.982
24.385 -0.372648 21.6898
25.0843 -8.14675 21.7142
21.4562 -5.82152 13.7631
22.7156 -5.21611 13.6897
21.8326 -8.30561 17.9606
21.8442 -7.98064 17.0837
39.5324 1.29211 2.58274
0.843373 0.470509 1.36961
4.83607 -0.819249 24.074
7.76044 -0.341186 27.9367
15.5901 -4.84112 29.7092
-0.493395 0.641838 1.03362
0.617582 0.581595 0.929421
-0.759869 0.428986 1.12856
-1.07806 0.130231 1.73657
1.89131 0.286193 2.84905
11.5094 -0.557406 25.1962
4.4693 -2.2748 27.9314
14.5195 -3.25921 8.41656
16.2424 7.01674 -6.06631
31.3758 1.68032 -27.6271
15.0826 1.12079 11.6218
18.9413 -8.59207 26.9415
1.94376 -3.22838 21.948
-0.0566091 0.502083 1.08661
2.11803 -2.31719 10.4079
-2.49083 -0.0451229 6.96825
2.03139 -2.69897 9.21879
-9.06031 -0.652379 10.9241
2.78762 0.0920934 3.29223
0.18064 -4.20389 9.05116
8.98689 1.98397 10.9427
9.5536 2.98261 12.7176
5.18472 1.00339 12.3256
7.18606 1.75663 15.6427
5.0021 3.73762 11.0526
13.4438 5.09487 12.5818
16.3769 -11.4994 27.152
0.0360863 0.544091 0.988537
-0.238997 -0.196522 7.01843
0.0444919 0.712012 0.515527
0.574052 0.579757 0.989879
0.484829 0.539744 1.07038
3.01583 -2.80486 12.0159
2.32161 -3.31669 10.3899
5.91648 -5.89617 17.2768
11.0449 -1.27797 21.0567
5.33046 -5.56755 17.2241
26.1958 4.39923 10.9679
27.1458 -2.47841 10.1334
18.6157 -2.07886 10.3001
23.827 -2.97213 12.5956
21.5806 -2.6338 15.1993
1.45456 0.618766 0.869256
0.954365 0.344391 1.60737
8.83459 -1.10663 29.6824
13.4065 -3.16961 26.1223
18.4518 0.127569 12.9439
21.0363 -2.79426 15.1507
22.294 -2.83146 3.4672
27.0091 1.88164 11.5028
22.8027 -5.72175 13.6044
26.6981 -5.20748 9.87653
34.7284 -5.23136 4.62214
8.80492 -6.54773 32.7961
12.2454 -8.81291 23.6401
15.13 -3.70917 27.5066
17.061 -1.19153 6.24706
25.4237 -6.254 10.2618
0.171735 0.649839 0.703479
-0.234633 0.492404 1.97989
-0.684478 0.37407 1.46603
0.212657 -0.288481 5.9954
-2.55737 -0.109529 6.4941
-0.172694 0.616342 0.739817
-0.16689 0.712962 0.494956
8.38022 -4.38369 29.9568
19.3776 -1.44986 27.5063
11.35 -2.60595 21.746
-4.41102 -4.17098 9.70575
6.62681 -5.70363 18.0898
22.7334 -5.04151 25.2745
28.3992 -2.97601 29.1138
13.9415 0.669293 8.33323
2.53156 -0.974661 10.1963
6.37529 -6.07279 17.6882
0.902718 -2.43341 9.04287
1.00326 -1.33095 7.84678
7.61396 -4.97057 30.39
15.5042 -1.59385 27.0133
5.98535 -3.8444 18.0194
7.92389 -6.39701 19.9014
18.5423 -8.86672 26.7395
13.1535 -8.30144 22.6564
12.3579 -8.41482 22.9223
19.0376 -5.66199 28.3002
12.3656 -8.43079 22.9348
-0.794596 0.68541 0.913633
5.7907 0.912552 12.9872
4.07277 2.90001 11.0192
4.49805 -0.280759 11.3076
5.26456 3.38943 12.0153
2.18489 2.69077 12.8285
3.76956 1.05561 10.7969
7.89775 2.16133 9.72743
-0.00421198 0.61757 0.871376
-0.0379179 0.619648 0.817556
-0.333941 0.561327 1.28028
-0.690766 0.200218 6.25347
4.28171 -2.10186 10.9949
-1.73838 0.108832 6.38262
-3.55505 -0.300943 7.63723
-0.564312 0.409774 2.19542
0.482945 0.669819 0.649928
17.457 -1.43812 7.78496
15.6732 -2.09452 9.72425
22.3365 -3.61361 13.8283
1.16171 0.614901 0.902387
1.30891 0.676024 0.68393
1.45577 0.624579 0.850082
5.55733 -2.54407 11.6224
0.174909 0.643543 0.680165
0.178286 0.643627 0.680718
-0.151571 0.708441 0.530919
-0.0463345 0.449032 1.34055
0.516099 0.738261 0.502027
0.472762 0.697684 0.606823
6.44001 -0.657983 12.6031
-0.00448615 0.634595 0.724488
13.4917 -3.12849 26.3635
14.0222 -3.80613 22.7317
21.3494 -6.34019 15.6134
38.6932 -4.59115 -0.683131
34.9663 3.56883 -0.212084
42.3279 4.93594 0.597518
21.3173 -2.46848 15.2021
22.4216 -7.267 17.6261
-0.45336 0.637814 0.806018
-0.502989 0.654296 0.725883
-0.738683 0.362873 1.29452
-0.339112 0.688633 0.53987
-0.522161 0.296672 1.35974
-4.72086 -2.93935 9.77481
9.74941 -1.39431 17.5081
-4.28976 0.863137 7.63056
-4.45843 0.898581 7.87616
-0.328589 0.708429 0.494467
0.67565 0.747918 0.600706
4.68289 -2.73082 12.8652
19.9295 -5.39068 31.4509
5.06045 -2.97346 13.3952
-0.178144 -3.11818 16.5554
4.43678 -2.71258 12.1578
11.4057 -1.80993 19.4145
1.56318 -0.157464 4.16485
1.3003 -0.189551 4.16007
-0.16101 0.670157 0.772189
0.110634 0.753064 0.435274
-0.200148 0.722612 0.449032
0.214824 0.750941 0.437861
-1.12296 0.538016 0.98329
1.04452 0.372589 1.54907
-0.311534 0.699064 0.503217
-0.299894 0.693304 0.572057
7.31978 -7.20123 29.4569
7.45591 -7.09252 28.7722
0.962208 -4.02031 22.3741
-2.9478 -0.592012 7.22902
-6.74148 -5.22204 10.6853
0.77014 0.585449 0.932844
-4.20187 -4.30119 9.97739
1.31834 0.455906 1.31662
23.5012 1.25308 15.7466
23.511 1.27844 15.7283
16.0057 1.94164 12.8133
-0.753336 0.560615 0.961183
-3.83874 -4.5621 10.6557
4.7639 -3.06215 13.2977
1.97171 -1.37915 9.84214
-3.41208 -3.55906 10.6377
5.51528 -9.32054 22.9435
4.04843 -4.38944 27.2781
10.5929 -6.20429 28.9204
0.481123 0.228666 1.9078
26.683 -6.95079 18.1985
22.2481 -6.78322 12.5135
5.03336 -1.85493 24.011
6.46362 -5.32595 17.6057
7.93038 -2.01396 27.7879
24.4879 -5.19058 34.9659
9.86368 -6.57146 29.7463
5.23053 -2.54332 11.7448
4.13846 -2.43104 11.8718
5.00939 -2.73211 11.9069
21.5961 5.48447 -2.95969
13.096 2.17344 7.09604
0.634213 -0.109146 2.79691
22.3878 -5.37684 31.6248
-0.760211 0.370139 1.31851
-0.692985 0.591427 0.974857
0.364102 0.665677 0.819461
-0.527584 0.599492 1.14447
-0.0403391 0.387519 3.12685
-0.144937 0.643042 0.791035
0.495879 0.677467 0.664015
-0.93845 0.934811 1.21605
1.14732 0.536434 1.10315
0.752192 0.695858 0.653748
6.43593 -5.37317 17.7588
11.4356 -5.91423 27.6489
11.3337 -9.20982 23.7217
4.24086 -4.68345 15.5996
3.19305 -2.3299 23.5382
-0.289905 0.68434 0.550842
0.509823 0.51196 1.08356
-0.885598 0.17919 1.47073
-0.0539127 0.674305 0.567965
-0.429361 0.484082 1.17843
-3.96811 -2.96042 9.94719
4.35987 -2.46394 10.8854
14.2626 -8.70879 22.6693
0.151974 0.212268 2.75109
-0.533734 0.39597 1.30987
-7.26928 0.354236 10.1823
12.2018 -2.91047 20.3752
4.07876 -6.96501 18.9482
26.4864 -2.24488 10.1806
0.723334 0.748558 0.49587
18.3393 -10.7046 26.0814
4.92081 0.0508027 11.1993
2.28076 -1.32033 9.83654
4.83663 -2.50423 11.7842
11.5995 2.72507 16.119
2.0618 -2.36648 9.60808
9.55361 -13.6045 28.6372
0.762836 0.788303 2.32395
0.226542 0.55987 0.927195
1.43121 0.680822 0.700055
0.588588 0.33836 1.60286
-0.459472 0.250225 1.45768
-0.628691 0.250238 1.61377
-0.766055 0.669095 1.18115
0.397986 0.647101 0.72498
-0.61319 0.260606 1.41076
0.0261402 0.724231 0.488272
0.144159 0.591722 0.992306
0.383999 0.661966 0.80584
-4.89597 -2.52194 9.51357
-4.05438 -4.59366 10.1877
-6.91219 0.365499 9.79905
0.128446 -3.97831 9.19358
-0.442294 0.657935 1.12651
-0.72202 0.670824 0.921641
0.398447 0.708398 0.578322
7.81312 -5.96993 29.1055
12.346 -3.18207 23.0914
5.72667 -5.54411 16.8823
6.32322 -1.54845 25.1661
7.52192 -5.59524 29.9468
13.3284 0.214439 9.18582
15.4877 -3.44284 11.0318
12.5659 -1.78253 7.57977
-0.39331 0.377403 1.42756
0.355505 0.570811 0.939096
-0.62154 0.487767 1.19033
19.7157 -8.16689 26.8394
0.292901 0.668007 0.660533
13.889 -3.27228 26.2085
14.2838 -2.46139 34.2533
20.5454 -4.41086 28.4185
7.91834 -3.2324 27.2861
12.9787 -6.95442 20.9769
14.1205 -3.19455 26.0947
12.9751 -2.72582 25.2014
18.4581 -1.01183 24.2621
14.6011 1.44186 11.0512
5.66908 -0.382812 12.0579
5.80637 1.18222 12.4901
1.97343 -1.93145 9.52867
23.4138 1.02455 13.9505
20.4294 -4.93539 15.7986
20.8174 -3.45813 14.6096
28.261 -3.76192 9.16484
37.2001 11.293 3.96411
30.2528 1.49465 9.65532
37.0408 -3.452 1.30923
-5.73881 -2.82215 8.93635
2.70625 0.109802 3.12068
3.63719 -3.16734 13.7484
3.94846 -7.49561 18.9418
14.0827 -8.41077 22.2955
4.66617 -3.02937 13.2742
3.63989 -2.9902 14.1094
9.78673 -0.998678 17.9547
11.0905 -2.56857 21.5185
40.6797 -5.85302 0.414879
23.41 1.32054 19.9918
22.6477 -1.77476 13.6744
1.51738 0.472358 2.87456
-0.600801 -0.508313 6.2162
3.53972 1.23839 10.6677
1.02405 -1.51764 8.13663
-3.23666 -0.235734 7.5408
-7.10666 -5.08994 9.79404
22.903 -9.7474 22.6589
15.6529 -11.5923 25.408
9.64508 2.99762 12.8854
-0.525035 0.549227 1.08549
7.3905 -4.91593 30.495
11.4541 -9.36301 24.1249
15.6117 -4.19745 29.5882
8.29863 -6.75235 20.0649
11.4923 -2.78379 22.3492
37.4245 6.43468 -0.503512
23.5686 1.4362 10.3827
22.2591 -0.508556 9.65231
20.8961 3.5995 11.152
0.0663778 -4.15055 9.95125
-0.445575 0.303607 6.74778
-3.24421 -0.533709 7.6308
-2.79824 -0.77033 7.33043
-0.0122733 0.674149 0.613863
-3.91686 -3.41381 10.178
-0.032014 0.70267 0.557967
0.166167 0.650895 0.705414
0.107619 0.298463 2.17028
0.221077 0.704932 0.743812
-0.214889 0.72215 0.438315
0.139256 0.610343 0.815293
-0.068514 0.50201 1.10175
6.25503 -4.63317 17.7735
4.03465 -6.95355 19.0473
10.2761 0.143577 25.8105
12.7489 2.4774 15.0115
2.25054 -2.77134 9.30703
1.95748 -3.191 15.1475
12.0775 -0.781737 17.9771
1.45882 -0.188302 4.30923
-6.82356 -5.39105 9.91841
12.665 -9.03616 23.0065
15.0034 -3.6368 24.2346
0.29342 -1.12911 6.63258
-0.553736 0.277539 1.44594
-0.216371 0.726145 0.448479
0.0196563 0.709852 0.453415
0.0266736 0.721402 0.485979
0.212265 0.697912 0.718582
-0.739211 0.368755 1.29376
-0.0833849 0.561009 0.93183
-4.0475 -4.44671 9.38645
-1.49938 -0.0383427 6.60614
2.00864 -1.40936 9.94843
5.84367 -6.25499 18.2342
2.9173 -2.58453 21.2454
-0.709934 -2.44994 21.2187
38.9261 -0.0399019 1.26242
-0.593205 0.422245 2.24895
-2.86353 -3.40338 10.1499
-2.9211 -4.63034 11.3377
10.0375 -1.58622 17.7884
1.8525 -3.25942 15.9551
17.938 -2.52932 31.0502
17.2398 -10.1904 25.2569
14.9116 -9.24561 25.1007
18.7972 -9.26546 26.9676
23.0297 -5.49597 24.7892
26.8038 3.17898 11.6424
22.8305 -0.687699 18.5477
24.6993 -8.06885 22.2656
-3.53519 -0.257867 7.51786
-0.621031 0.209718 1.37037
-3.3939 -0.609921 7.70008
1.32012 0.453716 1.32679
0.645939 0.357256 1.64628
0.117843 0.68118 0.603398
-0.0915415 0.512239 1.92918
0.16728 0.440288 1.26956
-0.448307 0.473976 1.28184
-0.728237 0.402286 1.21317
-0.58531 0.616594 1.07195
-0.535819 0.604372 1.17467
-0.487084 0.549709 1.17105
-5.31436 -3.40536 9.19403
0.33519 0.639215 0.856415
8.0933 -6.39814 19.8827
5.92397 -2.09202 26.4535
0.495575 0.722155 0.549388
0.602732 0.678207 0.668273
15.2012 -12.0664 24.0716
0.936535 -1.4872 7.96932
0.571218 -0.126875 7.93735
2.55014 -2.1417 9.75737
0.998187 -1.53207 8.27157
2.07526 -2.0102 9.46162
11.3772 3.06819 13.1744
1.4508 0.517276 1.21277
1.06719 0.714981 0.603761
1.16317 0.618299 0.904683
0.91248 0.720973 0.597719
1.24313 0.427296 1.40136
0.224398 0.701408 0.606479
1.72925 0.572971 1.01573
1.43153 0.640933 0.819882
-0.669386 0.687938 0.93473
-0.451325 0.485373 1.24285
0.498236 0.676393 0.675693
1.37818 -6.32056 16.3506
22.1653 -7.73856 22.1846
12.248 -8.7776 23.5575
5.25762 -6.31209 18.816
2.40722 -2.78692 9.34669
13.6038 -1.26875 8.22152
14.4758 1.09146 11.0466
-0.856932 0.17023 1.44357
-0.441695 0.593551 1.18853
-0.758937 0.801175 0.980489
-0.184372 0.630706 0.713377
4.10558 3.31589 11.5892
2.5659 -2.94967 9.9548
2.18236 2.73903 12.9727
3.40493 3.6951 14.1413
5.79788 2.99698 13.3092
11.8219 -2.82092 20.0988
9.12599 0.18127 23.9573
2.87204 -2.3361 23.2273
14.3943 -3.3762 8.03927
13.9081 -3.21733 7.45646
0.474975 0.515253 0.955935
-0.710389 0.75548 0.917281
-0.533639 0.668331 1.00079
-0.566419 0.695238 0.953047
0.0776651 0.595212 0.95952
-0.0924935 0.621387 0.730815
-0.0605444 0.502131 1.09017
0.149691 0.659768 0.678897
0.0755538 0.59445 0.988184
-0.0579236 0.503125 1.08786
0.949845 -2.22536 7.99691
-0.647167 0.248033 1.29666
-3.80327 -4.23634 14.8598
-2.81049 -4.31667 11.396
-0.349493 0.459303 1.48186
0.439829 0.698127 0.596926
-0.452635 0.6273 0.803283
0.461694 0.694538 0.608691
-0.733103 0.743312 0.868966
-0.496966 0.424671 1.35759
0.521324 0.747942 0.527569
0.315299 0.697436 0.597329
0.980971 0.713132 1.06205
-0.213021 0.689644 0.630528
4.38638 1.76949 11.3046
0.611024 -0.135405 7.90692
2.6494 -2.39462 10.0684
0.104712 0.715669 0.582036
-0.822489 0.201759 1.45493
5.69553 -0.00100429 12.3567
9.88413 0.242409 18.2166
0.216217 0.716627 0.607577
-4.44228 0.875988 7.89104
0.473154 0.3596 1.52802
0.405261 0.480163 1.17932
-1.15967 -0.555677 5.64935
30.3933 -2.00106 29.605
24.212 -5.05763 24.1985
7.19534 -7.16577 29.7394
11.2229 -7.60317 24.1451
11.0941 -7.75787 24.32
25.632 -9.3548 20.8095
24.4266 -9.4818 21.7654
24.7892 -9.18107 21.5004
16.8045 -2.18965 27.8773
24.3752 -7.58774 20.6398
16.5259 -3.78032 29.7433
19.6755 -4.95694 34.1166
-0.625957 0.441974 1.26786
0.487968 0.716509 0.552227
0.602485 0.66313 0.720182
5.96169 -5.0833 17.7142
23.3594 2.17169 13.9453
21.4295 -4.48593 14.3075
17.9473 -7.466 28.2007
23.9129 -5.64547 24.1411
-0.666705 0.510076 1.04437
-3.48599 -1.59705 7.91129
-0.058449 0.683405 0.59145
-0.330537 0.265873 6.45966
0.139138 0.610205 0.813511
0.0343397 0.653056 0.675003
3.19255 -3.35222 15.1533
0.209823 -3.79524 16.8625
-7.42624 -1.47843 10.8096
-4.10572 -4.18764 9.8072
6.24411 -2.90109 12.5922
0.830012 0.547399 1.04183
0.23236 0.628359 0.754491
18.6415 -10.7711 26.3339
21.6905 -8.74352 25.5354
21.4077 -6.18393 13.9807
0.155256 0.650914 0.689895
-0.681277 0.445216 2.28382
-3.30454 -0.679245 8.18879
-0.691778 0.222409 6.59311
-3.3946 -3.3296 10.4398
8.94156 -1.13491 17.398
-0.377115 0.624985 1.21775
5.6135 0.132522 24.2318
4.65355 -4.93599 19.342
4.11968 -1.97291 22.7688
7.6436 -7.32502 20.5802
-1.63695 -5.02504 13.2969
-2.88949 -5.75438 12.1141
-2.96744 -4.72131 11.4654
-2.57919 -2.91489 6.2472
-6.0276 0.728868 8.20031
-0.685607 0.192631 6.3935
31.7408 -4.52471 6.06359
41.7854 1.45757 -2.66708
20.7083 -6.16924 14.0445
20.3372 -3.76057 9.56679
20.4719 5.70072 -1.40911
-0.728317 -0.325131 6.19361
-0.531877 0.602757 1.15386
-1.32791 -0.1714 6.94987
0.549069 -0.499375 7.60097
-2.84193 -0.13794 7.1
6.48252 -3.55091 14.8012
0.526525 0.277097 2.63225
6.74155 2.7237 13.6259
2.77267 -0.260873 11.9915
6.70579 2.71787 13.4895
0.665775 -1.01736 8.18943
29.2219 -6.10445 20.892
41.9363 3.34352 -0.25919
37.6815 5.17132 3.91299
24.3609 4.3305 9.01505
22.0391 -7.74877 18.6137
17.4773 -2.26722 10.5188
15.8008 0.809542 12.4605
20.1063 -3.18102 9.64001
14.6629 -1.89136 10.1246
0.997746 0.661539 0.748356
8.8023 -1.36451 19.1285
2.32037 -7.4381 18.1004
13.918 1.24951 10.2717
11.4521 2.25373 15.7132
6.89264 -5.64739 18.0699
2.84308 -4.87575 12.5765
16.6315 3.54606 14.6538
10.4317 -7.28251 28.5247
0.661385 0.472736 1.8268
-0.426615 0.434823 1.28959
-0.244875 -0.94684 6.54249
1.41455 0.664053 0.766367
18.1339 -2.40071 10.6878
21.7915 -1.76369 17.9143
26.9259 4.69005 10.7004
-4.73127 -3.80951 9.44329
13.5087 -2.80314 21.9425
-0.968455 0.228581 1.45803
22.709 -5.61647 12.0268
14.197 -1.68639 8.82563
16.9122 -3.77796 12.2766
15.4011 -2.53342 11.0045
18.356 -1.42153 8.09743
6.16017 -3.50928 22.1164
4.56928 -0.455613 23.8378
2.92907 -6.60435 18.224
4.24452 -2.52879 12.1826
7.94535 -6.66567 19.7808
18.8899 -2.52085 8.64439
16.4023 -2.58788 12.1731
20.9908 -1.63969 8.26277
15.9062 -2.44573 11.7092
38.295 9.23267 4.8563
24.3356 -1.10304 21.0137
2.13639 -0.240095 5.64097
1.31586 0.71137 0.621502
0.608195 0.576996 0.947952
0.732455 0.70413 0.585852
0.211784 0.642629 0.729287
0.415163 0.657991 0.746605
-0.652344 0.578145 1.0038
1.0655 0.537569 1.16894
1.28419 0.599398 1.00936
0.9997 0.663043 0.749302
-0.162014 0.524942 0.971431
0.693748 -0.0816241 7.8803
5.66904 -6.74957 27.6071
9.07257 -6.60498 20.9875
16.4661 -5.06533 32.2994
7.52969 -3.08739 27.0031
5.69426 -4.38015 28.7462
13.984 -6.78103 26.6221
21.0308 -5.20981 26.5378
6.31349 -2.54248 25.7649
20.1442 -9.97951 26.636
10.4016 -6.53042 30.0861
20.3184 -10.3527 25.8203
0.726866 0.75026 0.502289
0.963937 0.740076 0.495309
-5.17475 -5.60367 13.0118
3.86976 -2.38356 11.8881
-3.9586 -3.01139 10.8667
-0.652877 -3.97131 8.50113
-4.49958 -2.79792 9.40969
-7.11225 -1.0459 10.6361
-6.66593 -5.43277 10.3241
-3.18339 -3.98886 10.9713
0.258164 0.60117 0.755968
-0.470255 0.618398 1.08533
-0.468035 0.293481 1.48973
-0.151921 0.520828 1.033
0.23736 0.595616 0.864535
0.25487 -0.335461 6.6646
0.181918 -3.54534 9.10092
20.884 -5.05735 29.7059
21.6876 -7.78282 23.6905
22.2888 -3.23242 25.1196
10.4451 -4.09659 31.5589
14.4741 -3.69369 22.8859
33.1934 -3.39801 19.4116
23.2439 -6.44917 19.5728
22.148 -1.13392 28.4475
25.6203 -0.604693 21.8376
27.0643 -5.15614 9.15974
41.7497 1.53236 -2.77892
5.34294 -5.54801 17.209
5.58012 -6.04887 17.8867
36.8702 -3.68543 -6.67846
17.274 -2.2879 10.9421
17.5289 -2.86711 9.81055
15.7974 -2.3119 11.6279
0.822509 0.739952 0.529585
1.54393 -0.135083 3.98674
-2.08179 0.00397132 6.70174
-0.751168 0.359303 5.62822
0.870176 0.553308 1.01848
10.1414 -0.330401 15.5114
0.5882 0.564026 0.981654
-4.47132 -5.73064 10.9049
-4.3512 -3.03434 9.79226
0.306581 0.805218 0.334535
-0.0895879 0.766655 0.339891
-0.252486 0.831636 0.184999
-0.171309 0.799435 0.241716
1.46741 0.523456 1.2259
1.28748 0.603634 1.01128
12.6372 -2.00622 7.37961
0.86363 0.526342 1.11307
15.4861 -13.9376 27.2137
15.5727 -14.0622 27.6274
25.882 -2.68135 1.08567
15.868 -3.28766 8.65799
20.8492 1.9435 15.7958
16.7304 -3.81957 12.3035
20.0533 -2.17661 9.68711
21.0094 -5.89476 14.4229
20.6469 -3.97185 15.9159
18.5065 -2.35272 10.7108
1.12774 0.55623 1.14455
-0.511324 0.52517 1.19839
1.06957 0.426837 1.22515
-4.47301 -0.572117 7.9374
-0.42249 0.574387 1.14487
1.14451 0.456794 1.32929
-0.121465 -0.359565 6.41995
0.480644 -1.98837 7.68907
1.39042 -0.168189 4.0618
0.281407 -0.13571 7.7188
0.214818 0.724586 0.647267
0.209535 0.716106 0.593035
-0.217154 0.726879 0.449427
0.159247 0.581684 0.939842
-0.0953184 0.664232 0.760767
7.9163 -7.57988 29.1218
-4.41068 -3.0505 9.46762
-0.295437 0.866289 0.757818
13.8728 -2.67598 22.0893
8.88823 -1.50142 28.5709
12.3585 -1.4116 29.7806
19.3041 -8.01973 27.0006
6.02328 -1.70637 24.7209
6.68948 -2.61274 25.6904
8.04631 -6.40364 19.9874
-4.91449 -3.65984 9.09078
-0.40084 0.454574 1.4738
2.58255 0.0642451 3.42321
-0.389619 0.455855 1.35699
0.754297 0.708213 0.659584
0.217658 0.55428 0.97589
-0.0202564 0.654096 0.783203
0.0286807 0.589343 0.900283
-5.90659 -1.31527 10.1273
29.9044 5.73189 6.74616
21.8345 -6.84124 16.4055
21.1803 -4.04812 16.006
0.131217 0.611868 0.804267
-0.94137 0.232368 1.42054
0.405188 0.720045 0.538738
14.6286 -2.11784 10.1411
15.0554 -2.36389 10.5588
14.9015 -3.23386 9.63775
1.61194 -6.42719 16.5014
8.5332 -6.32476 31.1432
-1.35868 -7.44138 25.3641
24.3642 4.38794 9.52627
40.4629 4.70681 -2.29351
20.3461 2.1295 16.0919
5.31282 -2.92519 12.6377
-2.84978 -5.16001 12.564
-6.15185 -2.37265 8.07306
-1.14888 -5.09654 12.9062
-0.160313 0.577069 0.878946
0.601279 0.376812 1.51161
-0.63834 0.483874 1.20539
4.07852 -2.25231 10.2536
-4.0748 -2.93176 10.7413
0.111373 -0.380802 7.32488
18.8662 -7.96781 25.978
2.55365 -3.1612 9.83586
-4.11355 -5.21753 10.0169
-4.9763 -3.70585 9.21523
-1.19344 -5.04137 13.2618
-0.587003 0.674596 0.965614
0.283435 0.0102406 3.2424
15.7268 -3.82387 25.5106
9.70715 -9.44478 25.6042
-0.484925 0.365768 1.41878
-0.398706 0.473392 1.25076
0.755527 0.284738 1.76604
0.759458 0.284861 1.76592
10.3612 0.319581 25.8767
9.00687 -9.69559 25.0441
-3.27777 -3.24684 11.4517
-0.465898 0.350334 1.25674
-0.684957 0.599459 0.994604
1.29892 0.60272 1.03085
0.487 0.531986 1.05325
-0.583388 0.419013 2.14411
1.44408 0.520384 1.2047
0.996875 0.761183 0.381604
-0.324042 0.567287 1.47165
0.839087 0.66162 0.679883
-0.553457 0.476787 1.2352
17.5645 -2.84902 9.78337
24.1517 2.66914 14.0207
20.4384 -1.73217 7.95908
21.7683 -1.74175 5.34326
24.8546 -3.33748 2.01239
21.4292 -6.33756 14.1634
2.55806 -2.51347 12.8435
5.53537 -2.97245 12.9219
-2.78453 -3.90939 11.7334
15.5894 2.90862 36.0026
8.74524 -6.74766 21.3404
1.62529 -5.95608 16.7468
0.88437 -3.01091 22.8649
2.11579 -4.63545 21.1631
10.7286 -2.20683 18.9728
-0.849284 0.337735 1.30252
14.939 -5.15051 27.866
2.19618 -1.16654 9.96135
-3.2271 -4.04228 11.1144
2.40949 0.088444 3.14636
-3.26919 -0.861894 8.4303
-0.641649 0.356691 1.38856
0.117525 0.681059 0.600434
-0.822793 0.338624 1.29479
-3.18175 -0.815902 8.20568
13.8503 -6.90534 26.9479
19.8523 -10.1993 27.1243
10.5311 -2.31967 18.1941
9.80978 -1.66032 17.8311
-3.07628 -3.88502 11.4008
22.7818 -4.63933 13.7293
23.0062 -5.22868 13.4709
16.6257 -2.64921 12.5557
0.622772 0.726299 0.659673
-0.256423 0.834892 0.191118
0.146917 0.861422 0.187934
-0.391487 0.471397 1.45888
-1.22134 0.311601 1.52188
-0.48499 0.522901 1.11673
0.750686 0.760394 0.532187
-0.375118 0.454065 1.24926
0.821772 0.787988 0.461607
14.389 -1.71078 9.05016
15.2064 -2.16715 10.9054
22.8032 -5.79562 13.6637
21.3386 -1.88462 5.02157
21.664 -6.3323 14.1323
27.6086 -0.795869 3.41481
21.7121 -4.48237 14.3322
21.5703 3.34093 14.1557
14.6123 -3.59594 9.66708
5.9827 -3.13946 12.9332
-1.41106 -1.55774 6.44732
-3.51514 -3.45943 8.03676
-6.92221 -4.70308 9.76402
6.42096 -1.66379 25.3205
5.45542 -1.31536 23.8405
12.9655 -3.36616 23.9462
8.82641 -1.34874 28.9658
5.87747 -2.90365 28.8399
24.8467 -3.9874 40.1732
5.82691 -4.05591 28.853
7.71185 -2.65972 31.9211
7.49384 -1.50361 26.8765
13.3121 -7.73328 23.6698
15.0763 -8.43518 28.8125
14.5014 -4.16837 29.1917
-0.589673 0.566535 1.11388
-0.497551 0.283335 1.44394
21.3636 -0.809852 16.1286
-0.584823 0.50045 1.19069
1.20559 -0.0454506 3.37781
-3.49689 -0.514069 8.17603
0.880699 0.81392 0.330228
27.4145 -2.17377 9.97136
22.3973 -2.42301 13.8531
-0.118978 0.627692 0.755966
-0.367908 0.679876 1.14302
-0.712792 0.392213 1.30048
0.0142319 0.49709 1.11959
-0.170027 0.574805 0.889692
13.41 5.05739 12.5883
20.6963 -6.79637 25.2837
17.3575 -11.1932 26.8693
13.433 5.49473 10.473
4.66106 -0.438491 23.7971
-1.18829 -4.90646 12.8025
19.1938 -9.58463 25.4688
17.5277 -7.37976 24.1093
21.6554 -8.72808 25.5153
-2.67957 -4.82363 11.7648
2.03685 0.335436 2.86979
1.03491 0.754662 0.500296
0.387811 0.560183 0.959979
0.58949 0.563623 0.98354
3.34736 -3.58193 17.4894
20.5465 -4.6651 14.9968
35.0926 -3.90331 3.5269
16.9215 -2.80032 12.1631
21.1238 -6.78498 13.835
22.1107 0.557722 14.0245
0.661827 0.868805 0.278951
-0.203275 0.727598 0.373638
0.903839 0.890105 0.211527
0.736575 0.88762 0.256206
0.0588455 0.693734 0.570781
-0.420789 0.407592 2.03118
0.767953 0.584512 0.930416
1.32948 -0.150141 3.64492
0.646502 -2.09894 7.86974
11.1349 -3.42548 28.7987
13.4344 -2.79998 21.9306
7.69539 0.02041 27.9501
9.77234 -1.56225 32.7502
13.4563 -2.72783 22.1699
24.3322 -9.566 21.812
21.7206 -7.39648 18.3966
20.6775 -10.4484 27.7581
0.323407 -0.170766 8.04731
-0.69186 0.168084 6.33456
0.219379 0.712519 0.600419
14.5475 1.17303 11.0075
19.8069 3.40204 15.4948
23.8854 2.69566 -8.79313
13.0763 2.12313 7.09815
5.61209 -6.02229 17.7977
1.27834 0.640623 0.834946
0.131931 0.61065 0.811603
18.0447 -3.62614 11.2865
21.6055 -6.90138 14.684
21.377 -1.51474 13.7906
0.393225 0.709904 0.568675
0.959769 0.637219 0.835854
0.108795 0.748686 0.436092
-1.07929 0.129297 1.74106
-1.10129 0.127478 1.77435
17.8167 3.49202 17.6481
6.30458 -2.88187 12.5748
26.9375 -2.87497 27.5404
16.2344 -9.17006 23.8877
6.12557 -9.19853 22.9751
0.926352 -2.41937 9.19839
7.59168 1.9049 8.89359
2.48698 -2.22431 9.81941
-0.82154 -2.70652 12.4378
3.75982 0.957773 10.4259
0.406993 -0.0769562 7.86574
-0.297582 0.552895 1.52415
0.0309051 0.637324 0.851745
0.209322 0.4407 1.28268
20.3361 -5.31384 26.0888
10.3737 -3.23745 20.2595
10.6285 -12.5177 26.1141
14.6164 -1.34744 19.656
1.37838 -6.75897 16.7799
16.2705 3.48674 14.2648
13.7746 3.34076 9.13335
19.6181 8.05967 3.91763
20.2159 8.76053 3.50092
13.6467 -1.4561 8.23812
14.3735 -1.98796 8.91488
11.9696 3.0572 6.79395
0.999428 0.752096 0.53215
1.27763 0.170408 2.39861
0.779303 0.703997 0.641511
-0.101821 0.684242 0.594814
2.01241 -1.38857 9.65544
28.5159 -9.05969 15.8716
5.98154 0.676728 13.078
4.09346 -0.0203334 10.4165
4.69026 2.66733 11.8297
4.72787 3.40224 11.5004
5.52581 2.39882 12.6331
12.1785 -0.0437892 15.5778
13.0267 -1.22591 21.4912
-0.867077 0.759831 1.02456
-0.534349 0.550552 1.11665
9.8242 -3.63966 32.0411
7.75094 -0.0564339 15.2885
0.519042 -1.14933 9.85366
-1.63171 -0.877958 7.42766
-3.10991 -0.19567 7.39562
-0.77297 -0.341129 6.30646
2.96454 0.550177 2.70071
20.7218 0.664878 18.0157
20.5557 -1.26399 16.418
21.7409 -5.99939 13.6423
24.4254 -5.39625 11.4152
8.71221 -6.62559 20.8326
22.4716 -3.07148 13.796
21.803 2.8929 14.1398
17.7723 -3.38644 7.08115
23.6896 2.55709 13.5487
24.6565 0.342845 20.0235
24.7244 0.987358 20.9524
15.8267 -2.03348 9.58247
16.1911 -3.02015 11.4588
0.794717 -0.0454797 7.74983
17.3311 -13.7022 26.0933
41.9277 6.17815 -1.79679
21.4831 4.48903 12.6051
37.2016 0.244478 2.48947
24.7978 0.389643 20.0842
16.7349 0.342821 13.5229
13.6633 -2.2073 7.94534
17.7963 -3.26887 11.5156
0.0298742 0.595218 0.900024
0.73123 0.753809 0.502527
33.4767 -5.88452 6.55489
24.1038 -5.7696 11.9935
1.43304 0.683786 0.697445
0.618377 0.669663 0.666981
1.70009 0.576358 1.03043
23.0444 3.60631 13.1413
39.5864 -4.21628 -0.638792
-5.95755 -2.9994 8.3242
14.3977 -1.72446 9.05074
14.8863 -2.6974 9.39831
0.587704 0.743565 0.605768
0.675129 0.743041 0.590644
0.73235 0.504793 1.25915
-0.665997 0.734693 1.05746
-0.360571 0.588111 1.27584
-0.6234 0.68338 1.01445
0.993654 -0.236519 3.87675
12.0169 -1.33203 30.068
7.39044 -7.22422 29.3314
5.95508 -5.7962 28.3754
5.31538 -2.16126 24.4466
6.94336 -5.70094 18.0028
31.0229 3.25804 8.57836
23.7761 1.65482 22.3343
20.896 1.35191 16.1551
4.15038 -1.99665 10.3305
-0.104948 -3.52705 11.0544
0.813907 0.58498 0.94467
-7.51238 -1.49883 10.9036
0.0723329 -1.72466 8.80792
-4.42291 -1.76297 8.49702
-0.747847 0.338141 5.58327
-5.17367 -2.79029 8.61423
-3.40526 -4.01379 9.62349
-0.108311 0.63347 0.699943
-0.0376097 0.819741 0.227356
0.430811 0.835917 0.243429
0.298642 0.811113 0.290479
-0.401484 0.629903 1.18937
-0.56755 0.702232 1.08621
20.6088 -2.89379 15.5252
17.9456 2.00514 13.4092
36.2164 5.48476 -0.908548
21.4346 -0.925171 15.4922
26.9485 -3.37185 22.0906
21.1378 -4.04561 16.2014
18.0457 -1.42505 25.3651
19.3862 -5.6975 28.6446
17.3224 -6.00621 29.3239
20.0972 -3.17891 15.9929
22.4243 -2.09266 5.58249
15.0345 -3.4629 8.94155
23.2832 2.52492 14.7416
21.9541 -6.73479 12.5127
0.615227 0.584759 0.932295
-0.123801 0.550115 0.904134
-0.0358895 0.713895 0.583354
-3.2168 -0.848436 8.3396
13.9146 2.21677 7.313
21.046 0.675386 15.9663
0.819268 0.474874 1.38257
0.499961 0.723603 0.564077
-0.748685 0.682196 0.920107
-0.556629 0.683132 0.996805
1.04732 0.489356 1.21264
5.02044 -0.587882 11.4273
22.754 -6.88174 24.6572
2.22561 -2.95852 9.27685
22.6855 -10.3556 26.4067
20.0814 -13.7741 24.5356
23.4007 -4.86181 24.9893
16.7412 -8.21318 21.8863
12.475 -1.06274 7.72611
0.584882 -0.130589 7.93561
9.82828 3.22772 14.812
14.5468 -2.48329 10.4025
13.5705 -1.27953 18.3147
11.7613 1.27429 20.4565
12.836 0.255963 14.856
14.9436 3.83745 16.3772
6.91902 3.6528 12.3934
1.68581 -2.47659 11.3964
-0.272786 0.420985 2.1127
-1.13931 0.583139 0.941009
19.708 -8.2724 27.2816
8.13715 -6.42508 19.9495
9.58632 0.188968 23.9437
7.99125 -6.64383 19.7311
13.8963 -3.70318 22.4368
6.15508 -3.94371 18.9505
0.129237 0.412471 1.43823
-0.995559 0.592388 1.01555
1.69131 0.243477 3.00092
23.4011 1.58635 16.1027
0.932701 -1.5988 7.89599
23.9614 2.57805 13.9248
23.1605 1.88776 21.6254
22.4929 -6.42613 18.6082
18.6493 -1.75839 23.8657
24.6253 -8.35695 20.0989
31.728 -4.36341 5.67792
21.0963 -6.59914 14.7757
32.6535 3.97682 6.86027
10.6547 5.40026 12.1907
5.06925 1.79653 12.32
4.15824 0.25784 10.2718
31.4573 -4.83366 7.51476
21.9315 4.21311 13.9287
21.1042 1.95259 16.1149
22.3424 -0.616558 13.9533
6.45237 -5.71475 18.0959
7.50316 -1.55596 26.8557
0.851835 0.802 0.459225
0.14824 0.578386 0.984112
20.461 -4.92824 15.7747
0.213769 0.708412 0.566588
0.816292 0.312618 1.68799
26.64 -6.30655 8.89381
21.0584 -3.61603 14.8149
23.5909 -6.24701 11.3865
20.7813 -6.48153 14.4575
24.5096 -0.997389 22.0119
21.3327 -6.00131 13.7455
-2.71831 -3.90274 11.8225
-7.35572 -3.36569 7.59345
-0.500488 0.424489 1.37635
0.824847 0.681183 0.695091
1.34951 0.456667 1.35964
0.121582 0.407938 1.35851
0.0430845 0.714517 0.508921
14.9726 -2.87173 10.0136
16.0842 -4.191 8.07802
23.1431 3.391 13.7299
-4.00092 -4.44408 10.6749
-0.468783 0.483194 1.26981
0.168314 0.650185 0.70383
0.350935 0.569918 0.927462
10.227 -2.06555 18.2735
0.818536 0.681847 0.69432
-0.596694 0.68017 0.93372
12.0601 -2.28095 6.15819
12.6233 -1.74779 7.51755
14.2756 -2.51458 8.50793
22.1768 -7.80083 17.5609
0.132756 0.438144 1.60844
-0.295941 0.685556 3.90025
0.6607 0.556168 1.01128
1.18722 0.381954 1.65758
-0.520011 0.661504 0.760082
0.496016 0.720326 0.559269
0.614891 0.759719 0.448788
0.0250241 0.723259 0.49371
0.53727 0.76255 0.545168
7.77907 -0.662648 15.1552
14.0476 -2.9169 8.1524
15.0295 -3.46537 8.9419
13.9655 -2.93239 8.22132
15.7155 -3.47175 11.0497
12.6055 -1.62365 7.48999
21.7616 -7.05171 16.377
39.5904 9.2424 3.05951
25.1198 4.60999 9.44544
-0.729379 0.679851 0.937646
-0.524712 0.634628 1.08511
-0.505118 0.425999 1.37952
0.0260025 0.721424 0.497707
11.8367 -10.3511 24.3448
5.37766 -1.21853 23.908
6.92479 -2.78227 26.448
-0.166995 0.527801 1
0.0176981 0.652568 0.663631
-0.657897 0.509002 1.03309
19.0745 4.38022 -6.7187
14.3826 2.32476 8.45433
16.4147 -2.41865 10.6144
13.7898 1.49411 10.0867
21.7138 2.45651 19.2354
16.7962 0.539972 13.5931
4.00374 -4.26329 27.5481
7.25023 -6.32451 18.7537
2.02157 -1.68716 21.1777
-0.301915 -1.29332 7.28655
-0.624074 0.495427 1.19357
20.587 -6.82015 13.771
-0.472416 0.494714 2.57097
-0.512822 0.388641 1.9634
0.167709 0.650627 0.702648
2.4785 -2.96875 10.0767
5.61127 -2.53957 11.6964
-1.04694 -5.72728 13.7642
2.14604 -1.49312 9.94084
23.3428 1.34486 19.8554
21.0195 -3.98761 16.2245
26.5781 -2.23299 10.1942
21.1419 3.66716 11.4441
26.6717 3.56569 12.2589
31.938 -1.42011 23.6899
21.5543 -0.938772 29.0889
20.6847 0.657137 18.0272
20.1852 2.13988 11.6814
23.2426 3.43057 13.4405
20.7325 -2.86847 15.4138
13.0981 -8.14934 23.4034
20.4784 -6.21496 26.6745
8.25411 -6.14415 29.4806
15.2779 -8.69316 22.7546
4.2583 -2.34131 10.3962
3.14889 0.195841 2.87852
3.09211 0.193005 2.84372
4.6746 -0.407313 24.139
7.42966 -7.23248 29.3445
10.7586 -0.336837 26.1744
2.23727 0.16171 24.477
-0.792407 0.576217 0.959274
0.440221 0.700996 0.600154
25.16 4.06796 8.50622
25.512 3.34605 7.70295
29.521 3.30884 4.54166
24.0721 3.72267 9.99569
25.2087 4.11918 8.4446
33.5868 -1.12601 24.2557
42.8528 7.21054 0.597947
-0.300036 0.685046 0.564443
-4.41566 -3.24235 9.93654
2.54289 -1.73129 9.9575
-1.17553 -0.713556 6.63927
19.9803 -6.30067 26.082
10.4166 -7.32509 22.9809
9.55708 -9.07056 25.1291
13.0304 -4.84729 27.5782
20.9899 -6.89196 13.696
16.787 -2.61504 10.5685
14.7468 2.63905 8.30368
14.5853 1.30764 11.0559
26.9173 -2.2276 10.0464
23.5465 2.95736 14.5262
23.883 -2.8616 12.3252
23.4922 3.20377 15.0749
24.0056 -1.30037 15.2059
20.3044 2.01221 16.2711
-0.0499613 0.648036 0.817732
-0.0482786 0.701736 0.542773
-4.63304 -0.579179 8.26958
0.841527 0.306164 1.70676
1.28255 -0.955382 8.79786
-8.35088 -2.77379 6.98541
-7.40967 0.242881 11.1544
5.98276 -4.55943 17.8245
7.05328 -6.83512 19.2155
19.3604 -8.13417 26.5931
0.237497 -4.09203 8.79896
-3.92992 -1.19681 10.0345
-0.835409 -5.01911 13.2752
-0.0792737 -2.37766 12.101
0.677259 0.630936 0.796908
3.0019 0.55165 2.73145
0.0445576 0.641539 0.844302
21.0782 -6.73745 25.9806
12.4351 2.68605 7.04153
15.3202 3.49937 7.59428
-0.576795 0.530757 1.06412
0.613111 0.678197 0.677385
0.611059 0.727896 0.643247
9.87569 -1.3276 17.7125
19.4913 3.2261 -6.84828
14.5661 1.33852 11.0172
12.4562 2.35692 6.93237
20.5789 1.795 15.8454
22.1662 -0.918889 15.3948
23.4591 1.05938 14.7614
21.7688 -2.82765 14.6151
23.3096 1.59958 15.7523
-3.04661 -0.764871 7.89143
13.965 -1.78041 7.42867
15.1797 -3.69359 9.78066
15.7746 3.07257 13.1547
12.4654 2.32373 6.93776
13.3293 1.73551 9.5368
22.049 -0.600572 15.4232
22.9704 -0.615351 18.5843
24.6089 -0.867042 22.0582
24.1719 -1.42044 20.8426
24.8045 1.25722 23.4802
0.956727 0.431331 1.35987
1.04252 0.518283 1.14364
13.7703 -1.42765 8.23377
19.7297 3.42699 3.10325
13.7167 1.32706 8.72975
13.497 -1.20793 7.92388
24.2246 -3.81718 14.8597
20.5528 2.51583 17.2811
23.5698 1.29303 15.7675
20.4202 3.04886 18.4796
1.3411 0.730781 0.639578
20.9262 -6.85205 14.2818
0.231375 0.689148 0.731338
-0.0546041 0.652963 0.733386
-0.572704 0.384239 1.26192
-0.649994 0.398405 1.21905
5.74376 -3.48886 26.0563
10.225 -0.0055053 23.8076
-0.0596227 0.524901 1.02009
0.221206 0.56381 0.941079
0.156229 0.652272 0.693742
5.85663 -2.36592 25.1045
9.88278 -3.77379 31.7408
18.3717 -8.99526 27.0226
-7.03414 0.642821 7.35177
-0.344136 0.568396 0.980281
0.530683 0.0856013 2.7265
0.590959 0.745038 0.612556
-0.383122 0.631454 1.23934
-0.599461 -0.0841196 6.58637
22.7319 3.4279 13.5356
16.7186 0.383343 13.5947
23.3264 3.45217 13.3785
21.4448 4.21187 14.2972
21.4823 4.24281 14.2897
16.1069 0.36825 13.2055
20.7217 2.0447 17.3297
15.0176 -2.4227 10.6165
17.7171 -2.90042 11.8112
24.6554 0.336133 20.0497
23.6361 -6.12513 12.7972
14.6284 -1.94599 10.2092
29.4243 -6.60282 18.4807
26.3094 3.95358 7.18388
20.853 -4.4738 14.5363
27.0484 2.75153 5.91762
11.3893 -2.51776 19.7179
8.96518 -0.247486 24.1955
18.841 -6.10009 28.1223
11.3253 -0.335972 25.8361
12.6209 -1.77375 7.53976
18.1335 -2.82809 11.0229
14.3186 -2.76495 8.59583
13.4906 -1.46243 8.82051
13.1642 0.0792962 23.81
1.94809 0.233305 24.441
14.2244 -1.57195 9.00205
13.3623 0.901233 8.54304
14.4674 -3.37806 7.98184
15.0893 -3.65422 8.79589
-0.365564 0.646002 0.655321
0.40324 0.721585 0.532685
0.291331 0.71419 0.56213
0.2418 -0.197303 6.69472
0.424662 0.710621 0.56839
26.1624 -3.2259 0.645948
44.0224 8.02277 2.33362
10.482 -7.3601 23.1652
9.02297 -0.190962 24.298
11.8912 -2.33812 19.6941
7.47794 -6.12768 19.136
13.5262 -2.47013 24.3223
20.4466 -10.5379 28.0759
10.0277 -3.71755 32.7238
10.1392 -3.68953 32.9864
9.81156 -3.67536 31.8713
8.56165 -6.99925 20.4029
5.04488 -1.83044 23.8604
1.2415 0.696475 0.687496
1.5199 0.538067 1.0771
1.45722 0.698497 0.712359
1.45865 0.621483 0.878079
2.528 0.0659992 3.29704
-1.63296 -0.874433 7.42257
0.294873 0.451779 1.25842
0.546959 0.651305 0.699443
-0.406329 0.419736 1.35761
0.0316259 0.546499 1.00065
14.8908 -1.94505 9.62489
0.272829 0.67824 0.6526
1.30425 0.539271 1.10729
1.27037 0.635975 0.826513
1.06411 0.714864 0.597083
20.6885 -6.18916 14.0612
23.8014 -2.97118 12.5927
20.485 2.88804 11.6014
26.5186 -5.73022 9.14762
21.024 -1.06571 16.5725
24.7123 0.58721 21.9703
20.8932 -6.62475 14.7779
12.4425 -2.84978 20.5315
15.8618 3.24699 13.2169
21.1866 2.31285 19.6209
24.9976 5.25685 -5.45779
20.6679 3.16329 17.3612
23.1133 -2.63794 14.8923
14.545 -6.92666 25.7869
1.54763 -6.05527 16.9542
9.67658 -6.67305 20.643
14.1347 -5.43713 28.0962
23.2451 -5.51739 24.5718
25.0411 -9.06528 23.1324
22.9441 -0.779735 25.5263
17.7613 -9.52441 23.1727
12.5641 -1.06462 7.65154
1.42724 0.680403 0.700636
1.29909 0.747384 0.636907
1.03452 0.668019 0.750524
1.58666 0.506953 1.115
1.00902 0.610777 0.900316
1.26492 0.634552 0.828199
-0.0502076 0.469329 1.85315
1.32832 0.705523 0.640712
-0.519171 0.450807 2.31869
1.08454 0.538883 1.21097
2.03219 0.31436 3.15508
0.428099 0.45872 0.972725
1.3074 0.44935 1.3005
1.59798 0.607078 0.906524
0.616452 0.668857 0.66387
1.18502 0.759718 0.511571
1.681 0.56966 1.01722
9.38961 -1.25736 16.826
2.21894 0.169957 4.85777
7.69056 -0.66801 14.67
-0.472337 0.617658 1.09254
0.445989 0.771106 0.437741
-0.01669 0.740257 0.440005
-0.691401 0.595298 0.941398
0.451785 0.799519 0.437517
0.46928 0.545314 1.01963
1.32921 -2.43534 8.48928
0.283121 0.681335 0.770981
0.0877802 0.623979 0.763085
0.0447989 0.646297 0.702351
0.234139 0.691168 0.73656
0.607892 0.385077 1.46002
0.458711 0.541014 1.04147
0.0447665 0.646332 0.70147
-0.606575 0.410528 1.2877
-0.387727 0.425899 1.11254
-0.539034 0.480201 1.26363
-0.20473 0.410089 4.60758
0.647644 0.2223 2.12491
1.24825 0.402685 1.63475
0.307226 -0.0028779 3.47527
1.36352 0.603295 1.03251
0.248436 0.74257 0.507966
14.2333 -1.57002 9.00507
15.7976 0.743521 12.4254
23.972 -6.44 11.3161
21.9385 -6.59834 12.5533
11.9694 -0.903841 22.8381
14.6662 1.97544 7.34384
19.7938 -3.01022 9.81711
17.5556 3.52239 4.13807
15.9533 3.31983 6.56012
0.790962 -2.34391 7.57628
13.4279 -0.0706656 14.5095
-0.491674 0.405435 2.7226
0.875621 0.824597 0.456576
12.6857 -0.418153 16.771
0.610805 0.715315 0.626278
1.7136 0.533859 1.31236
-5.80571 -0.879763 10.3172
0.663856 0.555299 0.999319
-1.7281 -1.01016 7.51157
21.616 -2.0078 24.7495
24.7504 0.390309 20.066
28.4273 -0.556451 21.2307
19.1439 -5.66759 28.4721
44.263 1.40858 23.358
40.5141 0.612018 22.8977
-0.693446 -0.576461 5.93669
-0.516482 0.608006 1.16513
-4.98681 -3.73783 9.12042
-3.78881 -3.56095 10.105
5.80657 0.93438 13.0174
1.7273 1.65126 12.6
2.53708 -0.583246 10.2618
0.688636 -0.654947 8.04752
13.0582 0.997264 8.86582
5.79572 3.16895 13.464
12.2579 -0.710941 20.7033
15.4716 -2.53002 11.0539
5.70797 3.91205 10.5827
15.554 -2.49882 11.1122
10.0692 -10.158 26.7552
0.271274 0.688713 0.631982
0.533295 0.753795 0.534505
0.439101 0.790049 0.429909
0.44266 0.795251 0.441069
-0.533356 0.678621 0.555608
-0.34104 0.709892 0.491152
0.896768 0.663868 0.948468
0.891068 0.711676 0.611171
0.251502 0.629238 0.758863
0.611078 0.752583 0.47641
-0.618371 0.519466 1.03385
-2.93815 -0.0798228 6.876
5.91026 -0.00503854 7.12166
8.59325 -1.12361 16.6086
29.5335 -1.53351 22.7779
29.5829 -8.1328 17.4146
4.16946 0.28066 10.3653
12.6999 -0.42683 16.7494
3.00555 -1.55741 10.281
16.5118 3.99634 16.0292
14.3428 -2.85869 8.26613
-0.796804 0.533229 0.977618
-0.304107 0.871949 0.766904
0.841688 0.799604 0.471684
-0.0480102 0.700962 0.542725
1.28895 0.535029 1.09347
0.0362415 0.333996 3.35817
0.0684733 0.703478 0.541729
-0.301175 0.866517 0.762585
0.731342 0.753818 0.503792
2.1727 -3.0955 9.11032
10.4653 -8.85936 24.5465
11.6666 -8.79158 23.2909
21.8038 -4.89534 35.727
16.9656 -2.09355 26.9066
-0.137026 0.57081 2.18302
-0.117382 0.624657 0.744609
0.742935 0.53245 1.08145
-0.359271 0.463033 1.6558
32.6278 -4.54534 5.64322
0.436437 0.301321 1.58042
0.688954 0.288523 1.74926
0.820738 0.682315 0.693669
-0.52056 0.633259 1.07203
0.93971 -0.383967 6.97225
0.777127 0.516817 1.42026
-0.147501 0.539626 0.959188
-0.211622 0.540197 1.68537
0.100696 0.427054 1.38184
-0.323427 0.552538 1.40304
-0.76431 0.713179 0.907244
0.379421 0.571883 1.01756
17.4477 -7.60117 28.9281
18.7602 -9.18477 27.0929
-0.749706 0.710234 0.923238
13.7559 -2.26585 8.1404
12.6356 -2.00903 7.37965
13.2068 -1.23673 8.57609
22.9509 -6.23628 11.2872
14.1013 -1.3914 8.64024
14.1961 -3.24741 8.14718
15.1199 -3.35874 9.22662
0.203613 0.686959 0.692196
12.7798 -6.43269 27.8853
21.0326 -8.49487 25.4635
14.773 -2.15538 9.46372
0.750969 0.697799 0.654632
-0.652055 0.422948 1.2553
0.402741 0.644634 0.745792
42.677 1.03234 -0.696721
39.9752 0.365479 0.816792
36.502 4.05608 -0.61069
23.8512 2.96285 14.4744
40.5146 0.982127 -1.69767
11.9658 -8.43174 21.8186
11.4586 -10.4237 22.6187
6.94874 -11.8598 24.3939
13.956 -11.6309 24.675
8.7101 -11.0875 24.2682
17.2205 5.60859 5.42383
14.2017 2.07126 7.62144
16.52 2.66048 5.46338
12.4126 -1.92174 7.48239
11.9131 -0.896291 6.96387
7.28327 -0.533553 14.0782
15.0936 -4.5652 29.4234
4.99433 3.68555 10.9747
3.8495 -2.28108 11.4617
0.825941 -0.519101 8.18211
13.4911 5.45599 10.5117
23.1527 -6.37869 13.4118
13.9374 -2.6734 8.17345
16.3726 2.52364 2.87301
13.3962 -1.23635 7.95476
14.732 -3.26332 8.30343
17.0186 2.62631 3.77889
20.395 2.10059 16.0708
22.6357 -2.23234 15.0395
0.216888 0.642656 0.728509
-0.290633 0.509847 1.07108
0.158058 0.707807 0.648659
-0.362969 0.556568 1.2555
-0.39365 0.310928 1.37873
-0.305072 0.67486 0.578784
24.1117 -6.10691 12.9376
23.9116 -6.49681 12.5827
25.3936 -5.51482 22.7715
22.4381 -7.2681 17.6323
2.50635 -0.598778 10.1789
0.667292 -2.1117 7.48809
1.42523 -1.04765 8.44906
-0.564808 0.635991 1.02901
-0.680376 0.697991 0.961197
-0.686421 0.688428 1.01337
1.62131 0.526696 1.21249
0.0582742 0.773205 0.417472
1.05033 0.543277 1.15297
24.2716 -6.11049 12.9828
20.2398 -1.65437 8.37516
27.082 -5.17311 9.15407
20.8689 -6.00853 15.4948
10.3476 -5.92719 29.1041
9.07947 -7.46713 21.4112
0.0943609 0.773004 0.375775
-3.83742 -1.63616 8.18663
-0.189068 0.283113 5.56654
5.37987 -1.47933 24.1749
18.8243 -1.75449 26.7025
22.9207 -1.21995 20.0412
23.406 -0.495751 18.7091
20.2824 3.04261 15.3693
18.0699 2.42118 14.0535
23.8624 -1.58144 20.1167
24.3537 1.12249 20.8763
20.9844 0.199092 18.0401
20.591 3.43719 15.2335
22.3715 2.69337 14.2049
26.0265 -1.60928 19.289
18.7343 1.88986 12.9089
0.861978 -2.45038 9.25227
2.50175 -0.592275 10.1825
0.771746 0.265842 2.58146
18.316 6.98429 -5.73422
23.4059 2.13394 -22.5195
17.3882 6.47399 -4.70146
11.3219 3.07108 13.1198
3.39683 -1.21931 9.81966
3.45818 -1.22506 9.85114
4.17367 -1.53532 10.3922
6.2209 -2.93278 12.7287
24.1887 -1.14144 19.5319
20.97 0.372603 17.8233
20.3957 2.58025 15.731
27.6741 4.61277 7.59226
2.93737 0.396487 3.18257
1.14469 0.555906 1.16165
22.3209 -7.24636 17.609
23.2057 -6.62286 18.6986
-0.454562 0.39894 2.23204
0.439568 0.787992 0.430827
3.04259 0.194415 2.78886
-2.0768 -0.691944 6.94381
-0.982836 0.00945881 6.35971
0.849539 0.665453 0.76949
1.23794 0.595566 0.953352
0.891497 0.819062 0.337611
0.0606278 0.768152 0.408075
-0.716977 0.393149 1.30783
0.239502 0.546358 0.974062
19.6976 -8.53325 27.0299
17.9972 -2.91231 10.9513
15.1365 2.34123 6.15743
12.5839 -1.63781 7.52203
19.605 2.3253 -12.9401
1.30548 0.478093 1.35095
1.24734 0.777566 0.452216
13.9053 -1.90096 8.36087
22.7247 -7.62702 17.3115
17.4949 -2.41778 10.828
17.2486 -2.27584 10.9842
21.0972 -0.627786 16.1725
22.586 -7.40561 17.3544
1.06799 0.733103 0.590246
12.473 -1.9436 7.20688
13.6505 -2.38658 7.80493
12.8841 -1.61058 23.4023
11.3129 -1.93368 21.4628
10.1252 -12.1791 29.2466
-6.36262 0.736688 8.52913
-0.144887 0.793813 0.286162
0.177965 0.753777 0.79741
0.436926 0.846982 0.263437
0.860061 0.813053 0.443015
0.722344 0.875896 0.251094
0.752077 0.86277 0.139128
0.508304 -1.2848 10.482
0.959507 0.432171 1.35969
-0.198999 -0.217554 6.70185
-0.0551149 0.390501 5.51008
16.0604 -12.6105 25.7246
4.97423 -9.15971 19.8646
20.3633 -5.34366 31.9951
8.86324 -6.64501 33.4759
15.4954 -12.642 24.6605
0.919526 -5.49442 15.7886
13.0615 -1.47034 21.4003
-0.513205 0.483588 1.24476
0.0521884 0.410462 3.95368
1.93031 -0.942898 9.55772
17.5469 -1.60499 24.8515
6.30918 -3.92083 28.7483
12.2762 -3.18906 22.9724
3.23953 -1.79528 10.1483
-0.571802 0.455421 1.21188
-0.584619 0.417758 1.26392
-1.02727 -2.36981 22.702
17.9827 -2.45357 10.7516
18.6125 -8.90331 26.819
1.32191 -2.44991 8.56355
26.3995 5.38089 10.0276
37.9784 4.22251 3.53852
24.8972 -0.302919 13.8097
21.6009 -1.11639 16.9091
21.1287 0.575576 17.6662
26.5842 -6.29947 8.90816
30.0847 -8.23376 17.9476
23.82 -6.35562 11.3471
40.9764 2.78777 0.900779
13.9371 -2.05598 22.1105
1.6088 0.719559 2.79487
6.39561 -2.13036 12.0069
22.1276 -6.77245 12.5248
21.1885 -6.61734 14.7479
27.3592 1.94332 25.013
17.1774 -2.7863 29.8927
11.1899 -8.67403 23.9736
14.1726 -7.66368 23.5988
10.4207 -7.29687 22.8816
-5.38924 0.682762 8.51809
0.00340408 0.429009 1.25881
1.39204 -5.05821 17.0404
11.5504 -0.24637 21.7146
9.57953 0.150131 23.1169
5.32204 -4.99993 16.3716
6.15404 -8.85851 22.245
0.0358459 -2.69174 21.8095
0.772385 0.697711 0.635422
0.830697 0.791279 0.479098
-0.180644 0.842979 0.375641
2.93096 0.396105 3.16703
0.360022 0.378304 1.42991
3.53413 -0.6861 11.5739
-4.02034 -1.1828 8.33064
0.826668 0.314558 1.66474
2.59119 0.0703025 3.3625
-3.61648 -1.42854 8.54191
1.52621 0.148156 3.2901
0.899982 0.602358 0.976707
-0.148388 0.733747 0.457738
13.9085 -1.8878 8.35558
8.27995 -1.19977 15.7118
22.4214 -12.9569 21.9556
6.08507 -3.35201 13.8344
-0.870039 -3.97807 12.8319
1.11795 -0.099223 3.43792
-6.27713 0.573563 6.54101
-8.02095 -0.921719 7.57728
3.71033 0.032971 10.2175
3.08839 -8.29242 19.0387
3.67112 0.0365776 10.1407
12.6074 2.26884 14.8252
-0.776505 -0.960633 9.47942
27.1022 -2.49711 10.132
27.2667 -2.54625 10.0564
25.4591 -5.07515 22.5557
25.9335 1.11932 24.0786
26.1526 -5.50174 22.2515
21.823 -1.12272 27.6437
27.9626 -3.14491 26.4136
36.565 -0.638203 21.6301
24.8658 0.503173 21.9987
33.1026 -1.69253 29.3644
24.1347 -1.67907 20.1227
8.63258 1.01751 16.9321
2.26446 -3.2564 15.107
23.033 -0.610783 18.656
20.5862 -6.22042 15.0549
3.92385 -6.07617 18.0162
6.52617 -5.70275 17.9966
-0.997775 0.754284 0.997816
-0.829417 0.593126 0.948469
-0.902008 0.381335 1.29156
-8.7901 -1.13721 10.1348
-0.238945 0.584589 0.848363
-0.248666 0.607736 0.764251
-0.760741 0.538123 0.951497
-1.03218 0.563332 0.935094
-0.356018 0.614346 0.97428
0.214747 0.709769 0.56362
0.146483 -0.517969 7.07391
0.428566 0.485706 1.30693
-0.484954 0.689527 0.529564
21.464 -1.46186 25.2938
19.275 -5.83547 27.5805
12.2207 -1.29306 30.0377
11.2957 -5.94405 27.3673
13.2426 -2.90827 26.3418
-8.20261 0.108575 10.5751
0.173472 0.507664 1.07194
13.8508 1.46901 10.1764
20.4103 1.51595 15.87
20.5199 2.16394 16.0494
20.6383 2.56526 17.3168
-1.13249 0.535277 1.0106
-0.759459 0.607946 0.942177
-0.292758 0.682198 0.555775
-0.679914 0.787088 0.945408
-0.659101 0.672761 1.01837
-1.09164 0.525201 1.2631
0.0393476 0.645708 0.715353
0.17126 0.650311 0.707295
21.0833 -1.09155 29.0012
18.902 -5.186 27.6742
13.6704 -3.11563 26.5374
8.39352 -7.38149 20.8455
5.92373 -6.85705 27.9886
15.8328 -3.95502 29.911
5.14745 -5.20048 28.5784
14.6796 -7.23996 25.921
13.2865 -7.97725 24.0949
1.79877 1.14322 2.46521
0.439547 0.635034 0.765502
0.0958788 0.627311 0.756705
-0.847841 0.547294 0.984934
-0.456426 0.514655 1.25043
-0.828528 0.301679 1.32681
0.701878 -0.547363 8.1292
0.533309 0.750316 0.529478
33.5554 -1.46742 29.7612
23.743 1.18649 13.9327
27.5595 -2.48797 29.7707
22.5821 -4.87614 25.2872
19.4673 -5.09749 28.2712
-0.564636 0.409444 2.18602
1.62674 0.521944 1.22526
-0.565311 0.687202 1.00484
-0.690606 0.363059 1.36391
0.744307 0.694331 0.646205
1.68684 0.530504 1.28516
-0.207473 0.722543 0.453784
-0.7768 0.763763 0.887835
-0.783691 0.707039 0.870276
-1.21798 0.262902 1.79572
-1.26023 0.225148 1.88504
0.306117 0.696071 0.597273
-1.08463 0.503443 1.24769
-0.363365 0.645915 0.66074
26.1609 -7.49197 17.6837
1.67565 -0.260604 4.92009
-0.144658 0.79257 0.284623
-0.560718 0.663295 0.993726
6.37629 2.90239 13.1899
6.36755 2.44328 14.3857
1.0132 -0.72234 8.25489
2.177 -1.70972 10.2645
20.367 -5.12705 33.7554
-0.250613 0.290834 5.53054
0.168199 0.515274 1.0762
1.22553 0.684373 0.672604
-0.323298 0.465633 1.39409
0.554907 0.395888 1.51595
0.0375441 0.543416 0.987372
-1.14018 0.54296 1.00958
-0.775552 0.510988 1.02452
0.213128 0.751936 0.436282
-1.09363 0.541946 1.21319
-0.996941 0.593285 1.01672
-0.68196 0.700778 0.967534
0.583864 0.403091 1.56386
-0.573407 0.454069 1.2705
-0.596521 0.533013 1.21209
-0.463481 0.469546 1.21922
-0.500096 0.40678 1.26707
-1.2976 -0.0401526 6.20608
-6.54487 0.64491 8.52561
21.6408 -1.66437 18.0922
-0.0395254 0.753214 0.41894
-0.661063 0.624498 0.953837
-0.722007 0.765624 0.930825
0.129853 0.43614 4.95822
5.33961 -5.60655 17.2455
0.8489 -0.490226 8.24082
20.8562 -7.85517 15.4082
11.4289 2.24735 15.7081
21.0533 -2.00656 5.96001
20.2604 -1.65842 8.37539
22.065 -1.32937 13.9257
0.841022 0.690231 0.822975
-0.153852 0.576246 0.817866
0.667398 0.871158 0.28844
0.598006 0.717244 0.621758
0.399478 0.479507 1.18974
-0.08769 0.678957 0.610529
0.641084 0.732601 0.56771
0.453824 0.755637 0.379604
-0.0184337 0.648186 0.761248
1.44532 0.616532 0.873293
-0.377755 0.480276 1.44026
-0.581978 0.654741 1.01009
20.2821 4.35985 -6.86875
19.3024 3.93847 1.49096
13.1466 4.08935 7.77793
6.79625 -5.30357 17.4964
6.02293 -4.55122 17.7682
10.5209 -0.406311 16.1317
7.45094 0.101815 9.05785
6.91366 -0.711936 14.235
1.59041 0.604899 0.897353
-0.516034 0.659129 1.06958
13.2983 -2.26604 7.20504
16.8876 -2.42163 6.5893
20.5909 -3.6793 10.07
14.5559 1.14917 11.0046
0.401584 0.517982 1.72088
-0.125597 0.541557 2.12646
1.53526 0.516403 1.15075
1.3548 0.618333 0.982822
0.571898 0.495503 1.13631
15.7812 -11.2002 25.5236
1.52199 0.54097 1.07855
1.13309 0.553186 1.13878
-0.382596 0.47831 1.43823
0.678443 0.75196 0.601597
17.9258 -3.63757 11.2824
13.3243 -0.901892 7.90621
13.6518 -1.46627 8.30115
4.57085 -0.36249 23.8264
9.14462 1.38113 25.0074
5.83248 -3.53343 25.7274
10.7846 -6.34752 30.1517
0.931888 0.559578 1.03288
1.09845 0.735231 0.574706
18.8654 -1.60051 24.1489
4.34064 -4.43376 26.9118
18.5379 -0.866575 24.328
27.1398 0.429188 25.6474
34.5979 0.0149594 26.6103
26.2048 -9.30567 20.5075
22.1194 -5.87515 25.3925
9.86834 -9.15541 24.9667
17.4028 -9.94261 24.7241
10.3685 -5.92457 29.2873
8.29841 -5.03548 30.7818
7.75354 -5.42854 26.9541
14.6495 -2.87773 9.82302
16.8151 -3.96113 12.05
21.6211 3.35367 14.1545
22.4611 -2.83425 3.38858
20.6543 -6.61526 15.345
1.36208 0.646861 0.77609
0.0267312 0.311475 3.01213
0.272106 0.680452 0.656434
2.13057 -2.67802 13.2956
9.41475 -11.8777 26.1045
1.24484 -2.2838 7.96059
10.3793 -8.68999 24.1272
20.7373 -2.76716 28.8813
39.1182 -3.26088 -3.04843
0.891882 0.329483 1.66346
1.0152 0.391551 1.55147
0.262601 0.531826 1.01648
2.14049 -3.22125 15.3065
3.89798 -3.13083 14.6236
7.43821 -1.01156 14.9941
11.7869 -2.83025 20.0087
0.726639 0.881231 0.291782
0.78734 0.767094 0.428661
-0.141456 0.786911 0.277454
0.236701 0.813515 0.295008
-0.421706 0.406547 1.98455
17.557 -2.38376 10.8084
17.5306 -2.18604 10.4295
17.4331 -2.90181 9.86699
16.9347 -1.26426 13.1499
25.353 0.763293 24.2338
32.6329 -5.61699 5.79789
38.7855 -6.5636 -3.85696
22.6944 -2.62386 13.7051
20.4933 -7.13996 14.5722
26.9917 -1.1621 10.5951
20.4381 1.09357 18.1916
20.8426 1.46442 18.5827
21.7224 2.77366 14.1488
-0.321526 0.773704 0.32634
0.418896 0.84484 0.205277
-0.303473 0.673552 0.575914
-0.61967 0.599694 1.02949
0.520546 0.275614 2.63075
0.182802 -0.304693 5.95905
-0.69054 0.657966 0.984625
2.44242 -0.979128 23.6173
12.2181 -1.31391 29.9789
9.39678 -11.3894 25.4636
10.7017 -0.130013 16.2737
-0.722907 0.585844 0.962415
-0.793971 0.682184 0.904615
-0.994497 0.668879 0.920561
-7.35167 0.644089 7.70687
-0.57137 0.656892 0.976371
0.583907 -0.133777 7.93762
23.7074 2.36859 13.8964
21.2971 -6.01112 13.7266
23.3864 1.06695 19.799
22.7756 -4.029 25.396
-0.0127888 0.658023 0.62918
0.0314919 0.65126 0.686206
0.220164 0.563605 0.940085
0.318448 0.646335 0.842915
-0.64354 0.471207 1.15258
-0.404128 0.496141 1.19111
22.696 -9.78346 23.8062
21.0836 -4.78729 26.7117
21.434 -9.83825 24.6841
-0.581078 -1.55312 6.13958
0.604565 0.230809 2.66406
0.33998 -0.0896065 5.04689
9.09744 -6.69747 20.9402
5.70711 -1.10275 25.177
5.78218 -4.37016 28.3807
9.85169 -6.659 29.5209
7.51136 -2.55344 27.1277
6.198 -2.40597 25.2639
1.0419 0.372424 1.53949
-2.62495 -0.819413 7.94591
-0.803919 0.386894 1.30202
0.0573467 0.434825 4.24757
27.5765 -5.549 9.71472
14.4387 -1.74032 10.0301
37.0592 -4.40534 2.14048
20.9883 0.730404 16.3502
4.77538 -10.3508 21.0338
6.57405 -5.59193 18.0088
4.87501 -4.59315 28.9173
13.0108 -6.45906 28.6516
-1.0336 0.566272 0.936762
-0.312078 0.628465 0.700825
-0.798148 0.711204 0.854614
-0.727151 0.76657 0.939265
-1.19574 0.557999 1.25617
8.68163 -2.497 29.5616
27.0348 -5.22346 9.75833
0.618022 0.767412 0.455623
0.833515 0.305931 1.71033
-0.107243 0.328374 4.66448
0.767756 0.780587 2.07549
1.87537 -0.150439 4.45613
-0.0706539 0.517356 1.05732
0.400831 0.717475 0.588227
-0.549569 0.509891 1.20335
0.28957 0.685916 0.632089
0.531263 0.482748 1.21839
-0.583681 0.604095 1.0294
20.3371 1.95804 16.3017
13.6751 -2.6972 7.47726
15.6211 -3.48077 11.0449
8.85875 -1.51271 28.553
6.77287 -1.46907 26.584
1.50344 0.59422 0.933427
-0.413911 0.618322 1.21557
-1.25478 0.225404 1.87288
-0.0910325 0.55111 1.91799
-0.630321 0.688916 1.024
-0.151439 0.532979 0.934759
-0.0529862 0.64841 0.812066
-1.26026 0.222511 1.88653
0.562085 0.559809 0.966682
-4.765 0.950824 8.34772
0.474343 0.361007 1.52902
23.2804 -5.75931 13.4205
14.2294 -2.68927 8.44538
13.9519 2.23178 7.30392
23.6224 -2.38028 6.69054
0.874312 0.821878 0.452249
24.874 -0.757 22.2173
23.9036 -5.47915 24.0689
37.3763 -1.12595 18.3027
22.0316 -5.9135 25.3066
22.7404 -9.94936 23.7998
21.9835 -5.88045 25.2401
8.39637 -4.43426 29.9783
15.2632 -4.44948 29.9514
-0.399838 -4.37653 20.6634
-0.142701 -5.11063 17.3624
-4.18636 -1.21815 8.68488
0.134535 0.607908 0.808576
-0.635267 0.376823 1.4196
-0.457515 0.609516 1.13877
0.89656 0.661244 0.758419
0.00967343 0.731327 0.476895
0.588804 0.530477 1.13616
0.485309 0.672557 0.66652
0.644773 0.633104 0.809173
0.385066 -0.0129933 2.99942
24.5665 4.24885 9.64322
24.2705 -9.58243 24.7508
22.4276 -5.39183 22.5048
6.23231 0.0604662 13.7945
9.09044 -6.80643 21.369
18.2884 -10.6781 26.1899
14.5027 -11.1819 27.038
0.965989 0.434295 1.37057
0.767197 0.688628 0.674841
17.212 3.24541 4.55091
13.2605 1.8628 9.51598
14.4352 1.60276 10.9516
3.81883 2.16988 10.793
0.837585 -2.25691 9.07815
0.474232 0.368088 1.54822
0.406381 0.514738 1.10419
-0.636461 -1.03964 8.9591
-2.73385 -4.92977 11.5583
24.5319 -0.56778 4.90318
21.4737 -1.92258 5.86803
23.0501 3.46901 13.5894
18.4013 -1.57335 9.72173
5.93019 -6.84554 27.9101
-0.134107 0.713113 0.502016
-0.324511 0.608816 1.25493
0.048994 0.551618 1.00601
-0.616714 0.597308 1.0229
-0.497664 0.733352 0.408601
-0.421577 0.438144 1.28908
-1.05566 0.618539 0.848201
-0.0156195 0.887514 0.90441
-0.7803 0.723735 0.896666
-1.13681 0.554621 1.14846
-0.682682 0.700441 0.968782
-0.671219 0.646063 1.00318
0.160569 0.711967 0.646979
-0.249125 0.56846 1.14646
-0.247335 0.620866 0.756705
-0.884757 0.758807 0.954618
-0.998604 0.671147 0.921684
-5.37253 0.638629 7.11838
-0.388542 0.716186 0.464275
-0.68973 0.725951 0.444413
0.268733 0.331256 1.60684
9.34716 -11.7644 25.8586
1.96351 -8.36697 16.8988
22.3401 -7.69141 22.1508
34.026 6.54275 6.15293
42.2208 2.17601 0.218327
34.4192 5.05758 6.4697
3.12396 -2.25012 23.7711
12.5087 -1.4904 20.4495
-0.105153 0.655481 0.769074
19.4992 -1.32223 24.6465
8.27995 -6.30935 20.2748
8.36907 -7.43249 20.9466
13.7679 1.39272 10.0105
16.2377 -4.08142 11.1124
14.0492 -2.70413 8.0579
13.7765 1.51529 10.0288
13.359 2.05322 9.77504
24.8025 -7.73992 12.8123
22.6023 -2.34516 13.8648
14.4004 -2.5084 8.83724
22.7188 -3.59816 13.8194
15.68 -2.25882 11.4637
21.2474 0.751851 16.0865
16.4123 0.471645 13.154
-0.231813 0.533944 1.57925
0.120847 0.66227 2.2953
38.9824 7.8975 3.00732
30.1638 3.44754 5.00101
43.4825 7.62337 0.241887
27.8758 -4.09702 21.3521
27.6736 4.55077 7.20053
40.6796 7.61156 -0.332609
21.3704 -4.38143 14.3655
15.0118 -3.49357 9.58708
15.1819 -3.32956 9.202
24.187 -6.83826 13.9095
-0.320468 3.51135 15.9771
4.32283 2.11844 11.5817
0.106381 0.67905 0.604883
-0.415904 0.358024 1.48183
0.571383 0.576454 1.16995
-0.409574 0.709953 0.461824
-0.859959 0.725784 0.905318
0.334205 0.642398 0.861459
-0.918242 0.98359 0.947525
-0.0714576 0.656613 0.582385
-0.1781 0.554891 2.24054
-0.18844 0.525181 1.88329
1.30162 0.479164 1.33836
8.10911 -3.38303 27.5266
20.6145 -6.58376 26.3376
20.5253 -9.70414 25.9417
12.1166 -4.17775 29.0762
15.3642 -2.2219 27.7334
9.69664 -3.13658 32.664
13.1063 -8.16182 22.5429
15.3653 -2.21733 27.7105
5.86766 0.613115 13.0358
6.50715 0.250268 12.84
-0.915425 2.91382 14.2259
4.10416 -1.92688 9.91157
0.827527 0.789228 0.476705
-0.163015 0.543321 1.00279
0.644458 0.630787 0.800225
0.795101 0.457043 1.41116
0.362522 0.506502 1.09496
1.13988 0.408506 1.41819
6.73402 0.838921 12.9388
21.8987 -1.79174 4.71342
14.8742 -1.84014 9.84965
23.2479 -0.98884 13.72
3.92352 -2.21787 11.5703
2.48471 -1.81093 12.1824
4.82605 -2.09176 11.2251
6.18141 -2.90803 11.8515
3.89468 -2.19191 11.6676
-0.739593 0.446466 1.0483
-0.0272552 0.387081 3.08393
-0.382519 0.360143 1.42834
-9.56235 -1.14632 10.4744
0.131641 0.435002 4.08099
-6.61301 0.494427 7.66593
-3.09311 0.718283 7.06552
18.7587 -6.04737 34.9597
8.5879 -1.06459 16.0531
25.9106 3.56874 7.18964
18.4161 -2.10106 8.71033
-0.0259792 -1.49231 9.1969
23.6193 -7.11827 12.9649
23.0863 -2.19534 18.3882
16.8438 -2.9836 12.2634
0.655485 0.807959 0.35091
-0.269642 0.541791 0.970931
18.4882 -9.13019 26.6176
5.60616 -6.0226 17.8094
20.3308 2.07319 16.0977
21.111 -1.00777 15.7329
31.8358 -5.65419 6.52007
14.2905 -1.53609 8.97
13.6418 -1.26518 8.21214
14.5238 -2.20809 10.0801
0.376304 -0.252568 6.72639
0.495207 0.718835 0.548165
0.0528211 -3.94452 9.14904
0.825094 -1.67022 11.1937
1.15446 0.307487 9.62658
2.24301 -2.8054 9.3339
0.289457 1.27831 8.55822
1.23016 -5.58136 16.2346
2.91758 -6.60159 18.237
13.4416 -2.93763 21.8825
14.8931 1.02241 22.4254
2.36386 -3.44368 15.668
14.4101 -1.72347 9.05163
21.0634 -6.80774 14.4071
13.8395 -2.91582 7.59915
15.0512 -3.0188 9.30092
1.73554 1.12867 2.38107
0.101326 0.694072 0.591988
0.549977 0.592933 0.846455
-0.376647 0.446158 1.41909
-0.0527755 0.649317 0.812057
1.72882 1.10381 2.35899
12.4921 -1.0522 7.66689
13.5979 -2.39504 7.84315
22.3697 -4.69894 13.7539
22.9658 -6.66739 12.6214
15.4491 -12.1125 24.6591
1.43186 0.144548 3.02948
23.8791 3.01856 14.5061
20.8439 -3.12131 16.4529
24.489 4.16206 9.72628
32.4996 -1.39401 23.8435
26.1331 -3.98857 23.8605
14.6964 -3.07283 29.5399
1.63533 1.59377 1.27609
20.0517 -5.48885 31.134
23.6803 1.17905 15.9475
14.994 -3.3417 9.26244
13.9026 -1.87448 8.34715
13.796 -2.65005 7.87175
14.2272 -2.46467 8.60082
13.8423 -2.47854 8.15569
17.3947 -2.54805 10.7821
15.7687 -3.5277 9.04457
-0.571216 0.679387 0.997719
15.07 -1.65481 26.8698
0.00138233 0.516962 1.53016
-0.21739 0.724648 0.448202
-0.206017 -0.0362358 6.88067
0.472848 0.517756 1.09662
0.494387 0.794135 0.397689
0.0427557 0.322505 2.85221
10.1078 0.0492598 23.4557
15.0656 -1.98991 10.7731
17.9862 -2.04047 7.62461
17.6868 -1.97083 7.86423
-0.135396 0.711462 0.499813
22.8431 -4.01928 25.4551
26.0294 3.93342 11.6081
21.1551 -0.999707 25.8414
27.4499 -5.12752 8.86527
-0.559667 0.520483 1.14022
0.650769 0.398118 1.43933
-0.826963 0.337428 1.30128
0.270667 0.330864 1.60706
0.425537 0.621547 0.805897
-0.718256 0.472338 1.08331
0.3616 0.551404 0.995735
20.6603 -5.85999 14.3723
21.0506 0.481481 17.8829
27.2103 -2.9766 28.1711
13.6944 -1.46838 8.79696
16.5207 -2.54834 10.695
20.2937 1.87079 15.4984
14.2324 -1.57934 9.0192
23.5121 -5.15396 11.3539
20.3871 1.26293 16.0745
0.831027 0.796029 0.483147
-0.762314 0.539228 0.942149
-0.308262 0.589439 1.18661
-0.329109 0.608004 1.13129
-0.045702 0.704618 0.548778
-1.05041 0.612192 0.850553
0.0969358 0.625816 0.751275
-0.437226 0.593477 1.11612
2.38736 -1.21644 23.0331
21.0605 1.92628 16.316
24.2517 -2.08343 13.0195
16.3068 -3.50931 8.96471
15.559 -2.23459 9.88766
15.6976 -3.85349 8.36643
20.963 -6.65293 14.2302
16.6093 -4.57367 12.0721
13.5449 -1.81746 9.42555
22.8773 -3.84899 9.57264
20.1769 2.79678 15.7666
14.5714 -3.7232 9.57099
0.69551 -2.41598 8.91813
7.83092 3.81246 14.0021
7.64467 3.92218 13.8508
1.55601 -1.75138 10.6776
0.256288 0.676427 0.78066
0.367675 0.583766 0.887894
-0.550842 0.647411 0.619229
-0.251715 0.608956 0.767021
12.6911 -1.35847 20.6804
5.83937 -3.31675 28.8094
31.9201 -0.932279 6.98645
24.0766 1.29008 13.7274
0.0808735 0.658772 0.660871
0.257464 0.624398 0.788184
0.817507 0.38938 1.45946
0.679693 -0.168019 5.44779
1.02102 0.0942197 3.35104
3.35312 -1.29127 9.69257
1.40092 0.880867 2.7989
21.1524 -6.0996 26.2073
20.4839 -0.726111 24.0317
10.1016 -1.58474 22.0886
12.7437 -4.82592 28.1438
19.3246 -6.35149 27.4819
12.306 -3.19068 23.0479
9.24189 -7.1859 21.254
19.5657 -5.11955 28.402
15.489 -1.85878 27.3586
14.8891 -8.32189 28.3531
0.303272 0.606807 0.832244
5.44343 -11.1421 22.4973
13.6884 -10.7528 22.8316
-0.118727 0.326267 4.64419
0.174443 0.711507 0.667298
-0.424577 0.45015 1.32706
-0.406664 0.450618 1.29672
1.02043 -1.5394 8.24186
0.574282 0.584444 2.60361
18.7329 -7.20386 27.6894
2.49491 -0.614973 10.2533
4.9712 0.272382 11.4353
-4.62295 -5.09613 11.8673
0.898528 -2.3654 7.62741
0.435809 0.669874 0.560651
27.7762 -4.64772 21.3562
26.1406 4.01736 11.6887
26.0057 -9.32513 21.8011
20.9473 -3.59947 14.8373
26.9957 -0.91357 23.3633
27.3034 -2.11108 9.9188
20.3064 -0.865479 23.8347
21.1083 0.725287 16.2245
26.0002 -5.40606 10.78
15.6804 -2.80761 28.0738
10.1225 -7.14678 22.4427
6.38217 -3.85917 28.6747
9.84946 -7.36521 22.0738
8.3856 -3.25604 27.6293
23.0597 -5.74236 24.8205
15.48 -0.278563 23.5227
0.701683 -4.00525 21.6018
-0.915268 0.552002 0.913034
-0.538405 0.677264 1.01609
1.01077 0.74606 0.539688
1.00301 0.740544 0.533976
-0.00379957 0.678144 0.641536
0.542819 0.624893 0.661297
0.73037 0.711782 0.595459
0.93238 0.545344 1.03969
-2.79811 -0.803447 8.17379
1.4802 -1.13487 8.91806
5.30724 0.0161297 6.37797
-0.0240724 0.647242 0.597625
15.6709 -2.23857 11.453
21.3457 -1.98119 5.85597
20.337 -1.7493 8.0518
23.1638 2.43946 14.8396
0.174862 0.466782 1.21246
0.960956 0.346073 1.62901
0.221572 0.728735 0.608488
0.811283 0.383912 1.43795
0.444151 0.452561 1.21158
0.631429 0.595641 0.934982
1.02211 0.392986 1.5683
1.04444 0.369797 1.54936
0.239264 0.361409 1.50806
0.800721 0.456778 1.42259
1.83213 0.274136 2.75195
2.9167 0.389097 3.2096
1.09802 0.386034 1.34577
0.636478 0.401828 1.52574
0.484497 0.519842 1.1408
1.51644 0.963869 1.98637
-0.00400316 0.616226 0.871291
0.170103 0.649892 0.711789
14.8344 -2.74132 9.39507
21.7286 -3.64123 13.6863
-0.6678 0.438016 1.31465
12.7614 -9.04977 23.1855
2.65619 -6.59394 18.4035
3.69287 0.166526 22.8529
19.9361 1.7413 18.5603
12.6895 2.2898 14.9968
15.4965 -4.80792 29.6151
0.142576 0.856207 0.181128
17.4727 4.98311 4.3498
20.81 1.94465 15.7764
15.4678 -3.58317 9.05509
-1.4141 2.05188 3.27426
-0.155115 0.530127 0.940394
-0.726813 0.373559 1.28406
-0.864469 0.36215 1.24123
0.675649 -0.0338356 7.12501
-5.31635 0.660049 7.08735
-1.07775 0.128548 1.73766
-0.78593 0.719369 0.85921
-0.270367 0.518743 0.877585
-0.0256253 0.694863 0.566719
26.3516 -3.26288 0.418208
15.583 -2.32269 11.3383
23.7352 -6.51319 12.7471
23.1097 3.24703 13.7509
0.260099 0.532386 0.985935
20.5618 -2.98551 15.7287
0.403251 0.707404 0.577167
1.73994 0.56761 1.02806
1.41959 0.669898 0.767648
0.371297 0.65732 0.822784
0.622957 0.733203 0.64714
0.42434 0.710926 0.572158
8.46083 -8.82598 24.3171
11.2404 -7.62496 24.2398
5.19813 -3.41076 28.9346
7.58876 -7.26057 28.5283
9.25987 -7.17404 21.2171
-0.471444 -0.0449071 20.2941
-1.09345 -1.81121 20.3754
-0.373826 -3.27554 19.5192
-0.731083 0.572702 0.959222
0.25179 0.629729 0.760689
2.03889 -1.99944 21.2704
-0.107252 0.776903 0.330261
0.126488 0.736253 0.451628
6.334 -5.98565 17.6448
15.9852 -2.53507 26.9274
4.43995 -4.02997 19.5416
5.30393 -5.00503 16.3815
12.2105 -6.42105 26.2127
9.90576 -1.13428 30.7319
8.76424 -10.4738 28.343
7.70323 -3.25718 30.9349
4.31561 -2.30523 22.7283
8.56009 -6.64518 20.561
0.145122 -3.469 9.42133
-0.544553 -1.0027 5.56092
1.61319 -2.38156 10.5878
3.81487 1.29115 10.3057
4.01518 2.91032 10.737
6.17788 3.32366 12.5986
8.94121 -3.3089 30.7433
12.7972 -8.82362 23.7595
1.61267 -2.39852 10.5559
24.3279 -1.15882 21.026
26.122 0.59563 25.173
5.7885 0.938889 12.9711
6.31295 2.92901 13.2142
4.92859 -0.0280781 11.2536
22.8245 -2.98642 13.8109
24.0709 4.76185 13.1069
23.8574 1.26595 14.0115
21.8064 -1.80142 17.9475
28.6427 -2.05669 9.86521
12.8535 -8.87905 23.8881
9.96114 -1.27201 17.7645
3.90068 -7.13417 19.2969
-0.4468 0.301428 6.72238
-0.370646 0.27021 6.51986
12.7666 2.93452 8.52236
0.880572 -9.20682 21.544
3.4315 -1.24075 9.72624
14.3065 -1.69576 9.87996
23.6184 1.31355 15.7931
14.2049 -8.3827 22.3761
0.914585 -8.9008 20.7843
10.0151 -1.75953 17.0521
20.7908 -5.03785 12.812
7.32908 3.51321 12.9535
16.7853 -9.58263 24.7284
-0.429897 0.419879 1.48948
-0.368376 0.423907 1.33069
21.183 2.89339 12.6209
25.2137 3.00401 7.75133
20.8927 0.586619 18.2534
11.0725 -0.355751 25.2761
10.5939 -8.94854 24.4008
13.4273 -3.13855 26.1913
19.6063 -5.14277 28.4762
4.07954 -6.05485 17.883
9.18553 3.10572 13.8879
27.5027 -4.56644 21.2513
24.572 -6.3226 17.3332
20.7981 -3.45921 14.5977
25.9488 0.580426 25.0035
8.84474 -8.58207 24.1747
7.65502 -7.1456 20.1234
-6.33067 -4.87987 10.0233
-4.25834 -4.89215 10.3107
-5.63208 -3.099 8.23674
21.1053 -6.23283 26.0762
-6.07591 -1.02801 10.3248
-0.0441858 0.475355 4.84267
-0.601572 0.455597 1.24546
18.6278 -3.22886 10.8303
13.3687 0.257328 9.14325
18.6597 -3.23288 10.835
17.6495 2.77317 5.50697
21.4793 4.77561 -2.77501
13.9344 1.34039 10.2268
15.1641 0.934892 11.7077
19.9629 4.55288 1.22293
19.2631 -3.46373 10.2627
15.4525 -1.74657 6.45273
17.1741 3.15993 2.48266
0.0813987 -0.149599 3.64748
-0.423932 0.412586 1.48301
1.00199 -0.406064 8.28385
3.68272 1.92051 6.08063
-1.99829 -4.10862 9.58839
16.638 -2.62592 12.5472
-7.90544 -5.86174 11.916
5.89508 -0.0169429 12.8136
2.35069 -2.12176 9.61885
7.80293 3.81604 13.9056
4.12552 0.216825 10.0127
8.47449 0.915763 16.6018
4.20451 -1.99295 9.95833
2.4895 -7.34482 18.0349
4.88976 3.24597 12.314
8.44286 2.00524 10.4066
6.35852 2.99556 13.4666
-0.910268 0.283039 1.36708
0.909049 -2.32976 7.63026
0.347738 0.590175 0.887039
2.51186 -1.33122 10.1852
2.28283 -2.028 9.57325
6.32435 -0.687902 12.7576
34.9819 -5.11211 4.4823
13.6271 -8.35545 22.6601
17.4716 -10.0155 24.8183
9.13435 -1.93966 31.9918
18.7995 -7.14019 27.7169
19.3713 -6.36641 27.5708
14.674 -7.22362 25.907
-1.55648 -0.049153 6.71798
-0.555381 -1.55637 6.0617
-1.86993 -5.49004 14.3916
-0.662716 0.451884 1.22063
0.298246 -0.446215 7.02792
0.914926 -2.32366 7.54008
0.236826 0.598094 0.855392
-5.35993 -1.7937 12.4632
-3.13403 -3.53086 11.2475
-0.232567 0.391243 2.10802
0.442732 0.552827 1.00926
5.48717 -0.807544 24.9415
2.28649 -6.72976 19.2592
19.4684 5.86844 -6.13237
15.0627 -1.99206 10.7548
-7.05744 -5.07533 9.76538
-7.47394 0.897324 12.1834
0.279453 -3.59523 9.40394
-5.80023 0.654432 9.88951
-4.01146 -3.24551 9.53498
-4.44036 1.01384 7.86392
11.2228 -2.24154 19.4349
5.33964 -5.59476 17.2008
6.4059 -5.43117 18.0278
4.15097 -5.66944 19.1849
8.41315 -4.46124 29.8166
13.9538 -3.04737 22.1059
9.31128 -7.39568 21.6314
-0.530828 0.497475 1.22637
17.1467 -4.62216 25.8895
20.9942 -5.48223 26.937
21.7803 -7.63533 18.2842
20.4973 -8.5076 27.2539
23.4294 1.3562 19.9036
22.651 -5.28468 25.4991
22.8076 -6.10595 24.7623
2.31083 -0.928188 9.97404
0.997773 -0.298416 8.28787
2.2828 -2.04759 9.57227
1.70749 1.72917 12.9083
7.48444 2.32728 9.32335
-0.078971 0.363345 5.22994
1.05064 0.376448 1.56373
-0.168823 0.556775 2.11945
-2.99034 -0.887544 8.75847
2.53659 -1.67499 10.1614
-0.367631 0.554301 1.25804
-0.428477 0.598606 1.18809
0.973687 0.445045 1.38636
7.88978 -0.623724 15.0819
3.48083 0.997099 10.7005
12.6431 0.759444 21.8168
14.1919 -1.59635 9.0475
17.5734 6.90345 5.56593
13.3465 1.69496 9.03201
17.0751 3.26518 4.38531
14.1853 1.49014 7.6951
20.803 0.757417 -19.275
19.9356 -3.00766 27.9514
9.79171 -9.3916 25.8395
-0.261155 0.544525 1.34764
-0.31853 0.701802 0.509433
-0.307085 0.675136 0.588792
16.1379 -8.97143 23.7222
6.4606 -5.35103 17.6467
4.98989 -5.36942 18.9152
4.98705 -1.84816 24.081
18.6555 -8.84251 26.8466
16.3058 -11.2783 26.6693
-0.0545781 0.757754 0.398029
-0.419434 0.32533 1.47986
0.613066 0.724922 0.640106
12.9367 1.79136 6.96867
12.4686 -1.71501 7.31941
14.005 1.95646 7.90172
14.2849 -2.84832 8.30968
14.485 -2.87783 8.64385
14.4417 -3.48916 8.34732
14.69 -1.88488 9.9891
14.6736 -3.49032 8.20318
0.43389 0.539592 0.962846
0.13635 0.609838 0.823713
14.9163 -2.84622 8.209
13.6583 -2.70698 7.4862
14.2651 -2.74099 8.41822
13.9693 -1.62271 9.21575
12.6526 -1.75564 7.45651
17.207 -2.31691 10.5525
13.596 -2.3987 7.84634
17.4506 -2.28633 10.5617
5.05503 1.82705 12.2214
4.40599 3.57562 11.0241
4.35692 1.75438 11.2568
5.20591 3.29918 11.7787
6.66007 2.66726 13.477
5.19973 3.27836 11.6936
6.95431 3.57862 12.2775
3.7847 2.17229 10.7337
-0.731808 0.522678 0.992573
-0.35129 0.469562 1.47783
-0.0880756 0.759542 0.337702
0.749877 0.286109 1.76558
35.2997 -5.6827 4.00791
26.2793 -0.0306385 11.8145
21.6213 -0.0805387 18.5182
21.2624 -5.56599 26.4908
9.89079 -7.30812 29.1442
10.4166 -7.21348 28.3838
0.611428 0.488266 1.19578
1.98723 0.240964 24.4164
0.280453 0.16258 1.65439
0.353439 0.638076 0.762098
-0.502605 0.590211 1.05959
0.416842 0.778139 0.390178
-0.784602 0.550885 0.951131
-0.445345 0.329073 1.3638
0.299695 0.810012 0.291017
23.8482 -4.53872 24.1608
27.0626 3.54524 6.14923
24.7631 -1.01183 21.8004
-0.092161 0.773219 0.351381
0.369252 0.772138 0.402319
-0.210421 0.737596 0.395683
-0.259063 0.840037 0.198396
-0.998389 0.204893 1.53032
1.24437 0.590677 0.969609
-0.524518 0.38347 2.52739
0.195375 0.729077 0.630342
6.20337 -6.12064 17.7666
6.30402 -5.65039 17.6909
5.54794 -2.11098 24.5507
0.260254 0.529957 1.01284
0.842277 -0.21417 4.77648
1.28519 0.297839 3.19121
0.822464 -0.200049 4.82277
14.5749 1.80878 7.4675
14.4202 1.9866 7.93443
-0.0657628 0.497579 1.07374
0.388308 0.558303 0.963307
-0.473391 0.390575 2.35792
-0.611249 -0.587324 6.08485
1.40775 -4.50008 16.0212
16.8513 -12.7042 26.004
-0.703074 0.629046 0.988481
-0.129953 0.558167 0.934019
24.8031 -8.19306 21.6454
26.867 3.23058 11.5591
1.55719 -1.01805 9.51776
31.8923 1.93988 7.93032
24.1091 -5.83719 11.962
-0.462961 0.514773 1.25215
-0.475579 0.293309 1.39572
12.492 -1.67838 7.38658
13.6546 -1.26038 8.22276
14.286 -3.59191 7.52497
15.1843 -3.55439 9.12059
-0.522431 0.470629 1.19182
-8.81912 -0.872601 10.3624
18.9762 -0.821516 24.769
-0.0772553 -5.78534 16.0291
2.78939 -2.47379 12.3826
0.61561 0.714541 1.9579
-0.0112408 0.647648 0.750378
0.73423 0.787846 2.16796
5.63306 -5.90546 17.3384
6.31224 -5.99819 17.6745
4.13855 -5.6794 19.2431
0.0836679 -0.275531 21.2488
26.6434 -5.74851 9.09071
20.6731 2.06938 15.9461
2.61561 -5.08032 17.0278
0.0804188 0.592951 0.964767
0.116859 0.550144 1.00293
0.317336 0.577614 0.899676
0.207042 0.567534 0.931094
15.7191 -11.6923 25.5638
2.49234 -0.629157 10.184
23.0225 1.26498 19.7068
21.6413 4.51082 13.1173
39.2066 0.547773 1.28307
0.0951285 0.765638 0.412961
0.494886 0.669537 0.641736
0.511664 0.826032 0.408932
0.420802 0.849277 0.210344
0.654025 0.862538 0.267679
0.299817 0.799709 0.318795
-0.0411397 0.828875 0.244727
-0.0390931 0.82278 0.236124
0.302617 0.807344 0.326309
-0.0485236 0.698506 0.535268
9.19515 -6.9024 21.4126
25.191 -8.19172 22.5154
-0.538418 0.351411 1.35728
0.734805 -0.249794 4.71066
-0.574525 0.337084 1.24698
-0.61324 0.463744 1.26037
-1.12598 0.290479 1.48622
18.5501 -10.6622 26.1403
24.3421 1.64371 14.3268
18.1136 -1.96153 7.46984
17.2094 -1.56623 8.46605
13.8532 -2.46508 8.17083
20.6263 6.53772 -3.2228
18.5758 7.53827 -14.2186
18.2612 7.17663 -13.3256
17.5721 5.65559 -4.6431
16.9923 5.92321 -3.92927
23.1001 5.30528 0.742056
0.950711 -1.62203 8.32812
1.38878 -1.71757 8.93028
0.696514 -2.39343 8.85417
2.53026 -2.32366 10.5801
7.5048 2.18754 8.57773
-1.07271 0.682201 0.785793
26.7512 3.32652 11.2809
23.5491 2.74108 13.4602
-0.596397 -0.0931374 6.54337
-1.12847 0.316972 1.38029
0.130537 0.577435 1.03403
-0.923477 0.650111 0.939297
6.91006 -5.65697 18.077
8.02396 -0.799123 15.3774
7.80458 -0.0426703 15.316
8.14343 -11.2804 25.1849
-0.456374 -5.23509 17.0213
32.7156 2.65674 -32.7273
16.0081 2.44458 4.61076
15.1481 -2.49545 7.53132
-0.122096 0.713124 0.664534
-0.510208 0.59807 1.12358
-0.754276 0.711164 0.899216
-0.321541 0.705986 0.515448
0.0337559 0.7176 0.502732
-0.480772 0.689057 0.525797
4.29956 -7.50623 18.9112
-0.596062 0.0618965 20.4206
-1.20851 -1.76882 20.5237
5.71773 -5.17324 16.8477
-0.801251 0.680453 0.91142
-0.293948 0.687155 0.564295
0.185946 0.663453 0.723413
-0.942699 0.723291 0.91711
-0.547789 0.298686 1.45473
-0.273124 0.684277 0.556356
-0.627582 -0.346167 6.48456
28.1566 -8.40436 18.7185
24.232 -6.1445 12.49
0.145746 0.592076 1.00077
7.27191 -0.960768 16.4944
2.24095 -2.85878 13.8651
3.84093 -2.14143 11.8172
10.3286 -0.45486 18.0067
5.03834 -2.39358 11.547
5.06065 -2.45297 11.3569
15.0539 -3.0679 9.20314
15.7984 -2.4346 11.5816
0.496777 0.676286 0.66589
0.666959 0.871463 0.288231
1.24505 0.60692 0.957005
1.37042 0.608232 1.00974
1.37391 0.6117 1.00992
5.06749 -6.45075 28.3347
4.9289 -1.03598 23.7103
-0.689462 -1.31479 6.04349
12.6377 -2.00823 7.38204
15.6732 3.40404 1.81578
16.7636 2.51558 3.96465
12.4719 -1.71495 7.31236
16.7324 2.44068 4.00532
14.2401 -1.55684 8.9993
-0.818449 0.36366 1.21148
5.89523 -3.34607 28.3915
6.94026 -2.79093 26.4428
6.39432 -1.07179 25.6403
5.32831 -2.19404 24.3447
17.0852 -4.88829 25.6969
6.42308 -5.33958 17.6628
14.8612 -2.91641 23.2505
13.2418 -2.04691 7.42346
14.2038 -2.68843 8.46001
13.9952 -2.67995 8.10105
12.503 -1.92398 7.16737
12.4859 -1.69109 7.28612
13.4108 -3.18413 22.0909
21.8364 -8.77759 25.6752
13.4733 1.24635 8.02721
13.9391 2.23581 7.29835
20.2869 -1.67174 8.34809
-0.875918 -5.38469 13.6249
-7.35482 -4.24907 9.579
8.06387 -6.37966 19.8986
15.8766 -2.56068 26.7579
-0.660289 0.71136 0.462143
14.0249 1.21847 10.3291
14.2988 -1.52387 8.94616
-0.518524 0.660638 0.950205
-1.03028 0.576131 1.08795
0.757765 -0.475698 7.90937
0.229506 -4.13584 8.90456
-1.18646 -1.51191 5.35833
1.58719 -0.557209 9.06197
21.3533 -3.49948 14.8493
26.5024 -5.51209 10.571
15.3216 -3.45274 9.17352
22.8025 -5.33946 13.726
15.2461 -4.2013 30.9613
22.9165 -6.44191 24.8396
22.6182 -7.13748 24.6405
-0.91432 0.712207 0.879214
0.196887 0.695386 0.591158
-0.160619 0.727933 0.473104
12.4296 -3.67449 29.9269
-4.84314 -3.86903 9.36937
-0.425127 0.354391 1.43837
-3.51144 -3.45435 10.7884
-5.03251 -2.96038 9.15422
-6.70675 -5.10395 10.3951
1.4468 0.616754 0.87605
-0.319702 0.255384 5.91316
0.792361 -1.02033 8.19722
1.60458 0.705561 2.76898
27.7481 -4.10565 21.2692
-10.8378 -0.845657 9.60552
-8.04072 -0.550101 7.15051
-7.96849 -0.539131 7.11056
22.9875 3.11683 13.837
24.4822 -1.11199 20.0837
18.925 -0.994907 23.8073
-0.697503 0.605994 0.961565
-0.240738 0.253213 6.43968
-4.56862 0.957216 4.59862
-4.61964 0.981308 4.67388
-0.872034 0.452004 1.13657
-0.394666 0.389298 1.80549
-1.06248 -0.136204 6.86486
16.5495 7.32811 6.16009
12.4249 -0.492916 8.89791
14.2861 1.60898 7.67962
-0.720093 0.223783 1.74854
22.1344 1.11458 14.2322
26.0596 0.635431 25.0664
24.4621 -1.5114 20.2835
25.7754 -0.280741 23.4475
22.4392 -9.58664 25.2658
39.8202 0.306682 22.6016
6.67799 0.750075 26.68
25.5351 -4.19387 23.4804
21.9192 -0.816207 24.552
25.6232 -2.55655 20.6757
22.3266 -7.19286 18.1966
22.984 0.662347 19.0578
22.0574 -7.33176 18.6426
26.0192 -9.12504 21.1066
14.7191 -2.05518 26.1669
13.8869 -2.66214 22.4904
8.50847 -2.9254 27.2573
0.706148 -0.535833 8.02524
0.398737 0.50369 1.09531
-0.0488457 0.700386 0.539337
0.0594047 0.763797 0.400738
0.315522 0.696584 0.598689
0.618026 0.713487 0.535131
1.87494 1.12727 2.38498
0.667468 0.616056 0.866667
-0.631997 -0.832557 6.26197
9.29556 -1.17692 17.974
1.54019 0.545973 1.0969
3.03188 0.560523 2.77176
0.518609 0.303918 1.69067
0.211717 0.440072 1.28912
43.0196 7.22042 0.209419
23.057 -7.74591 22.5074
25.2466 -7.06136 16.6075
22.4396 -0.826355 27.9745
20.6213 -0.912295 27.8212
20.4068 -0.740811 23.9414
-0.673993 0.448259 2.24897
0.664919 0.608388 0.852606
21.6889 -7.93677 17.0443
-0.645106 0.481574 1.29087
-0.239568 0.673424 0.591626
0.435878 0.788941 0.425802
-0.856084 0.345509 1.19632
0.270459 0.381114 1.43001
0.0962231 0.77331 0.376782
27.0995 1.93882 11.5391
25.6095 5.13171 9.17323
-1.2844 -5.2991 13.8707
0.233831 0.629206 0.752843
0.0132758 0.625497 0.734563
-0.816245 0.685183 0.933916
3.17368 -0.555294 8.81933
7.27302 -0.930336 14.1001
-0.951335 -0.517712 6.46509
0.57234 0.492536 1.12618
1.83436 0.258856 3.22846
32.5638 -5.44483 5.70057
1.53981 -1.74881 10.7121
2.5387 -1.32959 10.1786
14.3925 -1.73404 9.05178
14.6153 -3.73461 9.55174
20.8485 1.83542 16.2297
15.8097 -1.82078 11.7341
23.9724 -6.19294 12.8011
20.56 0.600953 17.981
27.6329 -0.447108 3.71251
0.379783 0.655032 0.804003
0.415886 0.649654 0.73695
16.8173 -9.6443 25.4824
15.7866 -4.04984 29.5944
10.3996 -7.18591 28.2381
18.3434 -8.94632 27.015
12.391 -3.36193 23.7375
-0.0464775 0.493353 1.07769
0.890417 0.708382 0.605712
6.55502 0.398223 13.2449
7.25668 -2.81315 26.5551
24.8816 -0.853906 22.2699
13.8898 3.38 9.2521
22.4683 -1.09422 19.2849
20.6125 -8.07762 15.1827
14.4937 -12.9413 26.4143
-0.780951 0.376495 1.27125
0.771298 -0.0268139 2.71129
11.3275 -1.86409 21.4732
7.40246 -1.70832 26.8331
7.37951 -1.84667 26.6553
4.22773 -6.21726 18.1675
4.22535 -5.58152 18.6815
0.786413 -1.08171 20.49
0.996249 1.05069 2.85227
0.841561 0.536388 1.07662
13.4763 -1.31013 8.29242
13.1873 -1.22057 8.55463
5.62181 0.347082 24.6332
39.8872 -0.233412 20.0878
21.9452 -7.616 22.234
22.5997 -5.80596 25.0301
20.3579 -5.2215 26.8293
24.6027 -8.68031 21.3879
24.5125 -8.60453 21.3678
24.9693 0.613035 23.5026
25.4725 -1.19275 22.9296
20.9372 -6.87895 15.3038
33.4707 -3.10672 10.199
22.4847 -2.99517 13.8565
22.0216 -2.56183 14.8974
1.69606 -0.187572 8.89827
2.42636 -2.33206 9.30415
0.190559 -4.19066 9.0058
0.764918 -2.27573 7.64656
-0.174161 -4.15859 9.69756
0.500627 -0.188992 3.94784
3.07716 0.196383 2.79882
0.51067 0.815873 0.398929
-0.348713 0.472752 1.27376
3.38415 -1.79639 9.56549
0.924856 -1.98817 9.0819
0.488928 0.720733 0.560264
-0.0883294 0.765647 0.34372
0.512262 0.823305 0.405664
0.498277 0.800781 0.376062
13.83 3.33388 9.22677
0.384918 -1.03094 9.38442
3.35674 -1.81414 9.89895
13.026 4.77296 8.29541
5.79376 0.940179 12.9497
23.0308 -8.1772 19.3877
20.9344 0.423613 24.0321
23.9626 1.77666 22.4014
0.133892 0.608529 0.801833
4.16629 -1.46587 10.7944
1.88066 -2.75795 9.01112
12.1397 -2.74935 20.0269
10.3906 -5.92099 29.556
4.58889 -4.97092 19.5935
23.6689 -3.0074 12.5923
20.6137 -1.24402 16.4239
26.4755 -2.26572 10.2081
23.1959 3.3568 13.4244
26.6339 -6.29976 8.90005
23.0266 2.63737 13.6403
2.32188 -1.13207 9.93018
1.91407 -2.03982 9.76049
16.9303 3.75032 17.3688
17.2051 3.86109 17.5899
1.57833 -2.6398 8.68449
9.84144 2.913 13.6544
2.80793 -8.07889 22.1703
4.30599 2.08071 11.4592
22.237 -0.780218 24.8988
16.9178 3.741 14.877
1.37548 -0.474063 9.02919
27.0652 -6.5747 9.33264
41.5967 2.92844 0.638157
3.45808 -1.21224 9.86823
2.94712 -5.00719 16.5479
0.382531 -5.55476 15.3584
2.39228 -2.43854 10.0735
5.49098 -2.83479 13.0608
4.86359 -2.4475 11.4529
12.3181 -1.23479 7.02701
12.4129 -1.24767 7.06863
12.6631 -1.97716 7.31079
21.036 -5.41346 32.7468
19.6259 -8.27642 27.0524
1.98707 -1.37986 9.73589
4.18563 0.323044 10.4289
0.966351 -1.97408 8.99398
0.549353 -2.93002 9.17958
21.1857 -0.836929 23.7694
4.27034 -2.59498 12.4122
12.8983 0.27956 14.2743
23.2034 -5.00113 24.6655
24.9952 -8.83143 22.0354
24.8562 -9.20139 21.5579
13.8764 -12.2669 24.7629
11.7811 -11.2944 24.2593
13.0639 -2.84437 21.4667
13.9833 -1.17694 25.2318
12.9829 1.83726 6.9108
15.627 -2.22254 11.4304
11.9695 -2.88927 29.5555
6.16337 -2.35953 25.1721
13.6679 -4.19654 28.423
2.37345 -3.49572 22.2313
3.77911 -2.59126 23.2764
9.05166 -0.245722 29.0159
4.31755 -1.78442 23.3913
17.4351 -0.656589 25.696
6.58729 -1.24642 26.2009
22.3714 -7.70409 22.2451
14.264 -3.18511 28.6092
13.9827 -6.7759 26.6363
20.7893 -10.1886 27.0739
20.6069 -10.1033 26.8804
21.0782 -6.65947 26.0301
8.94366 3.29108 11.7947
8.72521 1.90968 10.4922
7.54765 3.81669 13.5897
10.8286 3.51747 12.0673
18.7101 3.67018 15.8549
20.8794 1.33449 16.137
13.2799 1.89493 9.49613
24.1937 -1.22356 15.204
15.2537 2.28213 12.0968
12.4613 -1.0569 7.68539
13.8415 1.42335 8.44851
44.0141 14.0838 3.39216
11.8828 -1.59889 6.70353
14.0394 -2.35064 8.42791
1.23483 -2.8331 13.9808
3.70816 -1.90154 9.92758
-0.517349 -2.37365 13.6387
1.65936 -7.58645 17.1763
3.14504 -8.6273 19.7652
0.0065322 -5.125 16.4881
5.71272 -2.75085 12.2099
10.1844 -1.79129 17.827
4.66901 -3.03164 13.2706
9.19997 -9.99856 25.8848
10.417 -7.33069 22.9882
22.809 -6.30321 24.715
20.6346 -8.19778 26.8712
11.2442 -9.12974 23.8342
23.8124 -1.24258 15.1333
25.9891 1.18171 24.1436
24.5462 -7.95332 22.2094
12.0957 -2.85687 20.3555
23.7076 -9.45613 22.4257
11.0962 2.52414 15.6784
2.24558 -0.934271 10.0342
4.91227 1.92487 11.8911
0.555858 -1.53228 11.1175
4.53877 0.956457 11.0979
7.35208 1.84418 16.3648
4.89712 -0.074099 11.0842
0.513412 -1.53512 11.1387
8.65012 0.93238 16.8889
8.32628 0.803658 16.1765
4.84656 -2.25077 10.8975
9.8143 3.09001 13.1874
8.64362 -1.41142 18.3443
11.068 -0.202446 16.0883
2.89374 -6.64013 18.0495
-0.236983 -5.25264 17.0785
21.7921 -1.78574 17.9842
23.6969 2.44644 14.0979
32.6157 7.41324 7.75098
5.24385 -2.69537 12.1139
7.74438 -0.961476 15.3101
4.61216 -2.99317 13.5464
11.4501 -0.0924314 16.7298
0.647039 -2.88194 14.3367
4.10071 -2.40615 11.861
37.3736 -3.73964 1.79566
27.089 -5.19104 9.13454
34.549 -0.205626 -3.96753
21.1933 0.637232 15.9142
20.9223 -4.55061 14.5878
24.1775 -6.30915 12.0266
4.56119 -1.63925 23.6332
8.38697 -3.26922 27.764
14.1123 -2.84327 8.28152
14.3266 -1.75237 9.59611
14.4109 -3.37071 8.02027
13.9735 -2.57503 7.69292
14.0534 -2.82555 8.02782
1.03605 -0.420102 8.39851
9.87141 2.06708 14.9291
6.06196 -0.93842 12.6849
6.1048 -0.925622 12.8556
4.85469 -2.23937 10.7704
9.94791 1.7081 18.7773
-2.52327 4.78969 13.9268
5.42798 -6.4258 18.8394
7.34572 -6.69506 19.1794
6.40947 -5.35092 17.678
20.8903 -4.87863 15.7517
17.4972 -2.29256 10.572
22.3667 -2.44276 13.8678
4.75497 -2.96543 13.4858
4.36339 -2.82541 12.6556
2.56331 -3.17135 9.83444
2.00443 -2.66515 9.21686
0.821585 -2.23746 7.93495
-0.273358 3.53119 15.5819
1.54727 -0.541516 9.12059
1.8741 -1.04343 9.51509
26.4566 7.20358 -3.08791
12.09 -0.782721 18.0348
21.1691 -4.93886 15.9914
32.7974 -2.52461 29.1939
24.3892 3.86403 9.4133
37.7276 -4.64053 2.21253
1.42402 -0.494854 8.97394
11.957 -2.87873 29.4999
8.88989 -6.55766 32.7889
11.2429 -0.248717 24.8128
20.4202 -0.923996 24.0451
22.5261 -3.76086 25.1748
7.55348 -2.16137 26.5399
17.5217 -3.36884 30.3784
17.2202 -2.77628 29.9743
14.0642 -3.71275 22.6163
11.1206 -7.79746 24.4696
22.7422 -0.946076 27.8408
21.4487 -1.43414 25.2939
15.5967 -1.67955 27.3949
16.4859 -2.30403 27.5923
8.3989 -4.48024 30.0927
20.8796 -0.789326 24.3533
24.0248 -6.23117 11.8593
41.3268 3.21855 0.352363
22.6854 -4.60514 13.6341
31.9021 -1.46636 23.6376
34.2604 -1.92068 24.2755
2.59471 -2.21432 21.3527
5.97589 -4.56184 17.7147
0.743339 -1.69577 11.3875
12.0591 2.82819 5.21469
14.8802 -1.8449 9.8527
15.0951 1.13759 11.6195
13.3463 -1.27376 8.74552
2.25599 -3.15984 15.0234
4.97091 -1.82492 11.6007
2.1032 -0.833875 9.89376
2.35434 -3.71527 22.2273
2.28904 -6.30223 17.4197
5.60926 -2.77091 12.2481
5.56116 -2.90898 13.2522
0.368015 -5.45675 15.3263
10.9855 -0.0953018 23.4533
10.3802 -2.00709 18.6502
12.3829 -2.77874 20.7303
-0.0829998 -3.80418 17.2653
0.920835 -4.01696 22.4681
4.43242 -4.65768 15.4423
2.68921 -2.60989 13.4304
26.9757 -5.64469 10.1215
30.461 -4.69645 6.84276
16.7946 -3.95995 12.0491
14.3482 -1.74438 9.59155
14.6781 -3.00574 8.90026
22.4852 -1.75806 13.8876
6.97677 -5.66811 17.8745
-6.55677 -1.49937 11.7145
-6.33179 -1.41375 11.4316
1.40121 0.86482 2.75291
0.686929 0.286309 1.74101
0.711134 0.033262 2.75326
1.40651 0.872513 2.76762
0.761205 0.266527 7.8347
6.3876 2.48229 14.5392
4.38478 -0.295791 11.0032
1.73767 -0.355467 11.1953
2.16179 -1.71382 10.2844
0.538147 -1.1486 9.8431
-0.841782 -5.47895 12.7973
1.59587 -2.52477 8.72246
13.7855 -3.17272 25.7809
8.36473 -6.29986 29.4199
22.2294 -8.63908 25.0796
21.048 -7.98364 26.8105
13.9069 -3.28089 26.1279
3.47667 1.1978 10.4694
-5.50194 -1.84748 12.6446
-5.0361 -2.56605 9.72904
-4.33584 -4.92226 10.4347
-2.44201 -5.79703 12.3795
4.33156 -2.68665 12.1552
5.21474 -2.6184 13.3292
17.9961 -13.5641 27.711
5.70317 -2.13225 12.5463
4.54146 -2.43122 11.0829
4.41536 -2.23564 10.8132
-2.22202 -5.04455 17.2998
5.69347 -2.15843 12.4275
-2.70147 -5.15739 17.869
2.52025 -2.48327 12.9263
3.18852 -2.79952 13.9216
-0.111971 -3.15127 16.9389
-0.0191275 -2.91953 14.4537
13.5554 -2.11394 7.78641
15.0688 -1.93482 10.0572
13.1455 -0.868688 8.60466
14.0886 1.55965 7.63079
14.0827 1.54333 7.63175
3.73434 0.990917 10.4909
2.27241 -2.03654 9.61181
0.634942 -1.02407 8.2383
-5.37638 -0.919418 9.9286
-4.76607 1.1064 9.4078
9.16814 -7.29793 21.4941
21.1283 -5.42278 26.9551
-0.501529 0.764055 3.87871
18.7386 -6.01887 34.7629
1.68764 -0.598627 10.5923
-3.36165 -0.523857 8.09106
-4.32326 1.43405 9.49243
0.591416 0.258152 2.74888
-1.20527 -1.5198 5.3989
-6.65642 -5.41948 10.2985
4.81192 -2.28146 11.0623
15.8584 -2.67307 11.574
16.5481 -2.53775 11.5016
1.67852 -0.498043 8.96887
0.645413 -1.52184 7.96667
0.0396458 -3.35827 10.5919
13.1942 -1.74572 23.883
15.7366 -2.49647 11.228
6.77183 2.7875 13.6795
6.43844 2.4957 14.6483
6.12764 -6.98336 19.754
7.09792 0.47524 26.9288
13.0909 -4.82785 27.7085
1.27272 -0.924933 8.73118
4.76138 -2.20841 10.5959
15.2535 4.6158 14.1168
1.06576 -1.76152 9.74456
1.20418 1.9517 9.99821
1.20544 -0.819457 8.68419
12.03 0.156715 22.4722
6.42063 -2.6285 25.7067
6.151 -2.30593 25.1532
17.0344 -5.72308 31.3479
10.6229 -0.437909 25.7528
2.2876 -2.2551 10.2398
2.36769 -2.84011 9.55223
15.5085 4.64394 8.32561
23.8962 4.97572 0.873789
7.55916 3.76904 13.5368
5.97112 -3.13697 12.9228
12.4646 -1.94373 7.2096
14.6736 -2.17513 9.23136
1.643 -1.52934 10.6579
1.63094 -2.53581 8.63302
2.62618 -1.11847 10.3639
8.97149 2.01086 10.8346
22.0096 -8.48186 16.0803
22.9758 -8.31449 19.4066
10.1238 -3.85178 32.0318
15.6167 -1.75825 27.6273
13.8639 1.32616 10.1061
23.1602 -2.68885 14.9265
23.7004 1.18408 15.9685
4.79494 2.95078 12.4907
0.336652 2.82295 14.0803
21.1912 -8.8879 20.9295
12.2797 1.36306 20.546
2.3221 -1.14168 9.90129
1.03638 -2.4759 10.663
3.87537 -2.22049 10.9789
15.7225 -11.7818 25.6598
0.542381 -2.49832 9.1238
5.02046 0.111974 11.6276
2.29103 -1.35855 9.88856
31.4115 -6.27555 6.7447
23.3706 1.62326 15.8036
24.1466 1.31101 22.7722
0.333666 -6.02914 15.1069
3.92391 -3.13186 14.5361
12.0836 -8.51575 23.2011
14.3016 -4.17448 28.6806
20.9129 -0.632367 24.8452
24.7419 -9.75234 25.1708
21.032 -1.34803 17.2295
20.7181 -0.762067 24.6378
2.15181 -2.82203 14.0007
0.580643 -3.82014 16.3984
11.3332 -5.90319 27.3716
8.50498 -1.03164 16.0035
5.61391 -2.75724 12.2524
4.3045 -2.68718 12.2314
0.205515 -3.19284 16.374
7.6787 -0.641885 15.4623
2.78856 -5.00235 16.6039
4.19008 -3.22404 14.3245
-2.05814 -5.01374 17.1761
7.89178 -0.551756 15.2996
10.4576 -7.32852 22.8921
3.97483 -2.29915 11.9622
23.351 2.86812 9.23787
23.3933 2.90067 9.20683
2.49135 -2.22383 9.81016
0.704677 -0.529855 8.03027
2.43386 0.223253 11.7047
7.77206 4.12185 14.6047
5.9156 -0.0378978 12.967
15.4186 1.26224 23.1717
17.4207 3.64844 -7.47338
11.6225 3.76707 6.0711
14.0324 1.95129 7.48257
14.385 2.33618 7.48738
13.8158 1.32741 10.0687
18.2528 7.28796 5.11619
10.354 0.32167 25.8922
12.1877 -3.02522 23.4252
26.6362 3.55654 12.2889
25.1499 -5.19674 22.5749
21.3165 -2.88774 16.3314
27.6446 2.15639 11.3474
23.3464 2.87148 9.23188
22.0049 -1.40056 24.965
23.4014 3.44655 13.7492
5.57026 -2.93628 13.1931
2.92045 -6.4899 18.2485
4.84157 -4.90821 19.499
20.0119 -3.6066 10.1991
17.9264 -2.8125 10.891
14.5584 1.87108 7.42559
17.8779 -4.13194 10.9282
14.9592 -1.92626 9.6139
14.2689 -1.52151 8.94478
14.2488 -2.04828 9.90896
16.9839 5.89752 -3.85272
6.39363 -5.35946 17.7408
2.01378 -2.89427 9.12728
2.25367 -2.77506 9.30546
3.46192 -1.22182 9.84761
2.25422 -1.43878 9.89504
21.3176 -1.92658 5.08044
17.2033 -2.74859 12.0228
22.7332 -4.60672 13.7178
23.6452 1.21712 14.1374
18.4332 -1.39322 8.01643
1.69684 -0.354357 11.1909
1.20847 -1.77976 8.70498
0.531716 -1.14856 9.87447
13.5005 -0.0547249 14.4904
7.52493 1.94711 16.8021
14.4737 3.98838 17.5829
4.21422 -0.0087908 10.8245
0.942391 -0.224164 8.30494
4.16187 -1.52472 10.2657
2.75383 -0.300706 11.9177
2.36584 -2.154 9.57607
0.35125 0.519112 8.53673
2.42935 0.203388 11.6615
2.45264 -1.77099 9.6058
2.08248 -1.71669 10.4628
0.912683 -0.213392 8.3456
17.2553 -1.86873 27.3356
12.7257 -8.23601 22.7618
24.7302 7.74019 -2.99507
12.5186 -1.2994 7.13428
12.7513 2.13035 7.10741
17.2328 5.41909 -4.14168
13.9658 0.791462 8.23448
14.6254 1.32165 7.96912
14.4612 2.07063 8.29146
17.5078 7.08913 5.47132
0.943901 -0.824838 8.30437
8.85982 -1.4271 28.7825
0.87334 -2.20612 7.84534
0.870579 -2.20834 7.85917
0.9861 -3.79818 16.6483
0.381743 -5.01818 15.4117
1.30976 -6.88016 16.637
0.96272 0.435674 1.3607
0.257466 0.627301 0.797662
-0.800245 0.170881 1.47516
18.248 5.12573 -1.42578
25.2598 5.37093 -5.80912
24.9099 5.25134 -5.4142
0.00869483 0.62561 0.735595
-0.0766066 -0.113128 5.2083
-3.28148 -4.21157 12.2652
2.04004 -2.74613 9.26146
0.131244 0.615121 0.804338
0.0440068 0.646052 0.702824
0.659622 0.345236 1.64507
-2.10847 -0.708331 7.01073
4.1009 -1.92226 9.97954
0.78842 0.470048 1.26878
1.12598 0.209151 2.78635
0.247816 -6.1148 15.2002
13.2415 6.33218 8.83561
0.207934 -0.11637 5.28799
0.851214 -3.26842 10.5726
-2.71676 -4.9224 11.5425
2.54902 -0.977943 10.177
0.74439 -3.68338 10.0192
-6.15024 -2.94265 7.82355
0.698784 -3.36751 9.31604
0.224233 0.563202 0.926238
21.1282 -6.33978 14.3757
3.94935 -7.02841 19.1863
18.7147 -6.76943 27.9752
-0.251969 -1.10751 7.11304
0.0146145 -4.50618 12.2562
0.764952 -1.61637 8.20169
0.355379 0.669444 0.678907
-0.168641 -0.241478 5.97219
2.55342 -3.12938 10.1058
0.672727 -2.02877 7.16282
2.11036 -2.08393 9.50587
-0.265968 -1.04979 7.0139
12.6704 -3.42594 23.4015
7.2542 -2.76043 26.4797
8.36187 -3.21609 27.9339
-3.30851 1.08853 7.72351
13.6314 -2.39322 7.82258
14.8699 -1.92893 10.1081
13.8983 -2.49462 7.44529
29.0976 5.12615 7.12232
35.7687 3.91747 -0.821003
27.7317 5.1868 7.79563
40.1758 2.33424 2.62265
0.670681 -1.00557 8.18127
0.686741 -0.654234 8.04942
4.17929 0.354248 10.3277
-3.48833 -3.84528 11.6008
1.28639 0.868198 3.24627
0.795829 -1.16312 7.94406
0.60352 0.254499 2.72302
3.33556 -1.82742 9.90065
0.902192 -2.35032 7.60765
11.7489 -12.866 26.2982
17.1519 -5.76501 31.8842
17.8482 -4.7515 27.0819
21.9059 -10.0102 25.3458
0.678115 -0.0523152 7.98418
4.46849 -4.64571 15.2762
14.6527 -1.85594 9.86899
13.3106 -1.63399 6.33398
0.135932 0.609122 0.813919
14.6598 -3.58798 9.6188
22.5039 -3.58587 13.8252
0.0878482 0.623926 0.763687
-0.461437 0.34355 1.55127
-0.66502 0.213203 1.30365
-0.701517 0.194789 1.34037
-0.828658 0.292557 1.32947
-0.0214724 0.642506 0.683222
-0.027204 0.643929 0.689778
0.252006 0.629604 0.761268
0.505209 0.218293 1.96755
0.522162 0.216398 2.01024
22.2403 -6.27115 13.5746
17.9733 -3.64707 11.2879
22.5638 -4.07261 13.7567
0.212276 0.698365 0.718341
0.211391 0.697655 0.716251
17.1478 -14.1221 27.4684
12.2159 -13.3318 26.6026
22.4286 6.16163 -0.265352
19.9314 5.83129 -5.62914
15.2611 -8.53886 29.2227
27.7309 -2.4743 29.8861
8.23838 -6.25286 29.5601
7.88419 -6.0246 29.4861
0.132464 0.545343 1.02778
0.13261 0.657063 0.682536
0.271759 0.680709 0.762015
0.264954 0.540648 1.01269
-0.029808 0.680025 0.610917
0.433699 0.551234 0.977546
0.13645 0.608523 0.812796
-0.468113 0.322798 1.38799
30.8392 -3.25773 7.1719
21.5124 -4.59978 14.2607
-0.4913 0.555788 1.16126
2.00577 -4.65103 21.4061
4.15338 -6.23695 18.2299
0.425074 -0.0506194 5.18745
-1.60379 -5.15219 12.2378
11.7617 1.20338 20.3718
1.92238 0.298233 2.9069
-0.27456 0.449531 2.27256
-0.362491 0.482673 1.44331
-0.739819 -0.590768 6.08735
-0.14299 0.564289 1.80347
-2.45613 -5.80062 12.3627
-3.44019 -6.12569 12.5865
-1.77013 -5.31051 14.0021
-6.90104 -4.69902 9.72947
-3.68151 -0.416248 8.39414
-4.26568 1.01374 7.60837
2.27395 -8.72618 17.6882
-8.73555 1.07763 14.241
1.05784 0.375019 1.57002
1.32073 0.340151 2.89839
-0.821687 0.242457 1.7429
-6.47329 -3.03077 7.58341
0.0578188 0.573456 0.934727
0.0444522 0.645583 0.70418
0.408213 0.650961 0.763433
-5.2892 -3.26523 9.47865
3.99895 -2.20976 10.8283
2.07909 -0.0260445 11.3295
2.02364 -1.37721 9.68368
3.60378 0.0637552 10.2612
9.70971 -1.42862 17.4516
1.11487 -1.22308 10.0946
2.45048 -2.08484 9.60002
3.99772 -2.21312 10.8175
2.46875 -2.12376 9.91516
-0.570195 -2.87188 12.2128
9.39687 2.87741 7.37192
1.33113 -1.70589 9.08396
0.695761 -2.43694 8.93596
6.21976 2.32285 13.9439
6.26347 2.35031 13.9927
13.3285 0.963102 8.06902
5.41706 2.07478 12.6149
8.58129 1.85512 10.4448
2.63423 -2.40175 10.1466
1.71202 -0.182119 8.89636
0.348684 0.590189 0.889117
-0.0306644 0.653053 0.675619
20.7186 2.22734 15.5325
21.6421 -2.77012 15.1085
43.19 1.76671 2.12463
40.1496 5.64121 -0.624379
41.5308 6.00918 -1.57346
23.0677 6.30414 -1.37563
13.2159 -7.78575 23.7284
9.96364 -3.79576 31.791
4.22589 -0.827387 23.4935
12.4474 -0.0918432 23.5961
24.6584 -9.446 21.6752
15.1033 -4.60988 29.198
21.1743 -1.15459 24.5087
24.5229 -8.58058 21.3795
24.1628 -1.35951 19.9658
0.587853 -2.86013 23.2508
5.6522 -6.74907 19.6706
4.67195 -0.720164 24.2025
10.2994 -2.19658 18.3025
11.1482 -0.509875 21.073
4.27534 -6.89387 19.2466
1.35849 0.939051 22.2627
0.962735 -2.89165 14.0624
4.47595 -4.75305 15.7088
12.5295 0.0274947 15.7389
3.24313 -2.83025 13.7549
7.86873 -0.585368 15.2339
6.32994 -1.92587 25.8424
5.46632 -0.853115 24.9311
10.4474 -0.902215 25.8809
2.55196 -2.1916 21.5238
4.93062 -0.0256368 11.2559
6.80139 0.93506 13.1319
6.08704 1.28042 12.3579
12.6994 3.00431 15.2245
0.535737 -2.22784 10.5044
0.854254 -2.50567 9.11601
4.18327 0.357355 10.4204
6.52242 0.605927 13.7112
-5.20415 -2.80863 8.67472
0.145664 -3.87876 8.885
0.738726 -0.245272 4.68815
7.59869 -0.73228 15.3024
17.7778 -6.90596 28.73
15.4412 -3.05104 9.18007
18.266 4.15378 3.1936
14.2636 -1.72119 9.11025
21.5295 4.82422 -2.82754
12.5624 -1.10776 7.72974
5.53656 -0.796735 24.854
-1.04385 0.53088 1.15566
20.1732 7.9233 -4.25724
13.3157 -1.71436 7.4106
14.3632 -2.95427 8.3057
20.5636 3.04308 15.9655
14.3113 1.67146 7.54471
13.8905 -2.91997 7.55263
13.1237 -2.29437 10.0119
12.588 -0.853752 7.33867
14.9425 -1.92832 10.592
-0.669372 0.467273 1.14799
-0.338008 0.720309 0.507921
0.10085 0.632088 0.776943
-0.177751 0.622277 0.690718
-0.75691 0.703967 0.894007
20.7139 -3.70616 4.25401
15.8125 3.11959 13.1878
13.431 1.85113 9.70227
14.2593 -1.29004 8.55932
22.1677 -5.31525 24.7792
38.0771 -4.97641 1.65558
21.0613 -6.5177 14.9542
28.3666 -3.96299 23.5905
25.1327 0.194987 21.5646
-0.822476 0.394182 1.34284
0.378558 0.452078 2.28063
0.0536196 0.406402 5.16449
-0.450436 0.469747 1.28159
2.05972 -2.69684 9.14746
4.94349 -0.0398049 11.3769
8.98656 3.14493 14.179
0.858485 -1.90097 11.3101
7.81066 4.11784 14.2123
9.28978 3.58317 12.359
0.682713 4.5029 14.1134
4.08738 -1.94768 10.1602
7.92336 -1.22849 15.3414
-3.78008 -0.409192 8.55756
2.18814 -2.04669 10.0008
19.864 -2.66904 13.4311
21.8838 -2.62945 13.8292
31.0871 -5.45573 16.4228
18.8952 3.0264 5.06536
18.378 5.42821 -3.78215
1.73796 -0.555011 11.7141
14.3093 -2.47692 8.85865
19.1352 3.83433 -5.83396
13.9036 -1.90275 8.36098
13.8841 1.84517 6.34536
14.4726 0.00126793 10.4627
19.9147 3.05914 15.4968
6.05103 -1.77913 24.8918
16.9976 -2.765 29.2578
0.652521 -2.09427 7.47501
21.8025 -1.82446 4.75502
18.3013 -2.78264 10.9349
23.3176 -2.20262 15.1412
23.3418 -2.21345 15.1063
22.3074 -1.22978 13.9385
21.2206 -0.983952 15.6419
0.332167 0.751639 0.434676
4.3336 -7.01795 19.0708
18.2293 -10.1178 26.4311
16.0972 -14.9364 27.2512
22.1182 -3.83118 24.7759
17.4074 -14.4162 26.7613
12.728 0.232021 14.74
14.2045 -1.6711 8.82931
4.33753 -2.51497 11.3051
26.273 -2.30878 10.2617
27.1039 -5.13947 9.65375
-0.165774 0.534263 0.975949
22.9977 -6.21761 11.6276
0.488067 0.672728 0.663089
-0.650808 0.690088 0.681717
-0.0118456 0.642496 0.733539
-0.666345 0.506667 1.04061
20.9252 1.25144 -16.4485
19.5689 3.1545 3.21607
21.6852 4.87354 -2.95189
12.3855 2.84158 7.01419
13.1941 -1.21496 8.55517
14.1947 -1.91006 9.01606
-0.715633 0.59858 0.977611
0.615367 0.575855 0.959546
-0.0423861 0.410687 1.4951
5.14755 -3.01944 15.9288
11.1556 -0.170539 16.2306
2.48269 0.225072 11.68
3.48754 0.896509 10.4648
0.215034 0.721618 0.597648
-0.387796 0.451809 1.31167
4.83174 3.00107 12.6246
4.57302 -2.92877 12.61
21.0823 0.71616 16.1865
22.1466 -7.37409 18.3951
25.4078 -7.46526 16.4556
21.3024 -1.12152 28.6953
-3.25474 -5.05827 11.8914
27.5839 -1.21375 3.56072
17.1156 -4.46097 12.0554
18.0201 -3.62599 11.3153
0.237557 0.597402 0.852577
-0.339402 0.473423 1.25957
0.172554 0.650567 0.704964
0.138001 0.609854 0.809707
0.155466 0.591457 0.858356
-0.717386 0.470806 1.07696
0.220892 0.5638 0.93863
0.135819 0.607101 0.815835
-6.63501 -4.57764 9.41228
-3.53151 -3.4425 9.90003
22.3213 -7.21305 17.3526
15.7172 -1.47754 26.8779
15.9619 -2.5 26.914
7.26224 -7.1932 30.7376
18.4287 -0.929879 24.2472
10.1782 -3.76087 32.6462
4.69188 -10.2857 20.9005
0.394774 0.572248 0.918161
0.546649 0.770217 0.545972
0.156206 0.747272 0.511785
22.6537 -4.78264 36.9091
8.39421 -7.31942 20.7219
8.40857 -7.31939 20.726
21.7037 -1.51056 28.1992
-0.260742 0.743015 0.369201
0.388309 0.664766 0.81756
-0.427953 0.447196 1.31972
0.3956 0.750712 0.479033
0.28146 0.472739 0.868618
21.113 -5.24004 26.6836
0.83956 0.442807 1.46373
0.75464 -1.48305 7.94838
-5.50565 -3.00795 8.97536
-0.762153 -1.08782 7.4075
0.329715 0.653109 0.880422
0.343062 0.675951 0.655883
2.30779 -3.14132 10.5286
0.437674 0.55087 1.00085
0.163961 0.712089 0.663762
4.10649 -5.8177 18.0964
0.793339 0.0101868 2.71808
7.72249 -7.87962 21.2576
11.0758 -8.28572 21.1776
2.43132 -7.42934 18.2094
0.356433 0.665228 0.814834
-0.49822 0.541016 1.17269
-0.386346 0.319355 1.97882
-3.58666 -3.2461 11.7961
0.23617 0.630191 0.754126
-4.23848 -4.55997 9.62573
13.4628 -11.3784 23.9981
-0.0750225 0.615172 0.772542
-0.436704 0.519663 1.14435
-0.017136 0.638132 0.712523
10.225 -9.30516 25.178
0.116252 0.582287 1.02363
0.175267 0.465977 1.21571
0.0112314 0.619897 0.890083
20.698 -3.19135 16.4267
23.3027 -6.45633 19.604
22.2238 1.01106 15.8248
23.4914 2.23522 13.9495
23.8664 -2.81991 12.3486
0.000182661 0.63274 0.720187
-0.514002 0.30052 1.34578
0.324858 0.64642 0.853235
0.0321171 0.650513 0.685697
-0.64402 0.444124 1.29077
9.44724 -9.83517 25.5745
-0.369361 0.589592 1.21012
0.615607 0.679661 0.680249
16.2087 -3.09502 11.3866
13.7149 -0.323284 2.98141
12.6436 -1.74955 7.51023
0.123739 0.749581 0.437973
-0.0500528 0.647085 0.822053
0.0819781 0.636276 0.469111
-0.777014 0.570092 1.00451
-0.077977 0.560537 0.922811
-0.958836 0.587586 0.981924
26.3706 -5.4064 10.7531
20.2469 2.67139 15.6298
22.0949 -5.07572 13.2943
26.7052 -5.41067 10.7819
13.0239 0.228927 8.80957
8.76377 -6.65075 20.8479
-0.0962606 0.664257 0.762141
-0.00233637 0.741929 0.465338
-0.171711 0.574001 0.894721
0.0808791 0.755314 0.404399
-1.14922 -5.36879 12.6549
4.11204 -6.25459 18.2811
9.78992 -1.19919 30.331
9.88004 -9.08709 24.7579
14.4054 -2.46785 8.81538
14.3388 -1.749 9.59313
22.7284 -6.37139 12.544
26.9166 -6.05067 8.96093
-0.376261 0.474156 1.59965
1.98593 -1.37577 9.81444
-0.199266 0.72284 0.498274
-0.480352 0.530907 1.1415
0.155683 0.669111 0.6449
34.1211 -0.625403 26.5313
19.876 -8.23318 26.8686
19.5998 -5.84592 27.2221
2.89068 -4.98181 16.4476
2.22574 -6.00329 17.1849
1.01492 -3.06474 22.6792
7.06937 -6.79268 19.123
0.884183 -2.38974 10.9795
14.4584 -1.73545 10.0405
14.65 -2.19303 9.23956
15.3068 -3.68647 9.03789
15.1224 -2.6992 9.91378
14.6438 -3.64471 9.75328
14.386 -1.73123 9.06282
18.5364 -2.60288 10.8071
14.3276 -2.92158 8.41957
14.6893 -3.02638 8.89435
-0.474167 0.296258 1.39961
21.2047 -4.06159 16.0031
30.8548 -1.48368 30.3759
30.5607 -1.5228 30.1214
31.1658 -1.31535 30.5807
23.4495 -2.04731 19.5584
13.8339 -6.86977 26.7365
24.2232 -0.989857 20.5655
0.166721 -0.288262 5.81514
-0.340923 0.623372 1.29785
3.07391 0.374022 3.40774
1.61981 1.10515 2.21609
1.23134 0.599091 0.94352
0.871764 0.808991 0.316936
-0.154691 0.323327 5.09488
0.64993 0.806702 0.347417
-0.10545 0.773026 0.322672
0.616927 0.764835 0.454938
-0.175976 0.806132 0.253392
0.335884 0.778355 0.386231
0.237414 0.81348 0.295871
-0.839495 0.409583 1.17205
-0.308355 0.905172 0.106839
0.26969 0.0786873 2.82754
0.318307 0.698789 0.615548
-0.0410937 0.83026 0.244209
0.331613 0.635409 0.837935
-0.581032 0.657688 0.974415
0.769874 0.873379 0.157376
20.8254 -3.48841 14.6317
26.7019 -5.63894 10.2589
25.8978 0.505197 22.0992
23.7834 1.16703 14.8349
0.32894 0.702503 0.599228
15.8531 3.15159 13.2056
19.5928 3.22188 15.9344
2.1096 3.98264 14.4666
4.16895 0.342639 10.261
21.8581 -1.78939 4.66806
25.2889 -6.20547 10.2443
26.8533 -6.28848 10.7235
36.3396 -4.43608 2.83969
24.8355 0.613315 22.0367
31.596 -6.30658 6.55479
29.1448 -2.88898 20.4564
24.3673 -5.11664 21.8103
27.2981 -2.00118 10.0322
23.7798 -6.26 12.072
23.4859 -0.827612 14.724
36.9616 -6.85908 -2.50145
1.24349 0.711816 2.90405
-2.92031 -0.517233 7.26938
1.2368 0.703649 2.89393
17.7703 -4.37157 25.2493
11.542 2.70626 15.998
10.8048 2.53339 16.7295
8.91327 0.794675 16.8047
21.212 -5.11643 13.038
0.660865 -7.26302 16.1516
12.4518 -11.7399 24.0413
15.8631 -5.30017 33.4026
20.3709 2.2661 18.8303
3.94765 -1.79103 9.82487
22.4529 -7.45371 14.2192
23.9584 0.484174 23.115
-0.0805048 0.616388 0.775194
0.128008 0.609517 0.817933
0.513219 0.820293 0.404728
-0.146452 0.715221 0.485552
0.860385 0.867813 0.186182
0.512367 0.822549 0.410727
0.723288 0.881589 0.275837
0.672569 0.874187 0.297085
15.3302 -3.09469 9.21942
14.5559 -3.0038 8.95142
-0.0451258 0.646281 0.81142
6.88928 -5.66735 18.1454
1.17366 0.552491 1.19591
25.011 -9.82672 25.3727
24.1538 -3.57685 12.208
23.2369 -9.08742 23.5566
-0.529224 0.603056 1.16124
-1.06654 0.318728 1.30295
24.0344 -6.40841 11.3335
27.0797 5.33304 8.28674
-0.655474 0.537731 0.9745
16.7311 0.328961 13.5148
18.3498 -1.706 7.82156
15.8907 -2.46186 11.7144
20.9919 0.704534 16.6863
-0.514558 0.459035 1.2444
5.56805 2.84032 12.9554
4.06837 2.86662 10.9433
4.93334 0.0428518 11.2422
5.19388 1.05965 12.5327
1.23266 -1.13658 9.03082
14.7959 3.94226 0.117517
22.9467 -2.65985 14.8711
22.4093 -4.19085 14.3626
16.1173 0.681774 12.8344
15.9947 2.02436 12.8078
21.0025 -4.53126 14.5876
23.5867 2.91214 14.5289
24.3586 -7.97111 22.0968
25.1175 -9.16536 21.3367
23.084 -5.51072 24.8169
20.98 -3.0723 16.503
21.9255 -8.01146 18.4073
32.4451 -3.80081 4.92159
17.1495 -1.05985 13.0951
0.0387863 0.631976 0.818363
-0.33807 0.57037 1.05908
-0.335496 0.557719 1.28614
-0.514882 0.389972 2.50429
10.8777 -13.0866 27.1787
0.583973 -3.39209 9.32365
20.5375 -14.4031 25.7158
20.4802 -4.39531 28.4606
13.9891 6.09853 10.8859
5.70788 -2.98201 12.1888
0.775079 -1.26553 8.1536
18.7712 3.80509 15.9155
-1.16491 0.246205 1.69069
0.266891 0.529449 1.01088
-0.817148 0.196788 1.55868
-0.974931 -0.855987 5.9651
13.8489 -6.95182 27.1368
15.2872 -4.48766 29.929
2.56347 -3.18107 9.85646
14.3551 -2.86537 22.9047
15.8919 -5.27591 9.54864
-0.853821 0.736857 0.902366
-0.149826 0.471367 1.80273
-1.02963 0.564547 0.948297
-1.01787 0.504447 1.34509
-0.999657 0.418969 1.27545
0.0422324 0.542997 0.987871
-0.603398 0.275603 1.29229
-0.585716 0.605789 1.03652
0.309744 0.699459 0.597023
0.356878 0.645928 0.748632
1.29523 -2.52424 8.31474
-2.72404 -3.84005 11.5524
7.01088 -5.62283 18.5309
6.91397 -7.04263 22.2218
5.95394 -3.82034 18.1392
7.38502 -1.8622 26.6153
2.59678 -2.41214 21.7063
25.7226 -1.82355 19.5605
26.6025 -2.72443 0.310608
21.0722 0.711338 16.2618
32.4166 -2.72601 -3.5593
